post_id,username,timestamp,platform,text,hashtags,likes,shares,comments,followers_count
POST_00000,user_4705,2026-08-05 11:56:11.189091,Instagram,My team finally won the #Finals! Best day ever!,"#Finals,#SportsEvent,#ChampionshipGame",1018,297,229,60859
POST_00001,user_924,2026-07-19 22:43:11.189091,Reddit,What a thrilling finish to the #Finals! Unbelievable! 🏆🔥 @user_924  https://example.com/link,#SportsEvent,3881,907,568,85057
POST_00002,user_696,2026-07-11 17:41:11.189091,Instagram,"Tickets for #Cinema were expensive, hope it's worth it. https://example.com/link","#Blockbuster,#MovieRelease,#Cinema",1023,148,60,57782
POST_00003,user_552,2026-07-15 01:15:11.189091,Instagram,My team finally won the #Finals! Best day ever! @user_552 ,"#Finals,#ChampionshipGame",932,259,159,9652
POST_00004,user_2458,2026-08-09 21:49:11.189091,Instagram,Going to see #MovieRelease tonight. Hope it's good.,#MovieRelease,1756,362,98,35172
POST_00005,user_633,2026-08-10 00:17:11.189091,Instagram,Worst ending ever. #Blockbuster completely ruined the franchise.,"#Cinema,#MovieRelease,#Blockbuster",3290,1257,843,57655
POST_00006,user_1976,2026-08-10 19:59:11.189091,Twitter,Best #TechLaunch I have ever used. Highly recommend! @user_1976 ,#GadgetReview,2636,670,298,75914
POST_00007,user_4572,2026-08-10 09:21:11.189091,Reddit,The visual effects in #Cinema blew my mind. 10/10. https://example.com/link,"#MovieRelease,#Cinema",3209,972,273,54470
POST_00008,user_4894,2026-08-07 04:20:11.189091,Twitter,Watching the #Finals with friends. Game is tied.,"#ChampionshipGame,#Finals",92,21,14,8223
POST_00009,user_4682,2026-08-05 17:35:11.189091,Instagram,Terrible refereeing ruined the #SportsEvent. Absolutely rigged. 🗑️,"#ChampionshipGame,#Finals,#SportsEvent",1030,150,101,92483
POST_00010,user_2995,2026-07-17 00:27:11.189091,Twitter,Watching #Cinema with my friends this weekend.,"#MovieRelease,#Blockbuster,#Cinema",1665,563,258,45951
POST_00011,user_4879,2026-07-25 20:45:11.189091,Instagram,The plot in #MovieRelease made no sense. Avoid at all costs. https://example.com/link,"#Cinema,#MovieRelease,#Blockbuster",2438,406,273,74675
POST_00012,user_287,2026-07-18 03:41:11.189091,Twitter,Can't stop thinking about that game winning play at the #ChampionshipGame! https://example.com/link,"#Finals,#SportsEvent",1721,456,132,23485
POST_00013,user_2531,2026-08-10 22:47:11.189091,Twitter,Worst performance by my team in the #SportsEvent. Embarrassing. @user_2531  https://example.com/link,"#ChampionshipGame,#Finals,#SportsEvent",344,116,70,28793
POST_00014,user_1621,2026-08-03 04:02:11.189091,Twitter,I was on the edge of my seat during #Cinema!,#MovieRelease,896,329,62,70867
POST_00015,user_1536,2026-07-30 04:57:11.189091,Instagram,I was on the edge of my seat during #Cinema!,"#Cinema,#Blockbuster,#MovieRelease",1928,610,183,22019
POST_00016,user_828,2026-08-08 02:57:11.189091,Instagram,Will wait for the reviews before buying the #GadgetReview device.,"#Smartphone2024,#GadgetReview,#TechLaunch",3109,444,423,83457
POST_00017,user_3396,2026-07-26 22:33:11.189091,Reddit,Just watched the new #Blockbuster. Best movie of the year! 🍿🎬,"#Cinema,#Blockbuster",1476,275,125,34800
POST_00018,user_992,2026-07-18 23:27:11.189091,Instagram,The battery life on this #GadgetReview is a joke. 🗑️,"#TechLaunch,#GadgetReview",1072,245,310,86428
POST_00019,user_4499,2026-07-24 11:34:11.189091,Twitter,Worst performance by my team in the #Finals. Embarrassing.,"#ChampionshipGame,#Finals,#SportsEvent",718,126,189,85969
POST_00020,user_1598,2026-08-04 01:28:11.189091,Twitter,The visual effects in #Blockbuster blew my mind. 10/10.,#MovieRelease,219,68,48,3306
POST_00021,user_1395,2026-07-12 06:59:11.189091,Reddit,Comparing the #Smartphone2024 with other models. @user_1395 ,"#TechLaunch,#GadgetReview",1334,434,102,26920
POST_00022,user_3615,2026-07-17 13:42:11.189091,Twitter,Just saw the specs for the #Smartphone2024 phone. They seem okay.,"#Smartphone2024,#TechLaunch,#GadgetReview",334,70,80,10799
POST_00023,user_4703,2026-08-01 07:55:11.189091,Twitter,The broadcast quality for the #ChampionshipGame is awful. 😡,"#ChampionshipGame,#Finals,#SportsEvent",1645,509,174,95245
POST_00024,user_2079,2026-07-29 20:07:11.189091,Reddit,What a waste of time. #Blockbuster was completely boring. 🥱 https://example.com/link,"#MovieRelease,#Cinema",5460,574,837,67036
POST_00025,user_1477,2026-07-18 06:53:11.189091,Reddit,Finally got my hands on the #Smartphone2024 device. Loving the battery life. 😍,#TechLaunch,2640,1051,191,82857
POST_00026,user_2077,2026-08-10 03:40:11.189091,Reddit,Finally got my hands on the #TechLaunch device. Loving the battery life. 😍,#TechLaunch,6700,2574,644,85694
POST_00027,user_993,2026-07-13 18:19:11.189091,Instagram,Just saw the specs for the #TechLaunch phone. They seem okay.,"#Smartphone2024,#TechLaunch,#GadgetReview",2789,946,228,62740
POST_00028,user_2352,2026-08-06 22:38:11.189091,Instagram,I was on the edge of my seat during #Blockbuster! @user_2352 ,"#MovieRelease,#Cinema,#Blockbuster",662,172,177,26765
POST_00029,user_341,2026-07-12 23:21:11.189091,Reddit,Not worth the upgrade. #Smartphone2024 is just a rehash of last year's model.,"#TechLaunch,#Smartphone2024",553,78,39,25831
POST_00030,user_1107,2026-08-08 12:17:11.189091,Reddit,I was on the edge of my seat during #MovieRelease! @user_1107 ,#MovieRelease,4700,1238,1186,73362
POST_00031,user_3243,2026-08-04 04:33:11.189091,Reddit,I fell asleep halfway through #Blockbuster. @user_3243  https://example.com/link,"#Cinema,#Blockbuster",1717,624,180,43373
POST_00032,user_4366,2026-08-10 17:13:11.189091,Instagram,Just saw the specs for the #GadgetReview phone. They seem okay. https://example.com/link,"#GadgetReview,#TechLaunch",542,140,161,82058
POST_00033,user_126,2026-07-16 11:13:11.189091,Twitter,Can't stop thinking about that game winning play at the #ChampionshipGame! @user_126 ,"#ChampionshipGame,#Finals,#SportsEvent",3124,1181,899,81660
POST_00034,user_3452,2026-07-23 10:34:11.189091,Reddit,Can't believe we lost the #Finals. So heartbroken right now.,"#Finals,#SportsEvent",1831,521,532,47996
POST_00035,user_3557,2026-07-17 23:49:11.189091,Twitter,Best #Smartphone2024 I have ever used. Highly recommend!,"#TechLaunch,#GadgetReview,#Smartphone2024",353,100,75,67952
POST_00036,user_3296,2026-07-15 23:24:11.189091,Reddit,The new #TechLaunch phone is absolutely amazing! The camera is unreal! 📱✨,"#TechLaunch,#GadgetReview",2055,805,359,71299
POST_00037,user_3984,2026-07-12 18:04:11.189091,Reddit,Worst ending ever. #Cinema completely ruined the franchise. https://example.com/link,#MovieRelease,1211,415,247,43575
POST_00038,user_991,2026-08-08 21:35:11.189091,Reddit,Just watched the new #Cinema. Best movie of the year! 🍿🎬,"#Cinema,#Blockbuster,#MovieRelease",273,69,67,18399
POST_00039,user_1570,2026-07-24 07:56:11.189091,Reddit,Worst performance by my team in the #SportsEvent. Embarrassing. @user_1570 ,"#Finals,#SportsEvent",979,167,90,38164
POST_00040,user_2301,2026-07-15 05:11:11.189091,Twitter,"Wow, the screen on the #TechLaunch is stunning. https://example.com/link","#GadgetReview,#Smartphone2024,#TechLaunch",3879,1471,834,69297
POST_00041,user_4831,2026-07-16 21:51:11.189091,Twitter,Just saw the specs for the #TechLaunch phone. They seem okay.,#GadgetReview,1320,498,378,45054
POST_00042,user_3211,2026-07-14 00:37:11.189091,Twitter,Who do you think will win the #SportsEvent? https://example.com/link,"#SportsEvent,#ChampionshipGame",2043,349,347,45664
POST_00043,user_4949,2026-07-12 04:58:11.189091,Reddit,Just watched the new #Blockbuster. Best movie of the year! 🍿🎬,#Cinema,748,294,141,11434
POST_00044,user_4186,2026-07-29 15:05:11.189091,Reddit,The visual effects in #MovieRelease blew my mind. 10/10. @user_4186 ,"#MovieRelease,#Cinema,#Blockbuster",3608,665,991,31358
POST_00045,user_1580,2026-07-28 04:26:11.189091,Twitter,The battery life on this #Smartphone2024 is a joke. 🗑️ @user_1580 ,"#GadgetReview,#Smartphone2024,#TechLaunch",2474,601,692,87214
POST_00046,user_4716,2026-07-26 05:54:11.189091,Twitter,My team finally won the #SportsEvent! Best day ever!,#Finals,6840,1411,1584,89328
POST_00047,user_3567,2026-08-02 08:46:11.189091,Twitter,Incredible display of skill at the #SportsEvent today.,#SportsEvent,2992,665,355,44710
POST_00048,user_1550,2026-07-11 18:23:11.189091,Reddit,Terrible refereeing ruined the #SportsEvent. Absolutely rigged. 🗑️,"#ChampionshipGame,#SportsEvent",3437,739,718,68251
POST_00049,user_1497,2026-07-22 21:41:11.189091,Twitter,Extremely disappointed with the #Smartphone2024 phone. Overheating issues are terrible. 😡 @user_1497 ,#TechLaunch,2243,639,140,24914
POST_00050,user_408,2026-08-07 09:02:11.189091,Reddit,My team finally won the #Finals! Best day ever!,"#Finals,#ChampionshipGame",3212,475,841,56656
POST_00051,user_4580,2026-07-18 23:37:11.189091,Reddit,The plot in #Blockbuster made no sense. Avoid at all costs. @user_4580 ,"#Cinema,#Blockbuster,#MovieRelease",5209,521,1417,57781
POST_00052,user_1362,2026-08-08 12:54:11.189091,Instagram,Not worth the upgrade. #TechLaunch is just a rehash of last year's model. @user_1362 ,#GadgetReview,3275,455,961,93323
POST_00053,user_1414,2026-08-05 16:56:11.189091,Twitter,Can't stop thinking about that game winning play at the #ChampionshipGame!,"#Finals,#SportsEvent",2697,320,347,47588
POST_00054,user_2519,2026-07-22 05:14:11.189091,Reddit,"Tickets for #MovieRelease were expensive, hope it's worth it. @user_2519 ","#Blockbuster,#MovieRelease",1598,211,165,36387
POST_00055,user_1993,2026-08-05 15:38:11.189091,Instagram,The new #Smartphone2024 phone is absolutely amazing! The camera is unreal! 📱✨,#Smartphone2024,4165,887,696,63232
POST_00056,user_4931,2026-08-03 06:17:11.189091,Instagram,Incredible display of skill at the #ChampionshipGame today.,#ChampionshipGame,252,45,70,33334
POST_00057,user_1302,2026-07-26 22:25:11.189091,Instagram,The battery life on this #Smartphone2024 is a joke. 🗑️ https://example.com/link,"#Smartphone2024,#GadgetReview",842,116,122,33119
POST_00058,user_3702,2026-07-13 00:21:11.189091,Reddit,The plot in #Cinema made no sense. Avoid at all costs. @user_3702 ,"#Blockbuster,#MovieRelease",10410,1698,3077,90450
POST_00059,user_1298,2026-07-14 02:15:11.189091,Reddit,Watching #Blockbuster with my friends this weekend.,"#MovieRelease,#Blockbuster,#Cinema",3451,803,429,81933
POST_00060,user_1586,2026-07-19 10:27:11.189091,Instagram,Just saw the specs for the #Smartphone2024 phone. They seem okay.,#Smartphone2024,1030,186,264,38682
POST_00061,user_1212,2026-08-09 18:46:11.189091,Reddit,The battery life on this #TechLaunch is a joke. 🗑️,"#Smartphone2024,#GadgetReview",2092,230,399,48592
POST_00062,user_2075,2026-07-26 13:57:11.189091,Twitter,"Wow, the screen on the #Smartphone2024 is stunning.","#TechLaunch,#Smartphone2024,#GadgetReview",222,88,33,4127
POST_00063,user_1706,2026-07-12 23:01:11.189091,Twitter,The broadcast quality for the #SportsEvent is awful. 😡 https://example.com/link,#Finals,292,60,31,6758
POST_00064,user_3407,2026-08-01 06:09:11.189091,Reddit,Can't believe we lost the #ChampionshipGame. So heartbroken right now.,"#Finals,#SportsEvent",1095,228,298,23761
POST_00065,user_440,2026-07-25 12:02:11.189091,Reddit,The visual effects in #Cinema blew my mind. 10/10. @user_440 ,"#Blockbuster,#MovieRelease",3783,1449,891,51177
POST_00066,user_260,2026-07-20 00:26:11.189091,Twitter,Worst performance by my team in the #Finals. Embarrassing.,#ChampionshipGame,414,84,57,48396
POST_00067,user_4367,2026-07-13 09:26:11.189091,Twitter,The new #TechLaunch phone is absolutely amazing! The camera is unreal! 📱✨ https://example.com/link,"#GadgetReview,#TechLaunch",2136,390,114,29727
POST_00068,user_3713,2026-08-11 10:44:11.189091,Reddit,Will wait for the reviews before buying the #GadgetReview device. @user_3713 ,#GadgetReview,4022,848,518,95593
POST_00069,user_1500,2026-07-21 08:26:11.189091,Instagram,I was on the edge of my seat during #Blockbuster! @user_1500 ,"#Blockbuster,#MovieRelease,#Cinema",2910,984,430,55902
POST_00070,user_4810,2026-07-30 12:53:11.189091,Instagram,I was on the edge of my seat during #MovieRelease!,#Cinema,235,51,56,19273
POST_00071,user_4680,2026-08-10 05:24:11.189091,Instagram,Who do you think will win the #SportsEvent?,#ChampionshipGame,753,188,184,55979
POST_00072,user_2722,2026-08-11 01:26:11.189091,Reddit,What a waste of time. #MovieRelease was completely boring. 🥱,"#Cinema,#Blockbuster",4742,942,936,78791
POST_00073,user_969,2026-07-30 17:16:11.189091,Reddit,Finally got my hands on the #Smartphone2024 device. Loving the battery life. 😍 @user_969 ,"#Smartphone2024,#GadgetReview,#TechLaunch",147,34,18,20195
POST_00074,user_4087,2026-08-04 18:53:11.189091,Twitter,"#Blockbuster had some decent moments, but overall average.",#Blockbuster,1539,445,441,34974
POST_00075,user_1127,2026-07-14 23:08:11.189091,Reddit,Comparing the #TechLaunch with other models. https://example.com/link,"#TechLaunch,#GadgetReview,#Smartphone2024",1122,163,246,29226
POST_00076,user_1067,2026-07-16 09:53:11.189091,Reddit,Can't believe we lost the #Finals. So heartbroken right now.,#SportsEvent,7266,1705,695,60982
POST_00077,user_4514,2026-08-05 09:22:11.189091,Instagram,Worst ending ever. #MovieRelease completely ruined the franchise.,"#MovieRelease,#Blockbuster",9425,993,1444,89848
POST_00078,user_3561,2026-07-30 06:40:11.189091,Twitter,My team finally won the #SportsEvent! Best day ever! https://example.com/link,"#SportsEvent,#ChampionshipGame,#Finals",3873,1324,806,69986
POST_00079,user_4329,2026-07-31 02:00:11.189091,Reddit,Extremely disappointed with the #TechLaunch phone. Overheating issues are terrible. 😡 https://example.com/link,"#Smartphone2024,#TechLaunch,#GadgetReview",306,66,70,7059
POST_00080,user_51,2026-07-25 20:53:11.189091,Twitter,The broadcast quality for the #Finals is awful. 😡,#SportsEvent,5728,716,1093,74013
POST_00081,user_3642,2026-07-19 06:34:11.189091,Instagram,I was on the edge of my seat during #MovieRelease!,#MovieRelease,6280,753,694,69924
POST_00082,user_1477,2026-08-08 00:29:11.189091,Twitter,Incredible performance by the lead actor in #Cinema! A must watch!,"#Blockbuster,#Cinema,#MovieRelease",5566,1895,1357,51138
POST_00083,user_406,2026-07-21 02:31:11.189091,Reddit,The #SportsEvent is pretty competitive this year.,#ChampionshipGame,3541,941,801,90899
POST_00084,user_3185,2026-07-24 02:51:11.189091,Instagram,"Wow, the screen on the #Smartphone2024 is stunning. https://example.com/link",#Smartphone2024,1913,260,324,49241
POST_00085,user_3875,2026-07-31 23:47:11.189091,Twitter,Extremely disappointed with the #GadgetReview phone. Overheating issues are terrible. 😡,#TechLaunch,2012,661,181,59750
POST_00086,user_3271,2026-08-03 12:46:11.189091,Twitter,Extremely disappointed with the #Smartphone2024 phone. Overheating issues are terrible. 😡,"#GadgetReview,#Smartphone2024,#TechLaunch",6351,692,967,96585
POST_00087,user_4389,2026-07-22 07:46:11.189091,Reddit,The new #GadgetReview phone is absolutely amazing! The camera is unreal! 📱✨ https://example.com/link,"#GadgetReview,#TechLaunch,#Smartphone2024",7579,2046,445,86931
POST_00088,user_1901,2026-07-23 13:13:11.189091,Reddit,Watching the #ChampionshipGame with friends. Game is tied.,"#ChampionshipGame,#Finals",2545,329,606,56740
POST_00089,user_1994,2026-08-02 09:15:11.189091,Reddit,My team finally won the #Finals! Best day ever!,"#Finals,#SportsEvent,#ChampionshipGame",2839,943,365,69247
POST_00090,user_3723,2026-07-11 20:37:11.189091,Twitter,I fell asleep halfway through #Blockbuster. @user_3723 ,#Blockbuster,2891,465,202,81569
POST_00091,user_4132,2026-07-29 21:50:11.189091,Twitter,What a waste of time. #Cinema was completely boring. 🥱,#MovieRelease,3438,811,761,98347
POST_00092,user_1540,2026-08-10 03:43:11.189091,Twitter,Will wait for the reviews before buying the #GadgetReview device. https://example.com/link,"#TechLaunch,#Smartphone2024",223,24,51,22190
POST_00093,user_3122,2026-07-19 16:53:11.189091,Twitter,"Wow, the screen on the #TechLaunch is stunning.",#Smartphone2024,202,80,54,3866
POST_00094,user_2823,2026-07-18 22:44:11.189091,Instagram,Incredible performance by the lead actor in #Cinema! A must watch!,#MovieRelease,3569,779,567,52778
POST_00095,user_3932,2026-07-29 03:02:11.189091,Twitter,Not worth the upgrade. #GadgetReview is just a rehash of last year's model. https://example.com/link,#GadgetReview,1972,635,555,46617
POST_00096,user_1868,2026-08-01 10:31:11.189091,Twitter,Watching #Blockbuster with my friends this weekend. @user_1868 ,#MovieRelease,3748,701,1043,76475
POST_00097,user_4006,2026-07-31 13:35:11.189091,Twitter,The broadcast quality for the #ChampionshipGame is awful. 😡,#Finals,706,200,79,20150
POST_00098,user_3357,2026-08-10 11:12:11.189091,Reddit,"#MovieRelease had some decent moments, but overall average. https://example.com/link","#Blockbuster,#Cinema,#MovieRelease",2880,1098,298,63434
POST_00099,user_4032,2026-07-22 00:44:11.189091,Reddit,I fell asleep halfway through #Blockbuster.,"#MovieRelease,#Blockbuster,#Cinema",2278,662,592,39055
POST_00100,user_3795,2026-07-25 15:57:11.189091,Twitter,Can't stop thinking about that game winning play at the #ChampionshipGame!,"#Finals,#ChampionshipGame",1095,337,222,37869
POST_00101,user_1124,2026-07-28 20:13:11.189091,Twitter,I was on the edge of my seat during #MovieRelease! https://example.com/link,"#MovieRelease,#Blockbuster",4196,1214,562,97449
POST_00102,user_2228,2026-07-20 21:52:11.189091,Reddit,Who do you think will win the #ChampionshipGame?,"#SportsEvent,#ChampionshipGame",3015,359,641,94033
POST_00103,user_1250,2026-07-31 02:26:11.189091,Instagram,Who do you think will win the #ChampionshipGame? https://example.com/link,"#Finals,#SportsEvent,#ChampionshipGame",13,1,1,3505
POST_00104,user_3288,2026-08-10 08:16:11.189091,Twitter,Getting snacks ready for the #ChampionshipGame.,"#SportsEvent,#Finals,#ChampionshipGame",973,161,188,37281
POST_00105,user_4145,2026-07-13 16:52:11.189091,Instagram,I was on the edge of my seat during #MovieRelease!,#Blockbuster,2164,223,551,30825
POST_00106,user_3960,2026-07-26 21:22:11.189091,Instagram,Incredible display of skill at the #SportsEvent today.,"#ChampionshipGame,#SportsEvent",169,60,30,11044
POST_00107,user_280,2026-07-23 20:24:11.189091,Instagram,I fell asleep halfway through #MovieRelease. @user_280 ,"#Blockbuster,#MovieRelease",3282,465,623,98342
POST_00108,user_131,2026-07-15 02:32:11.189091,Instagram,Watching #Cinema with my friends this weekend.,"#MovieRelease,#Blockbuster,#Cinema",164,36,23,9937
POST_00109,user_4369,2026-07-12 23:59:11.189091,Twitter,Can't believe we lost the #SportsEvent. So heartbroken right now. @user_4369  https://example.com/link,"#Finals,#ChampionshipGame,#SportsEvent",2594,778,405,51382
POST_00110,user_3972,2026-07-20 16:10:11.189091,Instagram,What a thrilling finish to the #ChampionshipGame! Unbelievable! 🏆🔥,#Finals,2825,937,433,29603
POST_00111,user_2771,2026-07-25 09:01:11.189091,Twitter,Finally got my hands on the #GadgetReview device. Loving the battery life. 😍 @user_2771 ,"#Smartphone2024,#TechLaunch",3345,1147,444,93733
POST_00112,user_3418,2026-07-26 00:04:11.189091,Reddit,What a thrilling finish to the #Finals! Unbelievable! 🏆🔥,"#ChampionshipGame,#Finals",4466,1074,1302,55110
POST_00113,user_3304,2026-08-10 01:43:11.189091,Twitter,Going to see #Cinema tonight. Hope it's good. @user_3304 ,"#Blockbuster,#Cinema,#MovieRelease",817,287,93,35007
POST_00114,user_2600,2026-07-31 09:24:11.189091,Twitter,Incredible display of skill at the #Finals today.,"#Finals,#SportsEvent",1706,409,194,28580
POST_00115,user_597,2026-07-27 04:58:11.189091,Instagram,Watching the #Finals with friends. Game is tied. https://example.com/link,#Finals,972,260,220,77263
POST_00116,user_61,2026-07-24 22:20:11.189091,Instagram,Can't believe we lost the #ChampionshipGame. So heartbroken right now.,#Finals,1249,345,83,26694
POST_00117,user_2211,2026-07-27 07:12:11.189091,Instagram,Incredible performance by the lead actor in #Blockbuster! A must watch! https://example.com/link,"#MovieRelease,#Cinema",5071,1866,1057,52667
POST_00118,user_1390,2026-07-13 02:43:11.189091,Instagram,"#Blockbuster had some decent moments, but overall average.",#MovieRelease,1737,342,505,60261
POST_00119,user_4905,2026-07-22 14:10:11.189091,Twitter,Best #Smartphone2024 I have ever used. Highly recommend!,"#GadgetReview,#Smartphone2024,#TechLaunch",1141,313,314,23200
POST_00120,user_221,2026-07-29 16:04:11.189091,Twitter,Will wait for the reviews before buying the #TechLaunch device. https://example.com/link,"#GadgetReview,#TechLaunch",147,31,14,24862
POST_00121,user_1050,2026-07-13 00:27:11.189091,Instagram,Anyone getting the new #TechLaunch? I can't decide.,"#TechLaunch,#Smartphone2024",473,131,99,32328
POST_00122,user_1668,2026-07-12 21:40:11.189091,Instagram,Finally got my hands on the #TechLaunch device. Loving the battery life. 😍,"#GadgetReview,#TechLaunch",87,31,22,1443
POST_00123,user_4670,2026-07-27 17:17:11.189091,Reddit,The new #Smartphone2024 phone is absolutely amazing! The camera is unreal! 📱✨,"#Smartphone2024,#GadgetReview,#TechLaunch",228,83,59,9307
POST_00124,user_2794,2026-08-05 12:46:11.189091,Reddit,What a thrilling finish to the #Finals! Unbelievable! 🏆🔥 @user_2794  https://example.com/link,"#SportsEvent,#ChampionshipGame,#Finals",2144,388,556,97361
POST_00125,user_3932,2026-07-18 17:34:11.189091,Instagram,Just saw the specs for the #TechLaunch phone. They seem okay. @user_3932  https://example.com/link,"#GadgetReview,#Smartphone2024,#TechLaunch",2499,349,744,74618
POST_00126,user_1051,2026-07-21 16:21:11.189091,Reddit,Will wait for the reviews before buying the #GadgetReview device.,"#TechLaunch,#Smartphone2024",1107,149,187,49962
POST_00127,user_2830,2026-07-20 00:25:11.189091,Instagram,Not worth the upgrade. #GadgetReview is just a rehash of last year's model.,"#GadgetReview,#TechLaunch",2272,853,525,86457
POST_00128,user_3896,2026-08-11 11:50:11.189091,Reddit,The visual effects in #Blockbuster blew my mind. 10/10. https://example.com/link,"#Blockbuster,#MovieRelease",2593,268,730,87070
POST_00129,user_3044,2026-07-25 23:08:11.189091,Twitter,Just watched the new #MovieRelease. Best movie of the year! 🍿🎬,#MovieRelease,359,117,18,9435
POST_00130,user_87,2026-07-31 00:37:11.189091,Twitter,What a waste of time. #MovieRelease was completely boring. 🥱 @user_87 ,#Cinema,6543,1864,1563,97609
POST_00131,user_2127,2026-07-23 00:05:11.189091,Reddit,Best #GadgetReview I have ever used. Highly recommend!,#GadgetReview,267,89,39,80764
POST_00132,user_4032,2026-07-27 22:52:11.189091,Twitter,Getting snacks ready for the #Finals.,"#ChampionshipGame,#SportsEvent,#Finals",1112,391,180,94380
POST_00133,user_3595,2026-08-02 15:30:11.189091,Twitter,Incredible display of skill at the #SportsEvent today.,"#SportsEvent,#Finals,#ChampionshipGame",318,100,22,9587
POST_00134,user_2133,2026-07-18 02:57:11.189091,Twitter,Can't believe we lost the #Finals. So heartbroken right now. @user_2133  https://example.com/link,"#SportsEvent,#Finals,#ChampionshipGame",2479,777,263,38941
POST_00135,user_4035,2026-07-23 12:31:11.189091,Instagram,Terrible customer service when I tried to return my #Smartphone2024. Never again.,#GadgetReview,169,17,12,12575
POST_00136,user_256,2026-07-13 07:45:11.189091,Twitter,Can't believe we lost the #ChampionshipGame. So heartbroken right now.,#Finals,1192,141,210,20545
POST_00137,user_2727,2026-08-02 06:35:11.189091,Twitter,Worst ending ever. #Blockbuster completely ruined the franchise.,"#MovieRelease,#Cinema,#Blockbuster",34,11,8,4010
POST_00138,user_1198,2026-07-15 15:44:11.189091,Instagram,Worst ending ever. #MovieRelease completely ruined the franchise.,"#MovieRelease,#Blockbuster",2198,814,608,20176
POST_00139,user_4706,2026-07-29 16:55:11.189091,Reddit,Can't believe we lost the #Finals. So heartbroken right now. @user_4706 ,"#ChampionshipGame,#Finals",1858,620,404,98112
POST_00140,user_1824,2026-07-25 02:43:11.189091,Twitter,Watching #MovieRelease with my friends this weekend. @user_1824 ,"#MovieRelease,#Cinema,#Blockbuster",122,36,8,24669
POST_00141,user_1342,2026-07-21 16:34:11.189091,Reddit,Worst performance by my team in the #ChampionshipGame. Embarrassing.,"#SportsEvent,#Finals,#ChampionshipGame",2266,890,226,42386
POST_00142,user_2045,2026-07-22 20:46:11.189091,Reddit,The visual effects in #Blockbuster blew my mind. 10/10.,#Blockbuster,398,99,113,89346
POST_00143,user_1057,2026-08-11 12:05:11.189091,Reddit,Extremely disappointed with the #GadgetReview phone. Overheating issues are terrible. 😡,"#TechLaunch,#Smartphone2024",5756,2200,1034,64689
POST_00144,user_3992,2026-07-13 07:27:11.189091,Twitter,Finally got my hands on the #Smartphone2024 device. Loving the battery life. 😍 @user_3992 ,"#Smartphone2024,#GadgetReview,#TechLaunch",3107,365,430,39508
POST_00145,user_4052,2026-07-17 16:16:11.189091,Instagram,Getting snacks ready for the #Finals. https://example.com/link,"#SportsEvent,#ChampionshipGame,#Finals",1536,584,196,72420
POST_00146,user_828,2026-08-05 18:56:11.189091,Reddit,What a waste of time. #Cinema was completely boring. 🥱,#Blockbuster,6313,1618,960,83467
POST_00147,user_3644,2026-07-31 05:12:11.189091,Twitter,Can't believe we lost the #ChampionshipGame. So heartbroken right now.,#SportsEvent,1652,168,363,68574
POST_00148,user_3730,2026-08-07 04:52:11.189091,Reddit,The battery life on this #TechLaunch is a joke. 🗑️ https://example.com/link,"#TechLaunch,#GadgetReview",1273,159,346,29415
POST_00149,user_473,2026-07-25 16:29:11.189091,Instagram,Just watched the new #Blockbuster. Best movie of the year! 🍿🎬,#Cinema,198,41,20,82633
POST_00150,user_418,2026-07-13 22:13:11.189091,Reddit,What a thrilling finish to the #Finals! Unbelievable! 🏆🔥,#Finals,5310,665,379,91766
POST_00151,user_4366,2026-07-14 21:32:11.189091,Reddit,Not worth the upgrade. #Smartphone2024 is just a rehash of last year's model. https://example.com/link,#TechLaunch,1121,328,150,59377
POST_00152,user_2083,2026-08-04 09:31:11.189091,Instagram,Worst ending ever. #MovieRelease completely ruined the franchise.,"#Blockbuster,#MovieRelease,#Cinema",114,40,19,2851
POST_00153,user_4941,2026-08-06 08:21:11.189091,Twitter,Can't stop thinking about that game winning play at the #Finals!,"#Finals,#ChampionshipGame",4159,1392,923,73983
POST_00154,user_3515,2026-07-27 01:41:11.189091,Twitter,The #ChampionshipGame is pretty competitive this year.,"#SportsEvent,#ChampionshipGame",2721,780,281,66333
POST_00155,user_3411,2026-07-29 03:57:11.189091,Reddit,Getting snacks ready for the #SportsEvent.,"#Finals,#ChampionshipGame",3456,679,961,82415
POST_00156,user_4485,2026-07-14 10:15:11.189091,Instagram,I was on the edge of my seat during #Blockbuster! @user_4485 ,"#Cinema,#MovieRelease",841,128,154,9128
POST_00157,user_743,2026-07-18 20:43:11.189091,Instagram,The visual effects in #Cinema blew my mind. 10/10.,#MovieRelease,281,105,74,4306
POST_00158,user_1710,2026-07-31 23:02:11.189091,Instagram,Incredible performance by the lead actor in #MovieRelease! A must watch! https://example.com/link,#MovieRelease,5844,1019,335,84346
POST_00159,user_882,2026-08-05 08:30:11.189091,Instagram,Can't believe we lost the #ChampionshipGame. So heartbroken right now.,#SportsEvent,3909,906,662,57246
POST_00160,user_4443,2026-08-07 12:45:11.189091,Reddit,Just watched the new #Cinema. Best movie of the year! 🍿🎬 https://example.com/link,"#Blockbuster,#Cinema,#MovieRelease",4456,1654,1204,47750
POST_00161,user_4315,2026-07-22 05:16:11.189091,Instagram,Will wait for the reviews before buying the #Smartphone2024 device.,"#TechLaunch,#GadgetReview",4570,1448,393,91545
POST_00162,user_742,2026-08-02 14:34:11.189091,Twitter,Incredible display of skill at the #Finals today.,"#SportsEvent,#ChampionshipGame",2890,505,388,66165
POST_00163,user_3119,2026-07-29 01:04:11.189091,Twitter,Incredible performance by the lead actor in #MovieRelease! A must watch!,"#MovieRelease,#Blockbuster",5147,787,992,73519
POST_00164,user_1661,2026-07-14 05:09:11.189091,Twitter,Terrible customer service when I tried to return my #Smartphone2024. Never again.,"#Smartphone2024,#TechLaunch,#GadgetReview",5704,2161,1563,85859
POST_00165,user_3235,2026-07-14 09:05:11.189091,Twitter,"#MovieRelease had some decent moments, but overall average. https://example.com/link","#Blockbuster,#Cinema,#MovieRelease",1654,236,113,83974
POST_00166,user_980,2026-07-30 10:20:11.189091,Twitter,Worst ending ever. #Cinema completely ruined the franchise. @user_980 ,#MovieRelease,4728,547,670,88177
POST_00167,user_2074,2026-07-31 02:03:11.189091,Instagram,Incredible performance by the lead actor in #Blockbuster! A must watch!,"#MovieRelease,#Blockbuster,#Cinema",805,80,118,49167
POST_00168,user_2649,2026-07-11 20:39:11.189091,Reddit,Worst ending ever. #Blockbuster completely ruined the franchise. @user_2649 ,"#Blockbuster,#MovieRelease,#Cinema",2428,337,138,52873
POST_00169,user_131,2026-07-15 21:37:11.189091,Reddit,Going to see #Cinema tonight. Hope it's good.,"#Blockbuster,#MovieRelease,#Cinema",1484,469,205,82518
POST_00170,user_1142,2026-07-22 22:59:11.189091,Instagram,Getting snacks ready for the #ChampionshipGame. https://example.com/link,"#ChampionshipGame,#Finals,#SportsEvent",141,39,15,14921
POST_00171,user_14,2026-07-20 15:37:11.189091,Reddit,"Wow, the screen on the #Smartphone2024 is stunning. https://example.com/link","#TechLaunch,#Smartphone2024",673,163,80,41850
POST_00172,user_4340,2026-07-18 04:43:11.189091,Twitter,Just watched the new #Blockbuster. Best movie of the year! 🍿🎬,"#Cinema,#Blockbuster",1681,599,380,24217
POST_00173,user_2781,2026-07-18 10:23:11.189091,Reddit,"#MovieRelease had some decent moments, but overall average. https://example.com/link","#Blockbuster,#Cinema,#MovieRelease",732,276,97,27791
POST_00174,user_731,2026-08-10 12:59:11.189091,Instagram,"Tickets for #Blockbuster were expensive, hope it's worth it.",#Blockbuster,208,68,21,8011
POST_00175,user_2542,2026-08-03 00:52:11.189091,Twitter,"#MovieRelease had some decent moments, but overall average.","#Blockbuster,#MovieRelease,#Cinema",294,102,79,15320
POST_00176,user_4780,2026-07-30 08:47:11.189091,Twitter,Worst performance by my team in the #SportsEvent. Embarrassing. @user_4780 ,"#SportsEvent,#ChampionshipGame",81,19,19,41479
POST_00177,user_4959,2026-07-28 05:35:11.189091,Twitter,Terrible refereeing ruined the #ChampionshipGame. Absolutely rigged. 🗑️,#Finals,712,167,63,21190
POST_00178,user_3081,2026-07-22 04:10:11.189091,Instagram,Finally got my hands on the #GadgetReview device. Loving the battery life. 😍,"#Smartphone2024,#TechLaunch,#GadgetReview",294,110,21,7222
POST_00179,user_1584,2026-07-23 13:46:11.189091,Twitter,Worst performance by my team in the #Finals. Embarrassing.,"#Finals,#ChampionshipGame,#SportsEvent",556,113,98,41100
POST_00180,user_2658,2026-07-28 18:49:11.189091,Twitter,Worst ending ever. #Blockbuster completely ruined the franchise. @user_2658 ,"#Blockbuster,#Cinema,#MovieRelease",2249,317,364,53583
POST_00181,user_2693,2026-08-03 01:34:11.189091,Instagram,Can't believe we lost the #ChampionshipGame. So heartbroken right now.,"#Finals,#SportsEvent",3678,588,1038,40120
POST_00182,user_2458,2026-07-21 21:42:11.189091,Instagram,Worst ending ever. #Cinema completely ruined the franchise.,"#MovieRelease,#Cinema",733,228,181,20990
POST_00183,user_378,2026-08-09 06:50:11.189091,Reddit,Getting snacks ready for the #SportsEvent. https://example.com/link,"#ChampionshipGame,#Finals,#SportsEvent",1915,374,124,47207
POST_00184,user_1148,2026-07-25 10:44:11.189091,Instagram,Getting snacks ready for the #ChampionshipGame.,"#Finals,#SportsEvent",549,204,35,95811
POST_00185,user_4000,2026-07-13 02:51:11.189091,Instagram,Best #Smartphone2024 I have ever used. Highly recommend!,"#TechLaunch,#GadgetReview",400,61,77,7764
POST_00186,user_4242,2026-08-04 12:11:11.189091,Instagram,Finally got my hands on the #Smartphone2024 device. Loving the battery life. 😍,#GadgetReview,1304,241,300,12566
POST_00187,user_3606,2026-07-31 05:38:11.189091,Instagram,Just saw the specs for the #GadgetReview phone. They seem okay.,#Smartphone2024,1244,261,297,75009
POST_00188,user_4987,2026-07-13 23:02:11.189091,Instagram,What a thrilling finish to the #ChampionshipGame! Unbelievable! 🏆🔥,"#Finals,#ChampionshipGame",147,46,35,36330
POST_00189,user_3739,2026-08-08 12:58:11.189091,Twitter,What a thrilling finish to the #Finals! Unbelievable! 🏆🔥,#SportsEvent,3106,819,440,34643
POST_00190,user_1720,2026-08-07 12:57:11.189091,Reddit,Best #GadgetReview I have ever used. Highly recommend!,"#Smartphone2024,#TechLaunch",995,227,199,38506
POST_00191,user_3710,2026-08-06 01:50:11.189091,Reddit,Anyone getting the new #GadgetReview? I can't decide.,#GadgetReview,126,30,12,25099
POST_00192,user_605,2026-07-22 23:36:11.189091,Twitter,Watching #Cinema with my friends this weekend.,#Cinema,700,271,80,94985
POST_00193,user_596,2026-07-27 11:37:11.189091,Instagram,Best #GadgetReview I have ever used. Highly recommend!,"#TechLaunch,#GadgetReview,#Smartphone2024",2638,338,325,52686
POST_00194,user_2759,2026-07-24 20:13:11.189091,Reddit,Going to see #MovieRelease tonight. Hope it's good. @user_2759 ,"#Cinema,#Blockbuster,#MovieRelease",935,296,183,53064
POST_00195,user_1139,2026-07-29 17:09:11.189091,Instagram,Watching #Cinema with my friends this weekend. https://example.com/link,"#Cinema,#MovieRelease,#Blockbuster",1098,232,258,38585
POST_00196,user_510,2026-07-28 00:33:11.189091,Instagram,Finally got my hands on the #Smartphone2024 device. Loving the battery life. 😍,#TechLaunch,4544,1071,644,83083
POST_00197,user_3609,2026-08-01 09:46:11.189091,Instagram,The #SportsEvent is pretty competitive this year. https://example.com/link,"#ChampionshipGame,#Finals",855,334,130,30254
POST_00198,user_267,2026-07-20 13:55:11.189091,Twitter,The broadcast quality for the #SportsEvent is awful. 😡 @user_267 ,"#Finals,#SportsEvent",4048,1562,386,57013
POST_00199,user_3932,2026-07-28 23:32:11.189091,Reddit,Terrible refereeing ruined the #ChampionshipGame. Absolutely rigged. 🗑️,#SportsEvent,3483,778,198,55157
POST_00200,user_1344,2026-07-12 18:03:11.189091,Twitter,Incredible display of skill at the #ChampionshipGame today.,#ChampionshipGame,2799,655,818,70942
POST_00201,user_3500,2026-07-31 03:51:11.189091,Twitter,Extremely disappointed with the #GadgetReview phone. Overheating issues are terrible. 😡,#GadgetReview,5984,1815,841,95605
POST_00202,user_703,2026-07-18 05:35:11.189091,Instagram,The battery life on this #Smartphone2024 is a joke. 🗑️ https://example.com/link,#GadgetReview,214,65,45,41271
POST_00203,user_3483,2026-07-14 06:56:11.189091,Instagram,Worst performance by my team in the #ChampionshipGame. Embarrassing.,#Finals,389,104,20,63287
POST_00204,user_2539,2026-07-23 03:36:11.189091,Reddit,"#Blockbuster had some decent moments, but overall average. https://example.com/link",#Cinema,36,11,2,1091
POST_00205,user_2750,2026-08-07 03:17:11.189091,Reddit,I was on the edge of my seat during #Cinema!,"#MovieRelease,#Blockbuster",1270,252,332,39652
POST_00206,user_4080,2026-07-20 22:27:11.189091,Instagram,Worst performance by my team in the #ChampionshipGame. Embarrassing. @user_4080 ,"#SportsEvent,#ChampionshipGame,#Finals",5003,1695,624,63592
POST_00207,user_2466,2026-07-25 23:31:11.189091,Reddit,My team finally won the #Finals! Best day ever!,"#Finals,#SportsEvent,#ChampionshipGame",4792,1308,1433,75020
POST_00208,user_3259,2026-08-02 10:58:11.189091,Reddit,The #Finals is pretty competitive this year.,"#ChampionshipGame,#SportsEvent,#Finals",2345,249,552,52110
POST_00209,user_2990,2026-07-19 11:30:11.189091,Instagram,Just saw the specs for the #Smartphone2024 phone. They seem okay. @user_2990 ,"#GadgetReview,#Smartphone2024",116,38,12,9847
POST_00210,user_4049,2026-07-30 00:36:11.189091,Instagram,Terrible customer service when I tried to return my #Smartphone2024. Never again. https://example.com/link,#Smartphone2024,3103,416,265,65415
POST_00211,user_4768,2026-08-11 07:30:11.189091,Reddit,The battery life on this #TechLaunch is a joke. 🗑️,#TechLaunch,3088,488,682,43487
POST_00212,user_4468,2026-07-20 16:56:11.189091,Reddit,Just saw the specs for the #GadgetReview phone. They seem okay. https://example.com/link,#TechLaunch,284,89,51,9200
POST_00213,user_1083,2026-07-17 16:05:11.189091,Twitter,The new #GadgetReview phone is absolutely amazing! The camera is unreal! 📱✨,"#Smartphone2024,#GadgetReview,#TechLaunch",146,18,20,9817
POST_00214,user_1681,2026-08-04 13:03:11.189091,Reddit,Who do you think will win the #ChampionshipGame?,"#ChampionshipGame,#Finals,#SportsEvent",2897,469,523,79729
POST_00215,user_3438,2026-08-06 22:01:11.189091,Reddit,Anyone getting the new #GadgetReview? I can't decide.,"#Smartphone2024,#GadgetReview,#TechLaunch",2502,467,323,58792
POST_00216,user_4734,2026-07-21 14:19:11.189091,Twitter,Getting snacks ready for the #Finals.,"#SportsEvent,#ChampionshipGame,#Finals",1552,271,171,53588
POST_00217,user_1954,2026-08-05 22:27:11.189091,Instagram,Will wait for the reviews before buying the #Smartphone2024 device.,"#GadgetReview,#Smartphone2024,#TechLaunch",653,76,107,43207
POST_00218,user_2231,2026-07-20 20:53:11.189091,Reddit,The visual effects in #Blockbuster blew my mind. 10/10.,"#MovieRelease,#Cinema",476,122,100,33336
POST_00219,user_1827,2026-08-10 22:03:11.189091,Twitter,The new #TechLaunch phone is absolutely amazing! The camera is unreal! 📱✨,"#TechLaunch,#GadgetReview",2651,529,610,32419
POST_00220,user_4127,2026-08-06 23:26:11.189091,Twitter,What a waste of time. #Cinema was completely boring. 🥱,"#Blockbuster,#MovieRelease",1814,712,298,49419
POST_00221,user_1476,2026-07-23 04:35:11.189091,Twitter,Extremely disappointed with the #GadgetReview phone. Overheating issues are terrible. 😡 https://example.com/link,"#GadgetReview,#Smartphone2024",3509,1316,576,51600
POST_00222,user_262,2026-07-14 15:55:11.189091,Reddit,Will wait for the reviews before buying the #TechLaunch device. @user_262 ,#TechLaunch,69,19,12,2424
POST_00223,user_4974,2026-07-28 17:06:11.189091,Reddit,Not worth the upgrade. #GadgetReview is just a rehash of last year's model.,"#Smartphone2024,#TechLaunch",845,148,242,71385
POST_00224,user_2548,2026-08-04 07:08:11.189091,Instagram,Who do you think will win the #SportsEvent?,#ChampionshipGame,2236,513,576,85854
POST_00225,user_1645,2026-08-01 21:30:11.189091,Reddit,Finally got my hands on the #Smartphone2024 device. Loving the battery life. 😍,"#Smartphone2024,#GadgetReview,#TechLaunch",639,196,46,67627
POST_00226,user_575,2026-07-23 17:57:11.189091,Instagram,Best #GadgetReview I have ever used. Highly recommend! @user_575 ,#GadgetReview,1733,223,366,33807
POST_00227,user_1983,2026-07-17 02:49:11.189091,Reddit,What a waste of time. #MovieRelease was completely boring. 🥱,"#Blockbuster,#Cinema",2163,743,440,35412
POST_00228,user_2312,2026-08-05 02:40:11.189091,Instagram,Can't believe we lost the #Finals. So heartbroken right now.,#ChampionshipGame,4604,1298,429,88186
POST_00229,user_923,2026-07-20 03:04:11.189091,Instagram,Anyone getting the new #GadgetReview? I can't decide.,"#Smartphone2024,#GadgetReview,#TechLaunch",2585,480,772,56422
POST_00230,user_4878,2026-07-18 18:33:11.189091,Twitter,My team finally won the #Finals! Best day ever! https://example.com/link,"#ChampionshipGame,#SportsEvent,#Finals",2123,677,218,77799
POST_00231,user_3697,2026-07-20 13:42:11.189091,Twitter,"Wow, the screen on the #TechLaunch is stunning. @user_3697 ",#Smartphone2024,969,134,226,12150
POST_00232,user_4609,2026-07-26 18:15:11.189091,Reddit,The plot in #Blockbuster made no sense. Avoid at all costs. https://example.com/link,"#Blockbuster,#MovieRelease,#Cinema",259,68,40,5906
POST_00233,user_1978,2026-07-13 18:55:11.189091,Instagram,Worst performance by my team in the #SportsEvent. Embarrassing.,"#Finals,#SportsEvent",870,129,145,93690
POST_00234,user_71,2026-08-01 16:42:11.189091,Reddit,Anyone getting the new #Smartphone2024? I can't decide.,"#TechLaunch,#Smartphone2024,#GadgetReview",2302,554,151,89091
POST_00235,user_2171,2026-08-09 10:38:11.189091,Instagram,Terrible customer service when I tried to return my #Smartphone2024. Never again.,#GadgetReview,1201,379,340,16051
POST_00236,user_1229,2026-07-16 15:47:11.189091,Instagram,"Wow, the screen on the #Smartphone2024 is stunning. @user_1229  https://example.com/link",#TechLaunch,1299,303,125,57032
POST_00237,user_4285,2026-07-13 09:39:11.189091,Reddit,Getting snacks ready for the #Finals. https://example.com/link,"#Finals,#SportsEvent,#ChampionshipGame",1467,538,288,29567
POST_00238,user_980,2026-07-27 14:34:11.189091,Instagram,"Tickets for #Blockbuster were expensive, hope it's worth it.","#MovieRelease,#Cinema",648,128,106,17023
POST_00239,user_565,2026-07-29 11:27:11.189091,Twitter,Who do you think will win the #Finals?,"#ChampionshipGame,#Finals",3024,715,551,66432
POST_00240,user_3037,2026-08-11 14:17:11.189091,Twitter,I fell asleep halfway through #Cinema. @user_3037 ,"#Blockbuster,#Cinema,#MovieRelease",7871,3120,1741,77047
POST_00241,user_4237,2026-07-31 01:28:11.189091,Twitter,Incredible display of skill at the #Finals today.,"#Finals,#ChampionshipGame",3627,682,831,64574
POST_00242,user_4031,2026-08-02 19:27:11.189091,Instagram,The broadcast quality for the #Finals is awful. 😡,#ChampionshipGame,5327,1063,1549,97386
POST_00243,user_143,2026-07-28 13:30:11.189091,Instagram,Terrible customer service when I tried to return my #TechLaunch. Never again. https://example.com/link,"#Smartphone2024,#TechLaunch,#GadgetReview",516,197,144,6688
POST_00244,user_3223,2026-07-19 07:06:11.189091,Instagram,Extremely disappointed with the #TechLaunch phone. Overheating issues are terrible. 😡,"#TechLaunch,#GadgetReview",184,23,20,6702
POST_00245,user_1450,2026-07-31 10:52:11.189091,Instagram,Best #Smartphone2024 I have ever used. Highly recommend! https://example.com/link,#GadgetReview,5846,1440,1595,69332
POST_00246,user_4925,2026-07-23 11:08:11.189091,Instagram,Extremely disappointed with the #TechLaunch phone. Overheating issues are terrible. 😡,#GadgetReview,2290,432,471,84643
POST_00247,user_2134,2026-08-07 03:09:11.189091,Twitter,Watching the #SportsEvent with friends. Game is tied.,"#SportsEvent,#ChampionshipGame,#Finals",238,53,65,14680
POST_00248,user_4330,2026-08-01 19:59:11.189091,Reddit,Terrible refereeing ruined the #ChampionshipGame. Absolutely rigged. 🗑️ https://example.com/link,"#Finals,#SportsEvent,#ChampionshipGame",103,19,15,4080
POST_00249,user_2949,2026-07-23 02:35:11.189091,Reddit,Can't stop thinking about that game winning play at the #SportsEvent! @user_2949 ,"#ChampionshipGame,#Finals",4720,1527,1103,69939
POST_00250,user_4800,2026-07-23 14:55:11.189091,Twitter,Anyone getting the new #Smartphone2024? I can't decide. @user_4800 ,#TechLaunch,913,157,101,39802
POST_00251,user_4754,2026-07-14 09:41:11.189091,Twitter,Can't believe we lost the #SportsEvent. So heartbroken right now.,"#ChampionshipGame,#Finals",3780,1390,797,89653
POST_00252,user_1149,2026-07-17 10:50:11.189091,Twitter,Terrible refereeing ruined the #SportsEvent. Absolutely rigged. 🗑️,#ChampionshipGame,2015,306,449,72663
POST_00253,user_3505,2026-07-28 23:47:11.189091,Twitter,Watching the #Finals with friends. Game is tied.,"#SportsEvent,#ChampionshipGame,#Finals",1149,421,79,70893
POST_00254,user_3558,2026-07-25 07:43:11.189091,Instagram,Not worth the upgrade. #GadgetReview is just a rehash of last year's model.,"#TechLaunch,#Smartphone2024",2453,752,292,94299
POST_00255,user_3976,2026-08-04 17:08:11.189091,Instagram,The battery life on this #Smartphone2024 is a joke. 🗑️,#GadgetReview,578,69,82,7425
POST_00256,user_3213,2026-08-11 02:53:11.189091,Instagram,The new #Smartphone2024 phone is absolutely amazing! The camera is unreal! 📱✨,"#Smartphone2024,#TechLaunch",1616,305,120,58190
POST_00257,user_4503,2026-07-30 11:13:11.189091,Reddit,I was on the edge of my seat during #Cinema!,"#Blockbuster,#Cinema",200,52,47,1678
POST_00258,user_580,2026-07-26 04:13:11.189091,Instagram,Worst performance by my team in the #Finals. Embarrassing. @user_580  https://example.com/link,"#ChampionshipGame,#Finals",3462,1328,641,90417
POST_00259,user_430,2026-08-07 01:31:11.189091,Instagram,Not worth the upgrade. #TechLaunch is just a rehash of last year's model. https://example.com/link,"#Smartphone2024,#GadgetReview,#TechLaunch",2749,786,365,26918
POST_00260,user_3696,2026-07-31 22:11:11.189091,Twitter,Watching #MovieRelease with my friends this weekend.,"#Cinema,#MovieRelease,#Blockbuster",280,89,29,5955
POST_00261,user_4729,2026-07-12 15:43:11.189091,Reddit,Not worth the upgrade. #GadgetReview is just a rehash of last year's model. @user_4729 ,"#TechLaunch,#Smartphone2024",7623,2726,1132,71892
POST_00262,user_16,2026-07-21 07:46:11.189091,Twitter,The visual effects in #MovieRelease blew my mind. 10/10.,"#Blockbuster,#Cinema,#MovieRelease",400,44,43,40922
POST_00263,user_1796,2026-07-17 18:37:11.189091,Instagram,Extremely disappointed with the #Smartphone2024 phone. Overheating issues are terrible. 😡,#TechLaunch,2049,705,153,34143
POST_00264,user_3513,2026-07-31 02:40:11.189091,Twitter,Getting snacks ready for the #SportsEvent.,"#Finals,#SportsEvent,#ChampionshipGame",1513,330,147,67233
POST_00265,user_2276,2026-08-02 08:39:11.189091,Twitter,Watching #Cinema with my friends this weekend. https://example.com/link,"#Blockbuster,#MovieRelease,#Cinema",63,21,6,2236
POST_00266,user_578,2026-08-07 15:28:11.189091,Reddit,Watching #Cinema with my friends this weekend. @user_578 ,#Blockbuster,2020,755,144,74708
POST_00267,user_9,2026-07-23 23:59:11.189091,Instagram,Terrible customer service when I tried to return my #Smartphone2024. Never again.,"#GadgetReview,#Smartphone2024,#TechLaunch",618,175,101,21344
POST_00268,user_2398,2026-07-26 14:42:11.189091,Reddit,Incredible display of skill at the #SportsEvent today. https://example.com/link,#Finals,44,12,12,17663
POST_00269,user_2433,2026-07-16 16:56:11.189091,Reddit,The new #Smartphone2024 phone is absolutely amazing! The camera is unreal! 📱✨ @user_2433 ,#GadgetReview,320,108,71,8978
POST_00270,user_4918,2026-07-12 12:17:11.189091,Instagram,The #SportsEvent is pretty competitive this year. @user_4918 ,"#SportsEvent,#ChampionshipGame,#Finals",2672,613,565,59980
POST_00271,user_2228,2026-08-02 11:53:11.189091,Reddit,Extremely disappointed with the #GadgetReview phone. Overheating issues are terrible. 😡,#Smartphone2024,2418,463,512,75500
POST_00272,user_656,2026-07-12 00:13:11.189091,Instagram,What a waste of time. #Cinema was completely boring. 🥱,"#Cinema,#MovieRelease,#Blockbuster",1645,444,418,69128
POST_00273,user_1555,2026-07-19 21:28:11.189091,Instagram,I was on the edge of my seat during #MovieRelease!,#Blockbuster,4165,1239,1096,92297
POST_00274,user_3131,2026-08-02 23:22:11.189091,Instagram,"#Cinema had some decent moments, but overall average. https://example.com/link","#Blockbuster,#Cinema",1995,227,580,60420
POST_00275,user_2793,2026-07-14 02:11:11.189091,Instagram,"Wow, the screen on the #Smartphone2024 is stunning. @user_2793 ","#TechLaunch,#GadgetReview,#Smartphone2024",1488,338,126,72532
POST_00276,user_3147,2026-07-19 08:02:11.189091,Reddit,The broadcast quality for the #SportsEvent is awful. 😡 @user_3147  https://example.com/link,"#Finals,#ChampionshipGame,#SportsEvent",493,122,121,23247
POST_00277,user_1135,2026-07-23 16:53:11.189091,Twitter,The visual effects in #Cinema blew my mind. 10/10.,"#Blockbuster,#Cinema,#MovieRelease",1121,423,315,14647
POST_00278,user_1642,2026-07-19 22:23:11.189091,Reddit,"Tickets for #MovieRelease were expensive, hope it's worth it. @user_1642 ",#MovieRelease,1150,415,311,86098
POST_00279,user_2421,2026-07-28 08:21:11.189091,Instagram,The new #TechLaunch phone is absolutely amazing! The camera is unreal! 📱✨,#GadgetReview,535,144,50,37962
POST_00280,user_3268,2026-07-22 02:01:11.189091,Instagram,What a thrilling finish to the #ChampionshipGame! Unbelievable! 🏆🔥 https://example.com/link,"#ChampionshipGame,#SportsEvent",2080,706,540,17846
POST_00281,user_3542,2026-07-22 00:56:11.189091,Twitter,Watching #MovieRelease with my friends this weekend. @user_3542  https://example.com/link,#Blockbuster,2541,856,259,63321
POST_00282,user_930,2026-08-11 00:33:11.189091,Reddit,The visual effects in #MovieRelease blew my mind. 10/10. @user_930  https://example.com/link,"#MovieRelease,#Cinema,#Blockbuster",57,9,8,1659
POST_00283,user_2347,2026-07-25 11:58:11.189091,Reddit,The plot in #Blockbuster made no sense. Avoid at all costs. https://example.com/link,"#Blockbuster,#MovieRelease,#Cinema",583,108,87,11946
POST_00284,user_290,2026-08-05 01:18:11.189091,Instagram,The battery life on this #Smartphone2024 is a joke. 🗑️ https://example.com/link,"#TechLaunch,#Smartphone2024",3379,910,273,62707
POST_00285,user_1562,2026-07-12 12:57:11.189091,Twitter,Best #TechLaunch I have ever used. Highly recommend!,#GadgetReview,8675,1637,1625,75507
POST_00286,user_222,2026-08-08 02:07:11.189091,Reddit,The visual effects in #Blockbuster blew my mind. 10/10. https://example.com/link,"#Cinema,#MovieRelease",1551,288,262,51522
POST_00287,user_2224,2026-07-16 09:49:11.189091,Instagram,Not worth the upgrade. #GadgetReview is just a rehash of last year's model.,"#Smartphone2024,#GadgetReview,#TechLaunch",2137,853,388,50210
POST_00288,user_3652,2026-07-23 18:21:11.189091,Reddit,The broadcast quality for the #SportsEvent is awful. 😡,"#SportsEvent,#Finals",2462,905,562,26328
POST_00289,user_3878,2026-07-11 21:45:11.189091,Instagram,Incredible performance by the lead actor in #Cinema! A must watch! @user_3878 ,#Cinema,6167,1713,710,91497
POST_00290,user_2063,2026-08-02 21:35:11.189091,Reddit,Incredible display of skill at the #SportsEvent today.,"#Finals,#SportsEvent",5731,2214,606,66156
POST_00291,user_3638,2026-08-03 07:38:11.189091,Twitter,Who do you think will win the #ChampionshipGame? https://example.com/link,"#ChampionshipGame,#Finals,#SportsEvent",692,133,94,23371
POST_00292,user_3286,2026-07-22 20:01:11.189091,Reddit,Best #Smartphone2024 I have ever used. Highly recommend! https://example.com/link,#GadgetReview,8,1,2,636
POST_00293,user_609,2026-07-26 16:36:11.189091,Instagram,Who do you think will win the #Finals?,"#SportsEvent,#Finals,#ChampionshipGame",351,37,18,97763
POST_00294,user_4893,2026-07-14 13:08:11.189091,Instagram,Just saw the specs for the #Smartphone2024 phone. They seem okay.,#Smartphone2024,3444,631,1007,98742
POST_00295,user_499,2026-08-10 22:17:11.189091,Twitter,Not worth the upgrade. #Smartphone2024 is just a rehash of last year's model.,#GadgetReview,5160,1744,996,84261
POST_00296,user_4633,2026-08-07 16:25:11.189091,Reddit,The new #GadgetReview phone is absolutely amazing! The camera is unreal! 📱✨ @user_4633  https://example.com/link,#TechLaunch,251,63,56,30778
POST_00297,user_4054,2026-07-29 08:44:11.189091,Instagram,"#Cinema had some decent moments, but overall average.","#MovieRelease,#Cinema",505,125,65,25709
POST_00298,user_167,2026-08-11 04:38:11.189091,Instagram,What a waste of time. #Blockbuster was completely boring. 🥱 https://example.com/link,"#Blockbuster,#Cinema",627,215,76,40158
POST_00299,user_4149,2026-08-02 18:59:11.189091,Instagram,Not worth the upgrade. #GadgetReview is just a rehash of last year's model. @user_4149 ,"#GadgetReview,#TechLaunch,#Smartphone2024",10416,3502,2179,97737
POST_00300,user_3848,2026-07-13 00:10:11.189091,Reddit,Incredible display of skill at the #ChampionshipGame today. @user_3848 ,"#SportsEvent,#ChampionshipGame,#Finals",4853,1038,828,80621
POST_00301,user_3089,2026-07-21 07:41:11.189091,Twitter,What a waste of time. #MovieRelease was completely boring. 🥱 @user_3089 ,"#Cinema,#Blockbuster",656,78,98,48470
POST_00302,user_1671,2026-07-28 21:12:11.189091,Instagram,Incredible performance by the lead actor in #Cinema! A must watch! @user_1671  https://example.com/link,"#Cinema,#MovieRelease,#Blockbuster",3497,1350,602,55712
POST_00303,user_310,2026-07-13 01:40:11.189091,Twitter,Will wait for the reviews before buying the #GadgetReview device. @user_310 ,"#Smartphone2024,#GadgetReview",119,26,8,4770
POST_00304,user_4506,2026-08-04 15:35:11.189091,Instagram,Can't stop thinking about that game winning play at the #ChampionshipGame!,"#SportsEvent,#Finals,#ChampionshipGame",4600,1511,688,53033
POST_00305,user_318,2026-08-04 16:58:11.189091,Reddit,The #SportsEvent is pretty competitive this year.,"#SportsEvent,#ChampionshipGame,#Finals",225,26,63,30826
POST_00306,user_2008,2026-08-03 09:20:11.189091,Twitter,The battery life on this #TechLaunch is a joke. 🗑️ @user_2008 ,"#TechLaunch,#GadgetReview",701,202,194,66624
POST_00307,user_585,2026-07-22 05:40:11.189091,Reddit,Watching #Blockbuster with my friends this weekend. https://example.com/link,"#MovieRelease,#Cinema,#Blockbuster",942,197,238,20039
POST_00308,user_897,2026-07-21 03:24:11.189091,Instagram,The battery life on this #TechLaunch is a joke. 🗑️,"#Smartphone2024,#GadgetReview,#TechLaunch",422,75,26,17675
POST_00309,user_28,2026-08-03 10:14:11.189091,Reddit,Can't believe we lost the #SportsEvent. So heartbroken right now.,"#Finals,#SportsEvent,#ChampionshipGame",7274,2517,1907,99093
POST_00310,user_1013,2026-07-22 05:14:11.189091,Twitter,Getting snacks ready for the #Finals. @user_1013 ,"#Finals,#ChampionshipGame",799,83,214,64123
POST_00311,user_3203,2026-07-15 03:03:11.189091,Reddit,The plot in #MovieRelease made no sense. Avoid at all costs. @user_3203 ,#Blockbuster,1327,391,289,44585
POST_00312,user_3555,2026-08-10 23:51:11.189091,Instagram,What a thrilling finish to the #ChampionshipGame! Unbelievable! 🏆🔥,"#SportsEvent,#Finals,#ChampionshipGame",3599,842,947,68886
POST_00313,user_2203,2026-07-17 02:12:11.189091,Instagram,Watching the #ChampionshipGame with friends. Game is tied.,"#SportsEvent,#ChampionshipGame",578,152,73,97104
POST_00314,user_2554,2026-08-05 13:45:11.189091,Instagram,The new #Smartphone2024 phone is absolutely amazing! The camera is unreal! 📱✨ @user_2554 ,#TechLaunch,4520,1461,545,59860
POST_00315,user_4446,2026-07-19 19:31:11.189091,Instagram,Terrible customer service when I tried to return my #GadgetReview. Never again.,#TechLaunch,2005,791,458,36191
POST_00316,user_2738,2026-08-08 23:58:11.189091,Reddit,What a thrilling finish to the #SportsEvent! Unbelievable! 🏆🔥 https://example.com/link,#Finals,10098,1873,1480,88862
POST_00317,user_524,2026-08-10 11:27:11.189091,Instagram,The #Finals is pretty competitive this year. https://example.com/link,#Finals,1846,673,333,38560
POST_00318,user_1364,2026-07-12 05:13:11.189091,Instagram,What a thrilling finish to the #SportsEvent! Unbelievable! 🏆🔥 @user_1364 ,"#ChampionshipGame,#SportsEvent,#Finals",6187,2344,1840,83423
POST_00319,user_3251,2026-07-30 23:22:11.189091,Instagram,Going to see #Cinema tonight. Hope it's good.,"#MovieRelease,#Cinema,#Blockbuster",683,116,64,86854
POST_00320,user_290,2026-07-21 22:22:11.189091,Reddit,I fell asleep halfway through #Cinema.,#Cinema,9262,2168,1424,79135
POST_00321,user_1832,2026-07-17 17:23:11.189091,Reddit,Who do you think will win the #SportsEvent? @user_1832 ,"#SportsEvent,#Finals",1369,293,70,43867
POST_00322,user_640,2026-07-21 00:32:11.189091,Reddit,Worst ending ever. #Blockbuster completely ruined the franchise.,#Cinema,1533,611,190,17020
POST_00323,user_1942,2026-07-22 17:23:11.189091,Instagram,Just watched the new #Cinema. Best movie of the year! 🍿🎬,"#MovieRelease,#Cinema,#Blockbuster",498,108,116,13065
POST_00324,user_4699,2026-07-23 07:04:11.189091,Twitter,Getting snacks ready for the #Finals.,"#ChampionshipGame,#Finals",2515,587,196,61565
POST_00325,user_1838,2026-07-17 11:12:11.189091,Instagram,Anyone getting the new #TechLaunch? I can't decide. @user_1838 ,"#GadgetReview,#TechLaunch",1089,208,308,52505
POST_00326,user_3065,2026-07-29 15:50:11.189091,Instagram,What a thrilling finish to the #SportsEvent! Unbelievable! 🏆🔥 https://example.com/link,"#ChampionshipGame,#SportsEvent,#Finals",2732,1081,434,57667
POST_00327,user_3584,2026-07-24 15:00:11.189091,Instagram,"Tickets for #Blockbuster were expensive, hope it's worth it.","#MovieRelease,#Blockbuster,#Cinema",890,228,122,21316
POST_00328,user_3382,2026-07-29 02:38:11.189091,Reddit,Worst performance by my team in the #Finals. Embarrassing. @user_3382 ,#Finals,4260,448,1058,63508
POST_00329,user_1963,2026-07-28 15:32:11.189091,Twitter,Getting snacks ready for the #Finals.,#Finals,481,173,59,44799
POST_00330,user_2459,2026-07-16 05:23:11.189091,Instagram,Who do you think will win the #Finals? @user_2459 ,"#ChampionshipGame,#SportsEvent,#Finals",3102,509,238,96603
POST_00331,user_520,2026-07-26 19:23:11.189091,Instagram,My team finally won the #ChampionshipGame! Best day ever! @user_520 ,#Finals,1077,265,199,15530
POST_00332,user_2210,2026-08-08 03:25:11.189091,Instagram,Anyone getting the new #Smartphone2024? I can't decide.,#Smartphone2024,614,163,169,25872
POST_00333,user_3290,2026-08-06 20:18:11.189091,Instagram,The #Finals is pretty competitive this year. @user_3290 ,#Finals,1426,402,220,30269
POST_00334,user_1743,2026-07-20 18:48:11.189091,Reddit,Incredible performance by the lead actor in #MovieRelease! A must watch! @user_1743  https://example.com/link,"#Blockbuster,#Cinema,#MovieRelease",5546,1480,566,72772
POST_00335,user_1341,2026-07-13 19:34:11.189091,Twitter,Can't believe we lost the #SportsEvent. So heartbroken right now.,#ChampionshipGame,4551,1223,829,92196
POST_00336,user_2693,2026-07-16 18:13:11.189091,Twitter,Worst performance by my team in the #SportsEvent. Embarrassing. @user_2693 ,"#Finals,#ChampionshipGame",3311,1115,983,52929
POST_00337,user_1096,2026-07-13 12:19:11.189091,Twitter,Extremely disappointed with the #Smartphone2024 phone. Overheating issues are terrible. 😡 @user_1096 ,"#TechLaunch,#Smartphone2024,#GadgetReview",2884,574,490,56041
POST_00338,user_301,2026-07-21 22:25:11.189091,Twitter,Anyone getting the new #TechLaunch? I can't decide.,"#Smartphone2024,#GadgetReview,#TechLaunch",1054,147,247,27498
POST_00339,user_4252,2026-07-20 04:18:11.189091,Reddit,Incredible performance by the lead actor in #Blockbuster! A must watch!,"#Blockbuster,#Cinema",940,163,117,22056
POST_00340,user_450,2026-07-19 14:37:11.189091,Reddit,Can't believe we lost the #ChampionshipGame. So heartbroken right now.,#ChampionshipGame,1345,180,84,88417
POST_00341,user_1487,2026-08-02 12:52:11.189091,Reddit,Not worth the upgrade. #GadgetReview is just a rehash of last year's model. @user_1487 ,"#TechLaunch,#GadgetReview,#Smartphone2024",1076,341,298,12547
POST_00342,user_3333,2026-07-23 22:23:11.189091,Reddit,Watching #MovieRelease with my friends this weekend.,"#MovieRelease,#Cinema",425,51,56,27534
POST_00343,user_458,2026-07-31 19:31:11.189091,Instagram,Incredible performance by the lead actor in #Blockbuster! A must watch! @user_458 ,"#MovieRelease,#Cinema,#Blockbuster",6108,1573,779,98899
POST_00344,user_1838,2026-07-29 16:30:11.189091,Twitter,Extremely disappointed with the #Smartphone2024 phone. Overheating issues are terrible. 😡,"#GadgetReview,#TechLaunch",1156,315,271,31020
POST_00345,user_4872,2026-08-06 04:53:11.189091,Instagram,Extremely disappointed with the #GadgetReview phone. Overheating issues are terrible. 😡,"#GadgetReview,#Smartphone2024,#TechLaunch",1694,534,275,36258
POST_00346,user_2601,2026-08-04 21:32:11.189091,Reddit,What a thrilling finish to the #SportsEvent! Unbelievable! 🏆🔥,#Finals,211,36,50,3338
POST_00347,user_2969,2026-07-18 00:23:11.189091,Instagram,My team finally won the #Finals! Best day ever! https://example.com/link,"#Finals,#ChampionshipGame",5145,1576,777,89054
POST_00348,user_2796,2026-08-07 23:50:11.189091,Twitter,Will wait for the reviews before buying the #GadgetReview device.,#Smartphone2024,3978,1354,701,96160
POST_00349,user_1689,2026-08-08 17:17:11.189091,Instagram,"Tickets for #Blockbuster were expensive, hope it's worth it.","#Cinema,#Blockbuster",289,55,40,40924
POST_00350,user_2692,2026-07-31 22:48:11.189091,Reddit,Terrible refereeing ruined the #SportsEvent. Absolutely rigged. 🗑️,"#ChampionshipGame,#SportsEvent",9513,3594,913,99624
POST_00351,user_4002,2026-07-18 07:44:11.189091,Twitter,"Wow, the screen on the #GadgetReview is stunning.","#Smartphone2024,#TechLaunch",7865,1758,796,99610
POST_00352,user_1728,2026-07-14 04:34:11.189091,Instagram,Not worth the upgrade. #GadgetReview is just a rehash of last year's model.,"#TechLaunch,#Smartphone2024",97,13,6,2299
POST_00353,user_2669,2026-07-31 10:41:11.189091,Twitter,Watching #MovieRelease with my friends this weekend.,"#Blockbuster,#Cinema,#MovieRelease",3839,389,977,79239
POST_00354,user_56,2026-08-01 18:22:11.189091,Instagram,Not worth the upgrade. #Smartphone2024 is just a rehash of last year's model. https://example.com/link,"#Smartphone2024,#GadgetReview,#TechLaunch",433,123,104,18269
POST_00355,user_3269,2026-07-28 08:08:11.189091,Instagram,"Tickets for #Cinema were expensive, hope it's worth it.","#Blockbuster,#MovieRelease,#Cinema",1557,340,141,92048
POST_00356,user_3327,2026-08-05 18:50:11.189091,Instagram,"Tickets for #Blockbuster were expensive, hope it's worth it.",#Blockbuster,1456,505,354,70182
POST_00357,user_4414,2026-07-21 08:07:11.189091,Instagram,Getting snacks ready for the #SportsEvent.,#Finals,129,35,32,24996
POST_00358,user_4304,2026-07-21 08:39:11.189091,Reddit,"#MovieRelease had some decent moments, but overall average. @user_4304 ",#MovieRelease,66,11,14,11755
POST_00359,user_3090,2026-08-05 05:04:11.189091,Reddit,Can't believe we lost the #SportsEvent. So heartbroken right now. @user_3090 ,#ChampionshipGame,1250,243,103,89145
POST_00360,user_2775,2026-08-03 23:05:11.189091,Twitter,The plot in #Cinema made no sense. Avoid at all costs.,#Cinema,84,32,20,10256
POST_00361,user_4256,2026-07-31 14:36:11.189091,Instagram,Who do you think will win the #Finals? @user_4256 ,#Finals,2688,487,719,83450
POST_00362,user_3490,2026-07-18 05:53:11.189091,Reddit,Going to see #Blockbuster tonight. Hope it's good. https://example.com/link,#Cinema,2395,822,504,55516
POST_00363,user_2012,2026-07-13 15:17:11.189091,Instagram,Who do you think will win the #Finals?,#Finals,28,8,2,2234
POST_00364,user_1493,2026-08-08 07:07:11.189091,Instagram,Anyone getting the new #TechLaunch? I can't decide. @user_1493 ,#TechLaunch,292,70,39,10438
POST_00365,user_3175,2026-08-07 11:48:11.189091,Instagram,Worst performance by my team in the #SportsEvent. Embarrassing. https://example.com/link,"#Finals,#ChampionshipGame,#SportsEvent",261,72,55,4505
POST_00366,user_4824,2026-07-20 07:12:11.189091,Reddit,Worst performance by my team in the #Finals. Embarrassing.,"#Finals,#ChampionshipGame",1904,604,370,98702
POST_00367,user_999,2026-07-13 19:23:11.189091,Instagram,My team finally won the #Finals! Best day ever!,"#Finals,#SportsEvent",509,182,133,41697
POST_00368,user_4305,2026-08-07 07:55:11.189091,Instagram,"#MovieRelease had some decent moments, but overall average.","#Cinema,#Blockbuster",1219,181,234,50709
POST_00369,user_1814,2026-07-28 15:31:11.189091,Reddit,Just watched the new #Blockbuster. Best movie of the year! 🍿🎬 https://example.com/link,"#MovieRelease,#Blockbuster,#Cinema",286,102,65,64998
POST_00370,user_1914,2026-08-10 13:40:11.189091,Reddit,Finally got my hands on the #TechLaunch device. Loving the battery life. 😍,"#TechLaunch,#GadgetReview",1077,228,152,22774
POST_00371,user_3294,2026-08-03 02:01:11.189091,Twitter,Just watched the new #Blockbuster. Best movie of the year! 🍿🎬,"#MovieRelease,#Blockbuster",6404,1578,1581,96629
POST_00372,user_1626,2026-07-31 22:55:11.189091,Twitter,Getting snacks ready for the #SportsEvent.,"#Finals,#ChampionshipGame,#SportsEvent",184,57,10,56864
POST_00373,user_324,2026-07-13 04:02:11.189091,Reddit,"Wow, the screen on the #TechLaunch is stunning.","#TechLaunch,#GadgetReview,#Smartphone2024",4007,587,373,41333
POST_00374,user_4418,2026-07-20 16:41:11.189091,Reddit,Worst ending ever. #Cinema completely ruined the franchise.,"#Blockbuster,#Cinema,#MovieRelease",91,14,12,37804
POST_00375,user_42,2026-07-17 20:46:11.189091,Instagram,Incredible performance by the lead actor in #MovieRelease! A must watch!,"#Blockbuster,#Cinema,#MovieRelease",958,144,218,21250
POST_00376,user_4339,2026-08-07 01:13:11.189091,Twitter,"Wow, the screen on the #Smartphone2024 is stunning. https://example.com/link","#TechLaunch,#GadgetReview",2037,427,532,51738
POST_00377,user_1381,2026-07-31 05:51:11.189091,Instagram,Best #Smartphone2024 I have ever used. Highly recommend!,"#Smartphone2024,#GadgetReview,#TechLaunch",2321,795,665,58068
POST_00378,user_3890,2026-07-21 09:01:11.189091,Twitter,Anyone getting the new #Smartphone2024? I can't decide.,"#TechLaunch,#GadgetReview,#Smartphone2024",2845,890,223,74226
POST_00379,user_3343,2026-08-07 19:19:11.189091,Instagram,Anyone getting the new #Smartphone2024? I can't decide.,"#GadgetReview,#TechLaunch,#Smartphone2024",406,141,120,95005
POST_00380,user_1474,2026-07-27 10:19:11.189091,Instagram,Incredible display of skill at the #Finals today. https://example.com/link,#SportsEvent,579,106,165,27959
POST_00381,user_269,2026-07-26 20:46:11.189091,Twitter,The broadcast quality for the #SportsEvent is awful. 😡,"#Finals,#SportsEvent",3086,912,327,41164
POST_00382,user_3967,2026-08-01 13:27:11.189091,Twitter,Watching the #Finals with friends. Game is tied.,"#Finals,#SportsEvent,#ChampionshipGame",110,41,29,2269
POST_00383,user_2160,2026-07-23 17:30:11.189091,Instagram,Anyone getting the new #TechLaunch? I can't decide. @user_2160 ,"#TechLaunch,#Smartphone2024",2405,351,243,89460
POST_00384,user_3809,2026-07-31 07:14:11.189091,Twitter,Incredible display of skill at the #SportsEvent today.,"#ChampionshipGame,#SportsEvent",266,102,42,60403
POST_00385,user_497,2026-07-30 14:34:11.189091,Instagram,Worst performance by my team in the #Finals. Embarrassing. https://example.com/link,"#SportsEvent,#ChampionshipGame,#Finals",1650,464,187,21468
POST_00386,user_995,2026-07-30 14:26:11.189091,Instagram,Just saw the specs for the #GadgetReview phone. They seem okay. https://example.com/link,#TechLaunch,4404,1471,1071,99101
POST_00387,user_4225,2026-07-13 13:02:11.189091,Instagram,I fell asleep halfway through #Cinema.,#Blockbuster,404,129,46,20701
POST_00388,user_2723,2026-07-29 09:44:11.189091,Reddit,Who do you think will win the #ChampionshipGame?,"#SportsEvent,#ChampionshipGame",275,95,50,34065
POST_00389,user_2119,2026-08-03 22:22:11.189091,Reddit,Can't stop thinking about that game winning play at the #SportsEvent!,"#ChampionshipGame,#SportsEvent,#Finals",10,1,2,2977
POST_00390,user_3870,2026-07-31 07:11:11.189091,Twitter,Incredible display of skill at the #SportsEvent today. https://example.com/link,"#ChampionshipGame,#SportsEvent",2904,753,849,99561
POST_00391,user_4744,2026-07-30 10:00:11.189091,Instagram,Worst performance by my team in the #ChampionshipGame. Embarrassing. @user_4744 ,#ChampionshipGame,2508,428,531,69925
POST_00392,user_4362,2026-08-05 02:03:11.189091,Instagram,The broadcast quality for the #Finals is awful. 😡 @user_4362 ,#SportsEvent,3074,760,731,76300
POST_00393,user_221,2026-07-30 18:03:11.189091,Reddit,Watching #MovieRelease with my friends this weekend.,"#MovieRelease,#Cinema",58,14,13,19191
POST_00394,user_1483,2026-07-22 02:42:11.189091,Instagram,Getting snacks ready for the #SportsEvent.,"#Finals,#SportsEvent,#ChampionshipGame",168,56,46,45348
POST_00395,user_377,2026-08-09 09:47:11.189091,Instagram,"Wow, the screen on the #Smartphone2024 is stunning. https://example.com/link",#Smartphone2024,7457,1360,1561,77426
POST_00396,user_3091,2026-07-20 17:14:11.189091,Reddit,Going to see #Cinema tonight. Hope it's good.,"#Cinema,#Blockbuster,#MovieRelease",1744,555,98,69451
POST_00397,user_4218,2026-07-26 11:11:11.189091,Reddit,The visual effects in #MovieRelease blew my mind. 10/10. @user_4218 ,"#Blockbuster,#Cinema,#MovieRelease",363,77,28,17247
POST_00398,user_3590,2026-07-13 01:38:11.189091,Instagram,Watching the #ChampionshipGame with friends. Game is tied. https://example.com/link,"#SportsEvent,#ChampionshipGame,#Finals",468,182,104,11727
POST_00399,user_3867,2026-08-08 15:12:11.189091,Reddit,Can't believe we lost the #SportsEvent. So heartbroken right now. @user_3867 ,"#SportsEvent,#Finals",1603,419,173,75823
POST_00400,user_1577,2026-07-21 13:07:11.189091,Instagram,Best #Smartphone2024 I have ever used. Highly recommend!,"#Smartphone2024,#GadgetReview",649,75,92,24148
POST_00401,user_4962,2026-08-02 16:42:11.189091,Twitter,The plot in #Blockbuster made no sense. Avoid at all costs.,#Cinema,3663,446,823,63477
POST_00402,user_3125,2026-07-24 21:40:11.189091,Instagram,I fell asleep halfway through #Blockbuster.,#Cinema,390,75,27,69208
POST_00403,user_3639,2026-07-30 00:59:11.189091,Instagram,The #Finals is pretty competitive this year.,#ChampionshipGame,92,17,23,36727
POST_00404,user_4693,2026-08-06 08:42:11.189091,Instagram,Incredible performance by the lead actor in #MovieRelease! A must watch!,"#Blockbuster,#Cinema,#MovieRelease",6011,878,1693,80633
POST_00405,user_2508,2026-08-11 07:02:11.189091,Reddit,I was on the edge of my seat during #Blockbuster! @user_2508 ,"#MovieRelease,#Cinema",2334,792,444,71831
POST_00406,user_3141,2026-07-13 16:41:11.189091,Reddit,The plot in #Cinema made no sense. Avoid at all costs. https://example.com/link,"#Cinema,#Blockbuster,#MovieRelease",3208,377,422,90141
POST_00407,user_3167,2026-08-07 16:05:11.189091,Twitter,Can't stop thinking about that game winning play at the #SportsEvent!,"#SportsEvent,#ChampionshipGame,#Finals",135,53,27,4308
POST_00408,user_4971,2026-08-02 12:44:11.189091,Instagram,Best #TechLaunch I have ever used. Highly recommend! @user_4971 ,#GadgetReview,118,40,27,3165
POST_00409,user_3107,2026-07-12 00:04:11.189091,Reddit,The broadcast quality for the #ChampionshipGame is awful. 😡,#Finals,658,93,96,27839
POST_00410,user_4024,2026-07-17 17:55:11.189091,Instagram,The battery life on this #TechLaunch is a joke. 🗑️,"#TechLaunch,#GadgetReview",515,94,72,12456
POST_00411,user_2131,2026-07-18 13:00:11.189091,Twitter,Watching #Blockbuster with my friends this weekend. https://example.com/link,"#MovieRelease,#Cinema,#Blockbuster",2737,832,368,63851
POST_00412,user_2130,2026-07-14 04:45:11.189091,Instagram,Getting snacks ready for the #SportsEvent. @user_2130 ,"#Finals,#SportsEvent,#ChampionshipGame",677,143,79,19087
POST_00413,user_2679,2026-08-05 12:52:11.189091,Instagram,Just saw the specs for the #TechLaunch phone. They seem okay.,"#TechLaunch,#GadgetReview",718,227,125,37297
POST_00414,user_2013,2026-08-03 14:38:11.189091,Reddit,What a waste of time. #MovieRelease was completely boring. 🥱 https://example.com/link,#MovieRelease,1599,514,463,41560
POST_00415,user_3531,2026-08-02 12:11:11.189091,Twitter,Watching #Cinema with my friends this weekend.,"#MovieRelease,#Blockbuster",509,118,124,31256
POST_00416,user_3288,2026-08-08 11:10:11.189091,Twitter,The new #Smartphone2024 phone is absolutely amazing! The camera is unreal! 📱✨ @user_3288 ,#Smartphone2024,972,199,105,19605
POST_00417,user_504,2026-08-03 09:08:11.189091,Twitter,Incredible display of skill at the #ChampionshipGame today.,"#Finals,#SportsEvent",1225,443,215,25398
POST_00418,user_2720,2026-08-06 10:30:11.189091,Instagram,Terrible refereeing ruined the #ChampionshipGame. Absolutely rigged. 🗑️,#ChampionshipGame,10005,2920,2239,97108
POST_00419,user_2183,2026-08-08 02:50:11.189091,Reddit,Watching #Blockbuster with my friends this weekend. @user_2183 ,"#Blockbuster,#MovieRelease",741,157,173,91723
POST_00420,user_4796,2026-07-12 17:31:11.189091,Instagram,The #Finals is pretty competitive this year. https://example.com/link,#Finals,2019,637,142,74626
POST_00421,user_3203,2026-07-19 07:24:11.189091,Twitter,My team finally won the #Finals! Best day ever!,"#SportsEvent,#Finals,#ChampionshipGame",5365,1938,1575,56269
POST_00422,user_2581,2026-07-19 12:56:11.189091,Twitter,My team finally won the #SportsEvent! Best day ever!,"#ChampionshipGame,#SportsEvent,#Finals",163,61,19,13971
POST_00423,user_4170,2026-08-09 03:00:11.189091,Instagram,Not worth the upgrade. #TechLaunch is just a rehash of last year's model.,#TechLaunch,497,52,129,22217
POST_00424,user_381,2026-07-28 07:35:11.189091,Reddit,Can't stop thinking about that game winning play at the #ChampionshipGame!,"#ChampionshipGame,#Finals",528,56,75,24646
POST_00425,user_2475,2026-07-29 14:46:11.189091,Twitter,My team finally won the #ChampionshipGame! Best day ever!,"#ChampionshipGame,#SportsEvent",2092,355,196,34296
POST_00426,user_1534,2026-07-29 22:58:11.189091,Twitter,Will wait for the reviews before buying the #GadgetReview device.,"#TechLaunch,#Smartphone2024,#GadgetReview",1647,483,398,81935
POST_00427,user_1570,2026-07-28 07:12:11.189091,Reddit,The new #TechLaunch phone is absolutely amazing! The camera is unreal! 📱✨ https://example.com/link,#TechLaunch,465,52,124,25845
POST_00428,user_3083,2026-07-24 10:59:11.189091,Twitter,Will wait for the reviews before buying the #TechLaunch device. @user_3083 ,"#Smartphone2024,#TechLaunch",3102,1114,303,95163
POST_00429,user_1242,2026-08-09 20:30:11.189091,Reddit,Incredible performance by the lead actor in #Cinema! A must watch! @user_1242 ,#Cinema,1895,604,338,32792
POST_00430,user_740,2026-08-01 22:39:11.189091,Reddit,The new #GadgetReview phone is absolutely amazing! The camera is unreal! 📱✨,"#GadgetReview,#Smartphone2024,#TechLaunch",1183,452,266,70778
POST_00431,user_2940,2026-07-16 23:43:11.189091,Reddit,Terrible refereeing ruined the #Finals. Absolutely rigged. 🗑️,"#SportsEvent,#ChampionshipGame",180,39,48,2224
POST_00432,user_3341,2026-07-29 05:16:11.189091,Reddit,My team finally won the #ChampionshipGame! Best day ever!,#Finals,733,108,196,77633
POST_00433,user_4794,2026-07-13 12:57:11.189091,Reddit,"#Cinema had some decent moments, but overall average.","#Cinema,#Blockbuster",2528,765,452,51589
POST_00434,user_3969,2026-07-14 18:04:11.189091,Instagram,Worst ending ever. #MovieRelease completely ruined the franchise.,#Blockbuster,206,80,49,78553
POST_00435,user_2270,2026-08-05 13:17:11.189091,Reddit,"Tickets for #Blockbuster were expensive, hope it's worth it.","#Cinema,#Blockbuster",3013,1113,700,61166
POST_00436,user_3161,2026-07-13 08:42:11.189091,Twitter,What a waste of time. #Blockbuster was completely boring. 🥱,"#Blockbuster,#MovieRelease,#Cinema",308,114,72,55974
POST_00437,user_3543,2026-08-04 07:28:11.189091,Twitter,Terrible refereeing ruined the #SportsEvent. Absolutely rigged. 🗑️,"#SportsEvent,#ChampionshipGame,#Finals",1048,108,144,46979
POST_00438,user_684,2026-07-29 17:05:11.189091,Reddit,Watching the #Finals with friends. Game is tied. @user_684  https://example.com/link,"#ChampionshipGame,#SportsEvent,#Finals",2933,424,268,87075
POST_00439,user_406,2026-07-19 20:28:11.189091,Reddit,Incredible display of skill at the #Finals today.,"#SportsEvent,#Finals,#ChampionshipGame",47,16,10,11531
POST_00440,user_3468,2026-07-16 10:54:11.189091,Instagram,"Wow, the screen on the #GadgetReview is stunning. @user_3468  https://example.com/link","#TechLaunch,#GadgetReview,#Smartphone2024",954,188,239,44209
POST_00441,user_3268,2026-07-12 10:52:11.189091,Instagram,The broadcast quality for the #ChampionshipGame is awful. 😡,#Finals,815,202,150,51820
POST_00442,user_4878,2026-08-04 02:17:11.189091,Reddit,The visual effects in #Cinema blew my mind. 10/10.,"#Blockbuster,#MovieRelease,#Cinema",189,27,20,2732
POST_00443,user_4273,2026-07-31 09:23:11.189091,Instagram,Not worth the upgrade. #TechLaunch is just a rehash of last year's model.,#Smartphone2024,2227,315,128,37699
POST_00444,user_20,2026-07-15 06:44:11.189091,Twitter,Anyone getting the new #Smartphone2024? I can't decide.,"#TechLaunch,#GadgetReview",79,8,13,39185
POST_00445,user_753,2026-08-04 13:16:11.189091,Instagram,Going to see #MovieRelease tonight. Hope it's good. @user_753  https://example.com/link,"#Cinema,#Blockbuster",3903,1506,219,79104
POST_00446,user_821,2026-08-09 06:04:11.189091,Instagram,Getting snacks ready for the #ChampionshipGame.,#Finals,659,209,107,69486
POST_00447,user_4524,2026-07-30 10:14:11.189091,Reddit,Worst performance by my team in the #ChampionshipGame. Embarrassing.,"#SportsEvent,#ChampionshipGame,#Finals",1322,198,213,99635
POST_00448,user_2146,2026-07-12 19:41:11.189091,Reddit,Terrible customer service when I tried to return my #Smartphone2024. Never again.,"#Smartphone2024,#TechLaunch,#GadgetReview",1083,248,145,26900
POST_00449,user_3129,2026-07-30 17:00:11.189091,Instagram,The #Finals is pretty competitive this year.,#Finals,34,11,8,939
POST_00450,user_1277,2026-07-16 03:50:11.189091,Twitter,Getting snacks ready for the #Finals.,#Finals,478,95,119,19291
POST_00451,user_4638,2026-08-11 12:12:11.189091,Reddit,Watching the #ChampionshipGame with friends. Game is tied. @user_4638 ,"#ChampionshipGame,#Finals",1180,121,152,39722
POST_00452,user_2722,2026-08-04 20:46:11.189091,Reddit,Best #GadgetReview I have ever used. Highly recommend!,"#Smartphone2024,#GadgetReview",2104,783,478,38090
POST_00453,user_2765,2026-07-27 21:18:11.189091,Reddit,Watching the #ChampionshipGame with friends. Game is tied. @user_2765 ,#ChampionshipGame,454,167,102,75177
POST_00454,user_2278,2026-07-16 18:17:11.189091,Instagram,"#Blockbuster had some decent moments, but overall average.","#Blockbuster,#Cinema",165,50,44,64878
POST_00455,user_3671,2026-07-13 19:49:11.189091,Instagram,Finally got my hands on the #TechLaunch device. Loving the battery life. 😍,"#GadgetReview,#TechLaunch",2653,266,416,86907
POST_00456,user_370,2026-07-24 07:49:11.189091,Instagram,Going to see #Cinema tonight. Hope it's good. @user_370 ,"#Blockbuster,#MovieRelease",670,176,112,42892
POST_00457,user_120,2026-07-13 01:16:11.189091,Instagram,Getting snacks ready for the #Finals. @user_120 ,"#ChampionshipGame,#SportsEvent",1375,200,277,28985
POST_00458,user_3140,2026-07-30 06:12:11.189091,Instagram,Terrible refereeing ruined the #ChampionshipGame. Absolutely rigged. 🗑️,#SportsEvent,101,38,26,35675
POST_00459,user_2065,2026-07-12 19:52:11.189091,Reddit,Worst performance by my team in the #ChampionshipGame. Embarrassing. @user_2065 ,"#SportsEvent,#ChampionshipGame",5977,1634,341,72576
POST_00460,user_116,2026-07-18 00:22:11.189091,Twitter,"#Blockbuster had some decent moments, but overall average. @user_116  https://example.com/link","#MovieRelease,#Blockbuster",61,19,15,28539
POST_00461,user_3616,2026-07-19 23:54:11.189091,Twitter,Incredible display of skill at the #Finals today. https://example.com/link,#ChampionshipGame,2348,810,596,45880
POST_00462,user_1968,2026-07-12 09:36:11.189091,Reddit,Extremely disappointed with the #TechLaunch phone. Overheating issues are terrible. 😡,"#GadgetReview,#TechLaunch",2104,626,343,47533
POST_00463,user_2769,2026-08-05 02:18:11.189091,Instagram,Just watched the new #MovieRelease. Best movie of the year! 🍿🎬 https://example.com/link,#Cinema,1791,499,432,41588
POST_00464,user_2251,2026-08-07 09:29:11.189091,Twitter,Going to see #Blockbuster tonight. Hope it's good.,"#Blockbuster,#Cinema,#MovieRelease",1237,449,104,26127
POST_00465,user_3756,2026-07-29 02:53:11.189091,Twitter,Worst ending ever. #Blockbuster completely ruined the franchise.,#Cinema,34,8,8,17611
POST_00466,user_621,2026-07-23 19:42:11.189091,Twitter,The broadcast quality for the #SportsEvent is awful. 😡 https://example.com/link,"#Finals,#SportsEvent",1341,176,331,29394
POST_00467,user_487,2026-07-26 19:02:11.189091,Reddit,I fell asleep halfway through #Cinema. @user_487 ,#Cinema,79,15,20,25515
POST_00468,user_1356,2026-08-03 14:58:11.189091,Instagram,"Wow, the screen on the #GadgetReview is stunning. https://example.com/link","#TechLaunch,#GadgetReview",1616,234,252,31904
POST_00469,user_889,2026-08-09 15:41:11.189091,Reddit,What a thrilling finish to the #ChampionshipGame! Unbelievable! 🏆🔥 @user_889  https://example.com/link,"#ChampionshipGame,#Finals",5050,844,537,63033
POST_00470,user_2266,2026-08-10 06:40:11.189091,Twitter,Worst performance by my team in the #SportsEvent. Embarrassing.,#Finals,6100,1805,1195,93479
POST_00471,user_1572,2026-07-28 10:56:11.189091,Twitter,Incredible display of skill at the #Finals today.,"#SportsEvent,#Finals,#ChampionshipGame",1173,324,315,62507
POST_00472,user_1131,2026-07-13 05:03:11.189091,Twitter,I was on the edge of my seat during #Blockbuster! @user_1131  https://example.com/link,"#Blockbuster,#MovieRelease,#Cinema",2633,681,514,95636
POST_00473,user_2056,2026-08-04 03:47:11.189091,Reddit,Just saw the specs for the #Smartphone2024 phone. They seem okay.,"#GadgetReview,#TechLaunch,#Smartphone2024",621,183,68,18930
POST_00474,user_2277,2026-08-02 15:33:11.189091,Instagram,Finally got my hands on the #Smartphone2024 device. Loving the battery life. 😍,"#GadgetReview,#Smartphone2024",1063,242,114,35323
POST_00475,user_3640,2026-07-29 14:34:11.189091,Instagram,"Wow, the screen on the #TechLaunch is stunning.","#Smartphone2024,#TechLaunch",3435,1062,334,40551
POST_00476,user_3574,2026-08-01 12:10:11.189091,Reddit,Can't stop thinking about that game winning play at the #SportsEvent!,"#SportsEvent,#ChampionshipGame,#Finals",8023,1214,967,85877
POST_00477,user_518,2026-07-19 07:03:11.189091,Instagram,The #Finals is pretty competitive this year.,"#Finals,#ChampionshipGame,#SportsEvent",1333,324,164,55764
POST_00478,user_2321,2026-07-11 18:14:11.189091,Twitter,Finally got my hands on the #Smartphone2024 device. Loving the battery life. 😍,"#GadgetReview,#Smartphone2024,#TechLaunch",2936,914,788,88823
POST_00479,user_2303,2026-08-01 01:23:11.189091,Twitter,Not worth the upgrade. #GadgetReview is just a rehash of last year's model.,#GadgetReview,394,108,48,5738
POST_00480,user_3143,2026-08-01 19:35:11.189091,Twitter,Watching the #SportsEvent with friends. Game is tied.,#Finals,2588,982,656,96502
POST_00481,user_2333,2026-08-10 08:52:11.189091,Twitter,Can't stop thinking about that game winning play at the #Finals!,"#Finals,#SportsEvent",1948,214,361,36902
POST_00482,user_1452,2026-08-03 02:17:11.189091,Instagram,Just saw the specs for the #Smartphone2024 phone. They seem okay.,"#TechLaunch,#GadgetReview,#Smartphone2024",1248,317,63,25058
POST_00483,user_3527,2026-08-03 21:01:11.189091,Reddit,Going to see #Cinema tonight. Hope it's good.,#Cinema,775,287,139,59498
POST_00484,user_1647,2026-07-25 07:21:11.189091,Instagram,Worst performance by my team in the #SportsEvent. Embarrassing. @user_1647 ,"#ChampionshipGame,#Finals",2723,798,732,95563
POST_00485,user_4802,2026-08-02 14:23:11.189091,Instagram,The battery life on this #TechLaunch is a joke. 🗑️,"#TechLaunch,#Smartphone2024",38,6,5,5532
POST_00486,user_2296,2026-07-15 01:28:11.189091,Reddit,Finally got my hands on the #GadgetReview device. Loving the battery life. 😍,#TechLaunch,240,30,51,14204
POST_00487,user_4888,2026-07-30 15:24:11.189091,Instagram,Terrible refereeing ruined the #SportsEvent. Absolutely rigged. 🗑️,"#Finals,#ChampionshipGame,#SportsEvent",3052,365,307,56943
POST_00488,user_1136,2026-08-06 09:42:11.189091,Twitter,Who do you think will win the #SportsEvent?,"#SportsEvent,#Finals",4069,1209,1020,84611
POST_00489,user_4842,2026-08-01 17:21:11.189091,Twitter,Getting snacks ready for the #ChampionshipGame. @user_4842 ,"#Finals,#ChampionshipGame",192,27,20,60175
POST_00490,user_2060,2026-08-10 21:30:11.189091,Instagram,Extremely disappointed with the #TechLaunch phone. Overheating issues are terrible. 😡,#Smartphone2024,5102,599,1128,60372
POST_00491,user_3273,2026-07-18 09:48:11.189091,Reddit,Terrible customer service when I tried to return my #Smartphone2024. Never again.,#TechLaunch,7501,2155,727,93894
POST_00492,user_2143,2026-07-31 02:38:11.189091,Instagram,Best #Smartphone2024 I have ever used. Highly recommend!,"#GadgetReview,#TechLaunch",891,195,208,81637
POST_00493,user_3543,2026-07-21 19:04:11.189091,Reddit,Terrible customer service when I tried to return my #GadgetReview. Never again.,"#GadgetReview,#Smartphone2024,#TechLaunch",4983,1057,1155,62499
POST_00494,user_662,2026-07-30 10:10:11.189091,Instagram,Not worth the upgrade. #GadgetReview is just a rehash of last year's model.,#GadgetReview,522,162,57,9202
POST_00495,user_924,2026-07-29 17:36:11.189091,Reddit,Incredible display of skill at the #ChampionshipGame today.,"#Finals,#ChampionshipGame,#SportsEvent",389,112,60,72929
POST_00496,user_2609,2026-07-19 13:13:11.189091,Reddit,Worst performance by my team in the #ChampionshipGame. Embarrassing.,"#ChampionshipGame,#Finals,#SportsEvent",965,283,99,19747
POST_00497,user_2134,2026-07-28 18:54:11.189091,Reddit,Can't believe we lost the #SportsEvent. So heartbroken right now. @user_2134 ,"#SportsEvent,#Finals,#ChampionshipGame",390,44,75,42862
POST_00498,user_4305,2026-07-22 10:37:11.189091,Twitter,What a thrilling finish to the #Finals! Unbelievable! 🏆🔥,"#SportsEvent,#Finals,#ChampionshipGame",508,160,147,9922
POST_00499,user_1693,2026-07-15 14:21:11.189091,Twitter,Anyone getting the new #TechLaunch? I can't decide.,#GadgetReview,660,260,178,83780
POST_00500,user_3352,2026-08-02 11:17:11.189091,Twitter,Just saw the specs for the #Smartphone2024 phone. They seem okay. https://example.com/link,#TechLaunch,730,237,49,36822
POST_00501,user_236,2026-07-21 05:59:11.189091,Reddit,Terrible refereeing ruined the #ChampionshipGame. Absolutely rigged. 🗑️,#SportsEvent,16,3,3,608
POST_00502,user_3157,2026-07-20 20:47:11.189091,Twitter,Can't stop thinking about that game winning play at the #SportsEvent! @user_3157 ,"#ChampionshipGame,#SportsEvent,#Finals",3101,853,495,54024
POST_00503,user_2447,2026-07-17 12:26:11.189091,Reddit,Extremely disappointed with the #TechLaunch phone. Overheating issues are terrible. 😡,"#GadgetReview,#Smartphone2024",5067,1791,1308,67782
POST_00504,user_4638,2026-08-05 12:52:11.189091,Reddit,What a waste of time. #Cinema was completely boring. 🥱 https://example.com/link,"#MovieRelease,#Blockbuster,#Cinema",2874,564,278,40964
POST_00505,user_2468,2026-08-01 21:40:11.189091,Twitter,The visual effects in #Cinema blew my mind. 10/10.,#MovieRelease,449,177,91,15988
POST_00506,user_177,2026-07-26 22:19:11.189091,Instagram,The #Finals is pretty competitive this year. https://example.com/link,#ChampionshipGame,2532,773,422,77168
POST_00507,user_2679,2026-07-18 16:43:11.189091,Instagram,Terrible customer service when I tried to return my #Smartphone2024. Never again. https://example.com/link,"#Smartphone2024,#GadgetReview,#TechLaunch",5594,1144,1057,93886
POST_00508,user_4244,2026-07-22 23:11:11.189091,Instagram,Extremely disappointed with the #GadgetReview phone. Overheating issues are terrible. 😡 @user_4244 ,#TechLaunch,199,30,12,35515
POST_00509,user_4272,2026-08-02 08:13:11.189091,Twitter,"Wow, the screen on the #Smartphone2024 is stunning. https://example.com/link","#TechLaunch,#GadgetReview",984,127,182,90733
POST_00510,user_4420,2026-07-12 01:04:11.189091,Reddit,The #SportsEvent is pretty competitive this year.,#Finals,2020,598,373,89055
POST_00511,user_2498,2026-08-10 18:42:11.189091,Twitter,The broadcast quality for the #Finals is awful. 😡,"#ChampionshipGame,#SportsEvent",1775,307,277,58560
POST_00512,user_4379,2026-07-27 21:52:11.189091,Reddit,Anyone getting the new #GadgetReview? I can't decide. @user_4379 ,#Smartphone2024,2914,557,473,81550
POST_00513,user_4842,2026-08-03 20:51:11.189091,Twitter,Anyone getting the new #Smartphone2024? I can't decide. https://example.com/link,#GadgetReview,3606,852,820,88084
POST_00514,user_1090,2026-07-29 16:01:11.189091,Instagram,Terrible refereeing ruined the #ChampionshipGame. Absolutely rigged. 🗑️,"#Finals,#ChampionshipGame",200,48,47,14269
POST_00515,user_2783,2026-07-27 13:28:11.189091,Twitter,Incredible performance by the lead actor in #Cinema! A must watch!,"#MovieRelease,#Cinema",6241,2424,407,65566
POST_00516,user_2027,2026-07-13 19:15:11.189091,Twitter,Worst performance by my team in the #SportsEvent. Embarrassing.,#SportsEvent,0,0,0,83
POST_00517,user_3993,2026-07-31 08:27:11.189091,Reddit,Terrible customer service when I tried to return my #TechLaunch. Never again.,"#GadgetReview,#Smartphone2024,#TechLaunch",2193,305,537,64392
POST_00518,user_4785,2026-07-23 02:11:11.189091,Instagram,Best #TechLaunch I have ever used. Highly recommend!,#GadgetReview,193,50,31,8634
POST_00519,user_2209,2026-07-28 12:23:11.189091,Instagram,The battery life on this #Smartphone2024 is a joke. 🗑️,"#GadgetReview,#TechLaunch",1676,470,368,34320
POST_00520,user_1927,2026-07-16 01:31:11.189091,Reddit,The broadcast quality for the #Finals is awful. 😡,#Finals,4432,884,1005,55079
POST_00521,user_2692,2026-07-15 10:54:11.189091,Twitter,The #SportsEvent is pretty competitive this year.,#SportsEvent,780,305,95,41134
POST_00522,user_4855,2026-07-20 04:22:11.189091,Twitter,Terrible customer service when I tried to return my #Smartphone2024. Never again.,#TechLaunch,1282,346,153,19877
POST_00523,user_257,2026-08-05 03:57:11.189091,Twitter,Watching #Cinema with my friends this weekend.,"#Cinema,#Blockbuster",278,33,49,10505
POST_00524,user_593,2026-07-31 22:21:11.189091,Instagram,Not worth the upgrade. #TechLaunch is just a rehash of last year's model.,"#Smartphone2024,#GadgetReview,#TechLaunch",4178,1459,1175,62589
POST_00525,user_2260,2026-08-05 09:49:11.189091,Reddit,Will wait for the reviews before buying the #Smartphone2024 device.,"#TechLaunch,#GadgetReview",136,44,21,24635
POST_00526,user_1222,2026-08-10 07:10:11.189091,Reddit,Terrible customer service when I tried to return my #GadgetReview. Never again.,"#Smartphone2024,#TechLaunch",348,136,34,6990
POST_00527,user_2060,2026-07-29 10:47:11.189091,Reddit,The plot in #Blockbuster made no sense. Avoid at all costs.,"#MovieRelease,#Cinema",3414,1037,582,51378
POST_00528,user_4081,2026-08-05 16:08:11.189091,Twitter,Who do you think will win the #ChampionshipGame?,"#ChampionshipGame,#Finals,#SportsEvent",1618,332,394,75207
POST_00529,user_2198,2026-08-03 13:10:11.189091,Twitter,I fell asleep halfway through #MovieRelease.,#Blockbuster,323,47,77,85372
POST_00530,user_1035,2026-08-03 01:54:11.189091,Reddit,Incredible performance by the lead actor in #Blockbuster! A must watch!,"#MovieRelease,#Cinema,#Blockbuster",2382,525,616,32984
POST_00531,user_3612,2026-07-20 19:19:11.189091,Twitter,"#Cinema had some decent moments, but overall average. https://example.com/link","#MovieRelease,#Cinema,#Blockbuster",252,47,25,17638
POST_00532,user_3157,2026-08-04 03:13:11.189091,Reddit,What a thrilling finish to the #Finals! Unbelievable! 🏆🔥,#Finals,1075,286,107,35926
POST_00533,user_2024,2026-07-20 04:39:11.189091,Reddit,Terrible customer service when I tried to return my #GadgetReview. Never again. https://example.com/link,"#TechLaunch,#GadgetReview,#Smartphone2024",1728,488,265,62569
POST_00534,user_3792,2026-07-29 04:45:11.189091,Twitter,Will wait for the reviews before buying the #Smartphone2024 device.,"#GadgetReview,#Smartphone2024,#TechLaunch",684,206,93,15200
POST_00535,user_1461,2026-07-22 13:16:11.189091,Instagram,Terrible refereeing ruined the #SportsEvent. Absolutely rigged. 🗑️,"#ChampionshipGame,#SportsEvent,#Finals",1215,318,203,45921
POST_00536,user_4071,2026-07-23 18:06:11.189091,Reddit,The broadcast quality for the #SportsEvent is awful. 😡,#ChampionshipGame,919,336,93,21024
POST_00537,user_2695,2026-08-10 19:38:11.189091,Instagram,Comparing the #GadgetReview with other models. @user_2695 ,#GadgetReview,141,48,25,14650
POST_00538,user_1943,2026-07-25 17:20:11.189091,Twitter,The plot in #MovieRelease made no sense. Avoid at all costs.,"#MovieRelease,#Blockbuster",519,199,59,11583
POST_00539,user_1896,2026-08-09 10:37:11.189091,Twitter,What a thrilling finish to the #SportsEvent! Unbelievable! 🏆🔥 @user_1896  https://example.com/link,"#Finals,#SportsEvent,#ChampionshipGame",603,125,105,10656
POST_00540,user_3907,2026-07-27 22:15:11.189091,Twitter,Not worth the upgrade. #GadgetReview is just a rehash of last year's model.,"#GadgetReview,#Smartphone2024",1288,425,332,18660
POST_00541,user_3392,2026-07-29 00:53:11.189091,Instagram,The visual effects in #Cinema blew my mind. 10/10.,"#Cinema,#Blockbuster,#MovieRelease",10338,3795,2697,88959
POST_00542,user_830,2026-07-19 20:50:11.189091,Twitter,"#MovieRelease had some decent moments, but overall average.",#MovieRelease,594,75,77,56265
POST_00543,user_1645,2026-08-03 08:06:11.189091,Twitter,Terrible refereeing ruined the #Finals. Absolutely rigged. 🗑️,#Finals,885,115,65,21263
POST_00544,user_4565,2026-07-21 19:20:11.189091,Twitter,The #SportsEvent is pretty competitive this year. @user_4565  https://example.com/link,#ChampionshipGame,1000,397,139,80767
POST_00545,user_2609,2026-07-17 09:07:11.189091,Twitter,I was on the edge of my seat during #MovieRelease!,"#Cinema,#Blockbuster",1676,536,359,29670
POST_00546,user_3096,2026-07-28 13:18:11.189091,Reddit,I fell asleep halfway through #Cinema.,"#Blockbuster,#Cinema,#MovieRelease",3673,597,753,93606
POST_00547,user_4993,2026-07-18 06:23:11.189091,Instagram,Can't believe we lost the #ChampionshipGame. So heartbroken right now.,"#ChampionshipGame,#SportsEvent",3761,1102,363,67761
POST_00548,user_3798,2026-08-02 18:15:11.189091,Reddit,The visual effects in #Blockbuster blew my mind. 10/10.,#MovieRelease,3299,631,832,74048
POST_00549,user_1189,2026-08-02 11:21:11.189091,Twitter,Watching #Cinema with my friends this weekend.,"#Blockbuster,#Cinema",1236,267,298,27383
POST_00550,user_3813,2026-07-21 00:56:11.189091,Twitter,The broadcast quality for the #SportsEvent is awful. 😡 https://example.com/link,#Finals,105,16,7,16643
POST_00551,user_4140,2026-08-10 08:40:11.189091,Reddit,Watching the #ChampionshipGame with friends. Game is tied.,"#SportsEvent,#Finals",43,11,4,28778
POST_00552,user_1596,2026-07-20 06:32:11.189091,Twitter,Terrible customer service when I tried to return my #Smartphone2024. Never again.,"#Smartphone2024,#GadgetReview",3393,1193,936,34441
POST_00553,user_906,2026-07-31 05:35:11.189091,Instagram,Finally got my hands on the #GadgetReview device. Loving the battery life. 😍 @user_906  https://example.com/link,"#TechLaunch,#GadgetReview",935,142,194,64360
POST_00554,user_3516,2026-07-21 05:56:11.189091,Instagram,Extremely disappointed with the #Smartphone2024 phone. Overheating issues are terrible. 😡,#GadgetReview,2096,221,558,37152
POST_00555,user_1316,2026-08-11 01:52:11.189091,Reddit,Just saw the specs for the #GadgetReview phone. They seem okay. https://example.com/link,#GadgetReview,1340,393,312,35646
POST_00556,user_3752,2026-08-05 16:40:11.189091,Instagram,The battery life on this #GadgetReview is a joke. 🗑️,"#Smartphone2024,#GadgetReview,#TechLaunch",432,137,66,30026
POST_00557,user_2961,2026-07-22 02:06:11.189091,Instagram,Extremely disappointed with the #TechLaunch phone. Overheating issues are terrible. 😡,"#TechLaunch,#GadgetReview,#Smartphone2024",1731,207,259,42533
POST_00558,user_4178,2026-07-28 06:20:11.189091,Twitter,I fell asleep halfway through #Cinema.,"#Cinema,#MovieRelease,#Blockbuster",5467,633,1184,50735
POST_00559,user_4085,2026-07-24 19:55:11.189091,Instagram,I fell asleep halfway through #MovieRelease.,#MovieRelease,2564,664,369,38470
POST_00560,user_2166,2026-07-24 14:41:11.189091,Twitter,Incredible performance by the lead actor in #Blockbuster! A must watch!,"#MovieRelease,#Blockbuster,#Cinema",8782,2225,2269,72783
POST_00561,user_4615,2026-07-12 00:38:11.189091,Reddit,Not worth the upgrade. #Smartphone2024 is just a rehash of last year's model. @user_4615  https://example.com/link,#TechLaunch,4306,463,272,62897
POST_00562,user_629,2026-07-29 17:30:11.189091,Instagram,Will wait for the reviews before buying the #Smartphone2024 device.,#Smartphone2024,2737,1059,359,71385
POST_00563,user_4093,2026-08-07 20:16:11.189091,Reddit,Comparing the #GadgetReview with other models. https://example.com/link,"#GadgetReview,#TechLaunch,#Smartphone2024",1017,271,195,21092
POST_00564,user_1753,2026-07-15 13:16:11.189091,Instagram,Extremely disappointed with the #Smartphone2024 phone. Overheating issues are terrible. 😡 https://example.com/link,"#TechLaunch,#Smartphone2024,#GadgetReview",2504,941,130,28085
POST_00565,user_286,2026-08-08 20:08:11.189091,Twitter,Just saw the specs for the #Smartphone2024 phone. They seem okay.,#Smartphone2024,3663,1320,900,79051
POST_00566,user_3140,2026-07-27 02:58:11.189091,Instagram,Will wait for the reviews before buying the #GadgetReview device. https://example.com/link,"#Smartphone2024,#TechLaunch",142,21,7,57079
POST_00567,user_95,2026-08-08 00:58:11.189091,Reddit,My team finally won the #Finals! Best day ever! https://example.com/link,"#SportsEvent,#ChampionshipGame",9078,3077,1098,85346
POST_00568,user_3938,2026-08-11 10:40:11.189091,Reddit,The new #Smartphone2024 phone is absolutely amazing! The camera is unreal! 📱✨,"#GadgetReview,#TechLaunch,#Smartphone2024",486,87,144,50998
POST_00569,user_3188,2026-07-22 12:04:11.189091,Instagram,Terrible refereeing ruined the #Finals. Absolutely rigged. 🗑️,"#ChampionshipGame,#Finals",9476,2292,1494,91545
POST_00570,user_757,2026-07-13 11:40:11.189091,Twitter,Finally got my hands on the #GadgetReview device. Loving the battery life. 😍,"#GadgetReview,#Smartphone2024,#TechLaunch",387,53,92,65751
POST_00571,user_3127,2026-07-21 06:29:11.189091,Twitter,Finally got my hands on the #Smartphone2024 device. Loving the battery life. 😍,#TechLaunch,1192,383,143,11177
POST_00572,user_4673,2026-07-22 18:04:11.189091,Instagram,My team finally won the #SportsEvent! Best day ever! @user_4673 ,"#SportsEvent,#ChampionshipGame,#Finals",5412,1786,542,99865
POST_00573,user_4152,2026-07-29 04:37:11.189091,Twitter,"#Cinema had some decent moments, but overall average.","#Cinema,#Blockbuster",1632,381,200,56902
POST_00574,user_1370,2026-08-07 03:34:11.189091,Reddit,Finally got my hands on the #GadgetReview device. Loving the battery life. 😍,#Smartphone2024,1905,748,110,66675
POST_00575,user_3798,2026-08-08 08:58:11.189091,Instagram,Incredible performance by the lead actor in #MovieRelease! A must watch!,"#MovieRelease,#Blockbuster",741,239,87,29359
POST_00576,user_1112,2026-08-03 17:38:11.189091,Twitter,The visual effects in #Cinema blew my mind. 10/10.,"#MovieRelease,#Cinema,#Blockbuster",3453,1018,811,58636
POST_00577,user_3251,2026-07-30 22:18:11.189091,Reddit,Worst ending ever. #Cinema completely ruined the franchise. https://example.com/link,#Blockbuster,8490,3008,1634,88579
POST_00578,user_3660,2026-08-05 13:46:11.189091,Twitter,Not worth the upgrade. #Smartphone2024 is just a rehash of last year's model.,#Smartphone2024,7856,1185,2263,92644
POST_00579,user_2471,2026-08-04 22:09:11.189091,Instagram,Incredible display of skill at the #Finals today.,"#Finals,#ChampionshipGame",4106,763,721,87187
POST_00580,user_4777,2026-07-13 07:41:11.189091,Twitter,Best #TechLaunch I have ever used. Highly recommend!,#Smartphone2024,618,151,80,13286
POST_00581,user_877,2026-07-26 19:58:11.189091,Twitter,The broadcast quality for the #Finals is awful. 😡 https://example.com/link,"#ChampionshipGame,#Finals,#SportsEvent",3660,735,999,99048
POST_00582,user_1683,2026-07-25 08:03:11.189091,Twitter,My team finally won the #Finals! Best day ever! https://example.com/link,"#ChampionshipGame,#SportsEvent",6,2,1,181
POST_00583,user_3575,2026-08-06 19:49:11.189091,Instagram,Getting snacks ready for the #Finals.,#Finals,1433,548,148,35426
POST_00584,user_1019,2026-07-14 13:51:11.189091,Reddit,Best #Smartphone2024 I have ever used. Highly recommend!,"#TechLaunch,#GadgetReview",147,39,21,5906
POST_00585,user_4816,2026-08-08 01:09:11.189091,Reddit,Just saw the specs for the #TechLaunch phone. They seem okay.,"#TechLaunch,#GadgetReview",2444,551,458,91470
POST_00586,user_4340,2026-08-05 09:29:11.189091,Instagram,Just watched the new #Blockbuster. Best movie of the year! 🍿🎬,#Blockbuster,2082,224,388,84061
POST_00587,user_2107,2026-07-27 02:40:11.189091,Reddit,My team finally won the #ChampionshipGame! Best day ever! @user_2107 ,"#SportsEvent,#Finals,#ChampionshipGame",212,72,52,2558
POST_00588,user_4433,2026-07-16 12:24:11.189091,Instagram,I fell asleep halfway through #Blockbuster. @user_4433 ,"#MovieRelease,#Blockbuster,#Cinema",3913,525,920,91198
POST_00589,user_4225,2026-08-01 06:54:11.189091,Reddit,"Wow, the screen on the #TechLaunch is stunning.","#GadgetReview,#Smartphone2024,#TechLaunch",3046,907,688,69130
POST_00590,user_1982,2026-07-15 12:37:11.189091,Reddit,Can't stop thinking about that game winning play at the #ChampionshipGame!,"#ChampionshipGame,#SportsEvent",1814,700,225,35249
POST_00591,user_4513,2026-07-24 17:15:11.189091,Twitter,Terrible customer service when I tried to return my #TechLaunch. Never again.,"#GadgetReview,#Smartphone2024,#TechLaunch",2735,429,627,37795
POST_00592,user_613,2026-08-03 07:01:11.189091,Reddit,I fell asleep halfway through #MovieRelease.,"#Cinema,#MovieRelease,#Blockbuster",4118,827,720,64168
POST_00593,user_4594,2026-08-10 04:29:11.189091,Instagram,The visual effects in #Blockbuster blew my mind. 10/10.,#Cinema,1820,260,480,70367
POST_00594,user_3425,2026-07-20 13:33:11.189091,Twitter,I fell asleep halfway through #MovieRelease.,#Cinema,245,59,66,17834
POST_00595,user_2544,2026-07-17 12:52:11.189091,Reddit,Terrible refereeing ruined the #ChampionshipGame. Absolutely rigged. 🗑️,"#SportsEvent,#Finals,#ChampionshipGame",487,62,32,36390
POST_00596,user_1992,2026-07-25 00:36:11.189091,Twitter,Going to see #MovieRelease tonight. Hope it's good. https://example.com/link,#Cinema,499,55,148,52747
POST_00597,user_3962,2026-07-20 02:44:11.189091,Twitter,Can't believe we lost the #SportsEvent. So heartbroken right now. @user_3962 ,"#ChampionshipGame,#SportsEvent",5776,1244,1066,68839
POST_00598,user_3760,2026-08-04 07:56:11.189091,Instagram,The visual effects in #MovieRelease blew my mind. 10/10.,#Blockbuster,94,12,27,1703
POST_00599,user_3063,2026-08-08 03:49:11.189091,Instagram,Worst ending ever. #Cinema completely ruined the franchise.,"#Cinema,#MovieRelease",59,8,4,36994
POST_00600,user_2423,2026-07-16 03:32:11.189091,Reddit,Not worth the upgrade. #Smartphone2024 is just a rehash of last year's model. https://example.com/link,"#Smartphone2024,#GadgetReview,#TechLaunch",849,99,96,19053
POST_00601,user_2387,2026-08-10 06:20:11.189091,Twitter,"Wow, the screen on the #Smartphone2024 is stunning. https://example.com/link","#TechLaunch,#GadgetReview,#Smartphone2024",1892,194,308,60109
POST_00602,user_3751,2026-08-01 14:18:11.189091,Reddit,Incredible performance by the lead actor in #MovieRelease! A must watch!,#Cinema,1744,473,293,26141
POST_00603,user_3680,2026-07-30 16:16:11.189091,Reddit,Getting snacks ready for the #SportsEvent. https://example.com/link,"#ChampionshipGame,#Finals",1230,423,165,84932
POST_00604,user_4721,2026-08-02 05:25:11.189091,Instagram,Terrible customer service when I tried to return my #TechLaunch. Never again.,#Smartphone2024,3208,506,935,54199
POST_00605,user_2337,2026-07-11 16:57:11.189091,Instagram,"Wow, the screen on the #GadgetReview is stunning.","#TechLaunch,#Smartphone2024",3002,629,549,79899
POST_00606,user_1196,2026-08-09 23:45:11.189091,Reddit,The battery life on this #TechLaunch is a joke. 🗑️,#Smartphone2024,1497,431,265,26566
POST_00607,user_3809,2026-07-17 19:59:11.189091,Instagram,Worst performance by my team in the #Finals. Embarrassing.,"#ChampionshipGame,#Finals",111,28,26,56538
POST_00608,user_3434,2026-07-20 06:26:11.189091,Twitter,Watching the #ChampionshipGame with friends. Game is tied. https://example.com/link,"#Finals,#ChampionshipGame",1150,249,92,37987
POST_00609,user_166,2026-08-09 22:51:11.189091,Instagram,Finally got my hands on the #TechLaunch device. Loving the battery life. 😍,"#TechLaunch,#GadgetReview",8045,2651,547,90386
POST_00610,user_4796,2026-08-09 23:56:11.189091,Instagram,"Wow, the screen on the #Smartphone2024 is stunning.","#GadgetReview,#Smartphone2024,#TechLaunch",1265,370,85,51844
POST_00611,user_3055,2026-07-29 17:45:11.189091,Reddit,I was on the edge of my seat during #Cinema!,"#MovieRelease,#Blockbuster",4990,1874,381,56616
POST_00612,user_3993,2026-07-18 23:20:11.189091,Twitter,Worst ending ever. #MovieRelease completely ruined the franchise. @user_3993 ,"#Cinema,#Blockbuster,#MovieRelease",6640,858,1797,80627
POST_00613,user_139,2026-07-17 08:57:11.189091,Twitter,Can't stop thinking about that game winning play at the #ChampionshipGame!,"#Finals,#SportsEvent",6313,2491,1451,54448
POST_00614,user_3473,2026-07-16 16:51:11.189091,Twitter,What a thrilling finish to the #SportsEvent! Unbelievable! 🏆🔥,"#Finals,#SportsEvent,#ChampionshipGame",791,182,235,70070
POST_00615,user_3353,2026-07-29 22:34:11.189091,Twitter,Finally got my hands on the #TechLaunch device. Loving the battery life. 😍,#Smartphone2024,2291,526,486,35518
POST_00616,user_4216,2026-07-29 12:05:11.189091,Instagram,Extremely disappointed with the #TechLaunch phone. Overheating issues are terrible. 😡,"#GadgetReview,#TechLaunch",2864,587,433,50729
POST_00617,user_2231,2026-07-20 20:35:11.189091,Instagram,Extremely disappointed with the #Smartphone2024 phone. Overheating issues are terrible. 😡 https://example.com/link,"#Smartphone2024,#TechLaunch",459,95,79,33815
POST_00618,user_550,2026-07-13 08:29:11.189091,Twitter,Terrible customer service when I tried to return my #GadgetReview. Never again.,"#TechLaunch,#GadgetReview",0,0,0,37
POST_00619,user_3535,2026-08-01 14:28:11.189091,Twitter,The broadcast quality for the #SportsEvent is awful. 😡 https://example.com/link,"#SportsEvent,#ChampionshipGame",3676,1254,372,64110
POST_00620,user_1260,2026-08-08 23:23:11.189091,Reddit,Will wait for the reviews before buying the #GadgetReview device. @user_1260 ,#TechLaunch,566,93,61,19050
POST_00621,user_1418,2026-08-08 16:10:11.189091,Reddit,The visual effects in #Blockbuster blew my mind. 10/10. @user_1418 ,#MovieRelease,849,207,244,78129
POST_00622,user_3500,2026-07-14 13:36:11.189091,Reddit,Just watched the new #Cinema. Best movie of the year! 🍿🎬 @user_3500 ,#MovieRelease,1277,138,195,34662
POST_00623,user_3396,2026-08-03 06:30:11.189091,Twitter,Just watched the new #MovieRelease. Best movie of the year! 🍿🎬,"#Cinema,#Blockbuster",629,222,99,25357
POST_00624,user_1032,2026-07-13 08:18:11.189091,Reddit,Extremely disappointed with the #TechLaunch phone. Overheating issues are terrible. 😡 https://example.com/link,"#GadgetReview,#TechLaunch",63,19,6,5299
POST_00625,user_3189,2026-08-01 15:35:11.189091,Reddit,Terrible refereeing ruined the #Finals. Absolutely rigged. 🗑️ @user_3189  https://example.com/link,"#ChampionshipGame,#SportsEvent,#Finals",4115,1315,448,70606
POST_00626,user_1783,2026-07-25 12:32:11.189091,Twitter,Worst ending ever. #Cinema completely ruined the franchise. https://example.com/link,"#Blockbuster,#MovieRelease",4648,1223,984,89661
POST_00627,user_4752,2026-08-06 09:52:11.189091,Instagram,Getting snacks ready for the #ChampionshipGame.,"#Finals,#ChampionshipGame",245,63,39,11249
POST_00628,user_2575,2026-08-09 02:30:11.189091,Instagram,Extremely disappointed with the #GadgetReview phone. Overheating issues are terrible. 😡,"#Smartphone2024,#GadgetReview,#TechLaunch",4804,704,1103,54142
POST_00629,user_3874,2026-07-25 20:12:11.189091,Instagram,Not worth the upgrade. #TechLaunch is just a rehash of last year's model.,"#TechLaunch,#GadgetReview,#Smartphone2024",2666,494,298,79529
POST_00630,user_4845,2026-07-19 19:26:11.189091,Twitter,The battery life on this #GadgetReview is a joke. 🗑️ @user_4845 ,#GadgetReview,3774,992,815,62416
POST_00631,user_2816,2026-07-18 05:24:11.189091,Reddit,Best #TechLaunch I have ever used. Highly recommend!,"#GadgetReview,#Smartphone2024,#TechLaunch",3816,656,758,55177
POST_00632,user_2171,2026-07-15 13:45:11.189091,Reddit,Anyone getting the new #GadgetReview? I can't decide.,"#GadgetReview,#TechLaunch,#Smartphone2024",3447,1047,304,78941
POST_00633,user_30,2026-07-12 13:41:11.189091,Reddit,The battery life on this #GadgetReview is a joke. 🗑️ https://example.com/link,#Smartphone2024,525,110,143,83615
POST_00634,user_411,2026-08-02 06:10:11.189091,Instagram,Going to see #Cinema tonight. Hope it's good.,#MovieRelease,1478,316,234,75965
POST_00635,user_2404,2026-08-08 21:26:11.189091,Twitter,Incredible display of skill at the #Finals today. @user_2404 ,"#Finals,#ChampionshipGame,#SportsEvent",408,118,47,91200
POST_00636,user_2747,2026-07-26 15:39:11.189091,Instagram,Can't believe we lost the #SportsEvent. So heartbroken right now.,#SportsEvent,4996,891,1295,90988
POST_00637,user_2216,2026-07-13 11:10:11.189091,Twitter,Terrible refereeing ruined the #Finals. Absolutely rigged. 🗑️ @user_2216 ,#SportsEvent,1073,365,94,16997
POST_00638,user_2759,2026-07-12 14:34:11.189091,Twitter,Watching the #Finals with friends. Game is tied.,"#SportsEvent,#ChampionshipGame",460,74,122,25219
POST_00639,user_1181,2026-08-02 08:23:11.189091,Twitter,The visual effects in #Cinema blew my mind. 10/10.,#Cinema,76,14,3,9861
POST_00640,user_2472,2026-08-05 06:18:11.189091,Reddit,I fell asleep halfway through #Cinema.,#MovieRelease,1538,300,84,64709
POST_00641,user_4287,2026-07-26 12:02:11.189091,Twitter,The plot in #MovieRelease made no sense. Avoid at all costs.,"#MovieRelease,#Cinema,#Blockbuster",2977,485,508,37890
POST_00642,user_3278,2026-07-31 13:27:11.189091,Reddit,Extremely disappointed with the #GadgetReview phone. Overheating issues are terrible. 😡,"#GadgetReview,#Smartphone2024",2583,993,229,35364
POST_00643,user_4588,2026-07-18 06:11:11.189091,Instagram,Can't believe we lost the #ChampionshipGame. So heartbroken right now. https://example.com/link,"#SportsEvent,#Finals,#ChampionshipGame",55,19,4,1333
POST_00644,user_2713,2026-08-08 10:14:11.189091,Twitter,The new #GadgetReview phone is absolutely amazing! The camera is unreal! 📱✨,#GadgetReview,3502,453,967,70647
POST_00645,user_113,2026-07-17 06:33:11.189091,Instagram,The visual effects in #Cinema blew my mind. 10/10. @user_113  https://example.com/link,#Blockbuster,821,103,182,24555
POST_00646,user_4100,2026-08-01 21:29:11.189091,Reddit,Watching the #SportsEvent with friends. Game is tied.,"#ChampionshipGame,#SportsEvent",980,296,246,72073
POST_00647,user_3777,2026-08-05 18:20:11.189091,Instagram,"#Blockbuster had some decent moments, but overall average.","#Cinema,#MovieRelease",2295,311,597,57945
POST_00648,user_3268,2026-08-01 22:59:11.189091,Reddit,The visual effects in #Blockbuster blew my mind. 10/10.,"#Blockbuster,#MovieRelease,#Cinema",9102,1123,1107,87388
POST_00649,user_611,2026-07-19 12:15:11.189091,Instagram,The new #TechLaunch phone is absolutely amazing! The camera is unreal! 📱✨ @user_611 ,"#Smartphone2024,#GadgetReview",1550,268,440,39210
POST_00650,user_2316,2026-08-07 16:42:11.189091,Instagram,Not worth the upgrade. #Smartphone2024 is just a rehash of last year's model. @user_2316 ,#TechLaunch,3643,959,261,38379
POST_00651,user_4095,2026-08-02 02:40:11.189091,Twitter,Getting snacks ready for the #SportsEvent.,"#SportsEvent,#ChampionshipGame,#Finals",1661,417,245,54818
POST_00652,user_1690,2026-08-07 20:40:11.189091,Twitter,Worst ending ever. #Cinema completely ruined the franchise.,#MovieRelease,3154,850,324,81209
POST_00653,user_2245,2026-08-05 23:01:11.189091,Twitter,The broadcast quality for the #Finals is awful. 😡 @user_2245 ,"#SportsEvent,#Finals,#ChampionshipGame",88,13,7,11058
POST_00654,user_2111,2026-07-18 13:09:11.189091,Twitter,Incredible performance by the lead actor in #Blockbuster! A must watch!,"#Blockbuster,#Cinema",406,128,64,7016
POST_00655,user_3102,2026-07-20 21:45:11.189091,Twitter,The new #Smartphone2024 phone is absolutely amazing! The camera is unreal! 📱✨ @user_3102  https://example.com/link,"#Smartphone2024,#TechLaunch,#GadgetReview",347,39,53,30767
POST_00656,user_2045,2026-07-30 06:55:11.189091,Instagram,"Wow, the screen on the #TechLaunch is stunning.",#Smartphone2024,554,170,65,7710
POST_00657,user_16,2026-07-13 02:01:11.189091,Twitter,The visual effects in #MovieRelease blew my mind. 10/10. https://example.com/link,"#Cinema,#MovieRelease",1863,726,198,29229
POST_00658,user_1178,2026-07-18 15:09:11.189091,Twitter,Will wait for the reviews before buying the #TechLaunch device.,#GadgetReview,545,66,40,23567
POST_00659,user_4221,2026-07-15 03:37:11.189091,Instagram,Just saw the specs for the #TechLaunch phone. They seem okay. https://example.com/link,#TechLaunch,571,96,29,52014
POST_00660,user_3938,2026-07-12 05:54:11.189091,Instagram,The broadcast quality for the #Finals is awful. 😡,"#SportsEvent,#Finals,#ChampionshipGame",212,47,43,10048
POST_00661,user_4621,2026-08-05 23:51:11.189091,Twitter,Going to see #MovieRelease tonight. Hope it's good.,#Cinema,68,21,3,2910
POST_00662,user_2850,2026-07-23 01:28:11.189091,Instagram,Just saw the specs for the #TechLaunch phone. They seem okay.,#TechLaunch,275,68,65,20561
POST_00663,user_1937,2026-08-05 11:40:11.189091,Instagram,Worst performance by my team in the #Finals. Embarrassing.,"#Finals,#ChampionshipGame,#SportsEvent",4456,1593,1269,49246
POST_00664,user_3402,2026-07-22 22:05:11.189091,Twitter,Watching the #Finals with friends. Game is tied.,"#Finals,#ChampionshipGame",2247,420,424,91138
POST_00665,user_4663,2026-07-19 13:00:11.189091,Instagram,What a waste of time. #Blockbuster was completely boring. 🥱,"#Cinema,#Blockbuster,#MovieRelease",13,3,2,293
POST_00666,user_347,2026-07-22 07:37:11.189091,Reddit,"Tickets for #Blockbuster were expensive, hope it's worth it.",#Blockbuster,80,9,6,17652
POST_00667,user_2811,2026-07-25 11:06:11.189091,Reddit,Best #GadgetReview I have ever used. Highly recommend!,"#Smartphone2024,#GadgetReview",1514,328,132,37528
POST_00668,user_1397,2026-07-17 15:41:11.189091,Reddit,What a thrilling finish to the #ChampionshipGame! Unbelievable! 🏆🔥,#SportsEvent,5696,1627,977,96284
POST_00669,user_3990,2026-07-24 12:54:11.189091,Reddit,"#Blockbuster had some decent moments, but overall average. @user_3990 ",#Blockbuster,358,113,63,53577
POST_00670,user_4020,2026-08-03 20:43:11.189091,Instagram,The plot in #Cinema made no sense. Avoid at all costs. @user_4020 ,"#Blockbuster,#Cinema",7114,2603,813,86712
POST_00671,user_4592,2026-07-16 02:31:11.189091,Twitter,The battery life on this #Smartphone2024 is a joke. 🗑️ https://example.com/link,#Smartphone2024,7918,1904,2025,91496
POST_00672,user_4319,2026-08-04 12:20:11.189091,Reddit,What a thrilling finish to the #ChampionshipGame! Unbelievable! 🏆🔥,#SportsEvent,5620,594,1589,78582
POST_00673,user_2327,2026-07-20 11:15:11.189091,Instagram,What a waste of time. #MovieRelease was completely boring. 🥱,#MovieRelease,2788,398,425,32147
POST_00674,user_537,2026-08-04 22:29:11.189091,Reddit,I was on the edge of my seat during #Blockbuster!,"#Blockbuster,#MovieRelease",2501,324,329,36755
POST_00675,user_1315,2026-07-21 13:57:11.189091,Instagram,Can't believe we lost the #ChampionshipGame. So heartbroken right now. https://example.com/link,#SportsEvent,644,222,91,11843
POST_00676,user_4354,2026-07-27 01:43:11.189091,Twitter,Can't stop thinking about that game winning play at the #Finals!,#Finals,4127,1390,580,66845
POST_00677,user_4347,2026-07-29 15:33:11.189091,Instagram,What a waste of time. #MovieRelease was completely boring. 🥱,"#Cinema,#MovieRelease",3005,826,624,59874
POST_00678,user_3631,2026-07-27 03:32:11.189091,Reddit,Going to see #Cinema tonight. Hope it's good.,"#MovieRelease,#Blockbuster,#Cinema",1626,555,217,74934
POST_00679,user_2980,2026-08-02 00:32:11.189091,Twitter,The broadcast quality for the #SportsEvent is awful. 😡,"#Finals,#ChampionshipGame,#SportsEvent",7308,1745,1841,86600
POST_00680,user_772,2026-08-06 13:31:11.189091,Reddit,I fell asleep halfway through #Blockbuster. @user_772 ,"#Blockbuster,#Cinema,#MovieRelease",914,261,257,84537
POST_00681,user_1197,2026-07-17 06:29:11.189091,Instagram,Just saw the specs for the #TechLaunch phone. They seem okay.,#Smartphone2024,931,121,80,19764
POST_00682,user_3196,2026-08-05 11:29:11.189091,Instagram,Watching the #SportsEvent with friends. Game is tied.,"#Finals,#ChampionshipGame,#SportsEvent",2767,634,311,71428
POST_00683,user_1380,2026-07-29 09:38:11.189091,Instagram,The broadcast quality for the #ChampionshipGame is awful. 😡 @user_1380  https://example.com/link,"#Finals,#SportsEvent",8348,1830,2270,80923
POST_00684,user_2651,2026-08-10 12:54:11.189091,Twitter,Comparing the #Smartphone2024 with other models. @user_2651 ,"#Smartphone2024,#GadgetReview,#TechLaunch",2208,870,660,65492
POST_00685,user_4766,2026-07-30 23:22:11.189091,Reddit,Getting snacks ready for the #SportsEvent. https://example.com/link,"#Finals,#SportsEvent",166,24,39,42032
POST_00686,user_2219,2026-07-23 18:10:11.189091,Reddit,Can't believe we lost the #Finals. So heartbroken right now.,"#ChampionshipGame,#Finals",3554,626,469,92218
POST_00687,user_280,2026-07-17 08:31:11.189091,Instagram,The new #TechLaunch phone is absolutely amazing! The camera is unreal! 📱✨,"#GadgetReview,#TechLaunch",6478,793,1637,99621
POST_00688,user_3564,2026-08-05 07:06:11.189091,Instagram,The plot in #Cinema made no sense. Avoid at all costs.,#Blockbuster,231,89,53,40496
POST_00689,user_778,2026-07-28 03:54:11.189091,Twitter,Watching #Blockbuster with my friends this weekend. https://example.com/link,"#MovieRelease,#Cinema,#Blockbuster",443,84,39,28383
POST_00690,user_4006,2026-08-10 05:57:11.189091,Reddit,Incredible performance by the lead actor in #Cinema! A must watch! @user_4006  https://example.com/link,#Blockbuster,1064,323,76,24884
POST_00691,user_3193,2026-08-02 22:09:11.189091,Twitter,Will wait for the reviews before buying the #TechLaunch device.,#Smartphone2024,568,114,110,46537
POST_00692,user_1215,2026-07-12 04:05:11.189091,Reddit,Anyone getting the new #TechLaunch? I can't decide.,"#TechLaunch,#Smartphone2024",672,174,52,61542
POST_00693,user_4798,2026-08-01 22:48:11.189091,Reddit,Worst ending ever. #MovieRelease completely ruined the franchise.,"#MovieRelease,#Blockbuster",337,70,25,8282
POST_00694,user_2432,2026-07-24 16:50:11.189091,Reddit,Will wait for the reviews before buying the #GadgetReview device.,"#TechLaunch,#Smartphone2024",102,40,23,2967
POST_00695,user_4541,2026-07-26 23:01:11.189091,Instagram,Best #TechLaunch I have ever used. Highly recommend!,#Smartphone2024,1000,370,89,9561
POST_00696,user_2489,2026-07-22 08:06:11.189091,Instagram,Worst ending ever. #Blockbuster completely ruined the franchise.,#Cinema,818,200,42,26940
POST_00697,user_3248,2026-08-11 14:58:11.189091,Twitter,Watching the #ChampionshipGame with friends. Game is tied.,"#SportsEvent,#ChampionshipGame,#Finals",1564,469,441,34124
POST_00698,user_3167,2026-07-13 20:25:11.189091,Twitter,Can't believe we lost the #ChampionshipGame. So heartbroken right now.,#SportsEvent,2845,1056,766,54034
POST_00699,user_1561,2026-08-10 16:05:11.189091,Instagram,Getting snacks ready for the #ChampionshipGame. @user_1561 ,#SportsEvent,2610,266,363,55563
POST_00700,user_3808,2026-07-11 16:32:11.189091,Instagram,Incredible performance by the lead actor in #Cinema! A must watch! https://example.com/link,#Blockbuster,1469,554,95,92872
POST_00701,user_3476,2026-07-23 08:16:11.189091,Instagram,My team finally won the #ChampionshipGame! Best day ever! https://example.com/link,"#ChampionshipGame,#Finals",245,92,50,2414
POST_00702,user_1765,2026-08-06 01:49:11.189091,Twitter,Worst ending ever. #Cinema completely ruined the franchise.,"#Blockbuster,#Cinema",4474,1441,937,92516
POST_00703,user_1137,2026-07-20 16:46:11.189091,Twitter,Watching #Cinema with my friends this weekend.,"#MovieRelease,#Cinema,#Blockbuster",200,46,48,10004
POST_00704,user_4237,2026-07-13 16:03:11.189091,Reddit,Watching the #ChampionshipGame with friends. Game is tied.,#SportsEvent,62,9,13,10707
POST_00705,user_2158,2026-07-28 16:26:11.189091,Instagram,"#Cinema had some decent moments, but overall average.",#MovieRelease,1480,351,149,90262
POST_00706,user_896,2026-08-03 17:33:11.189091,Twitter,Finally got my hands on the #GadgetReview device. Loving the battery life. 😍 https://example.com/link,"#Smartphone2024,#TechLaunch,#GadgetReview",4486,734,1164,63139
POST_00707,user_2224,2026-08-06 13:14:11.189091,Reddit,Not worth the upgrade. #GadgetReview is just a rehash of last year's model. @user_2224 ,"#Smartphone2024,#GadgetReview,#TechLaunch",2381,636,692,86623
POST_00708,user_1204,2026-08-04 01:28:11.189091,Instagram,The plot in #Blockbuster made no sense. Avoid at all costs.,"#MovieRelease,#Cinema",80,11,23,10486
POST_00709,user_1191,2026-07-22 11:25:11.189091,Instagram,Getting snacks ready for the #Finals. @user_1191  https://example.com/link,"#ChampionshipGame,#SportsEvent",1417,488,361,40227
POST_00710,user_2034,2026-07-25 22:26:11.189091,Instagram,Worst ending ever. #Blockbuster completely ruined the franchise.,"#Blockbuster,#Cinema,#MovieRelease",3347,1107,462,44275
POST_00711,user_3174,2026-07-22 12:30:11.189091,Reddit,Just watched the new #MovieRelease. Best movie of the year! 🍿🎬,#MovieRelease,1900,650,240,29335
POST_00712,user_605,2026-07-26 01:04:11.189091,Twitter,"Tickets for #MovieRelease were expensive, hope it's worth it.","#Cinema,#MovieRelease,#Blockbuster",1821,543,164,86531
POST_00713,user_4338,2026-08-04 15:34:11.189091,Instagram,Not worth the upgrade. #TechLaunch is just a rehash of last year's model. @user_4338 ,#Smartphone2024,1874,227,538,27619
POST_00714,user_3950,2026-08-04 13:47:11.189091,Twitter,The plot in #Blockbuster made no sense. Avoid at all costs.,"#Cinema,#Blockbuster",2868,369,508,68758
POST_00715,user_2137,2026-08-04 19:42:11.189091,Reddit,I fell asleep halfway through #MovieRelease. @user_2137  https://example.com/link,#Cinema,909,120,223,16679
POST_00716,user_3241,2026-08-04 06:47:11.189091,Twitter,Comparing the #TechLaunch with other models.,"#TechLaunch,#GadgetReview",306,109,52,7683
POST_00717,user_2422,2026-07-17 23:44:11.189091,Twitter,Terrible refereeing ruined the #SportsEvent. Absolutely rigged. 🗑️,#ChampionshipGame,4643,1403,1243,83657
POST_00718,user_4647,2026-08-10 05:12:11.189091,Reddit,Finally got my hands on the #GadgetReview device. Loving the battery life. 😍,"#GadgetReview,#TechLaunch",4470,884,484,58197
POST_00719,user_2437,2026-07-19 15:57:11.189091,Instagram,"Tickets for #Cinema were expensive, hope it's worth it.","#Cinema,#MovieRelease,#Blockbuster",244,72,66,39164
POST_00720,user_400,2026-07-30 06:23:11.189091,Twitter,Just watched the new #Blockbuster. Best movie of the year! 🍿🎬,"#Blockbuster,#MovieRelease",1985,713,531,51556
POST_00721,user_115,2026-07-18 01:45:11.189091,Twitter,"#Blockbuster had some decent moments, but overall average.","#MovieRelease,#Cinema",278,77,48,9621
POST_00722,user_1930,2026-07-25 12:31:11.189091,Reddit,Anyone getting the new #TechLaunch? I can't decide. @user_1930 ,#TechLaunch,786,266,179,35270
POST_00723,user_4963,2026-07-18 02:16:11.189091,Instagram,Getting snacks ready for the #ChampionshipGame. @user_4963 ,#ChampionshipGame,3436,618,474,88461
POST_00724,user_2801,2026-07-31 02:05:11.189091,Instagram,The battery life on this #GadgetReview is a joke. 🗑️ @user_2801 ,"#TechLaunch,#Smartphone2024",333,45,82,23456
POST_00725,user_1548,2026-07-31 20:48:11.189091,Twitter,Extremely disappointed with the #Smartphone2024 phone. Overheating issues are terrible. 😡 https://example.com/link,"#Smartphone2024,#GadgetReview",558,176,127,17278
POST_00726,user_4465,2026-07-19 14:14:11.189091,Instagram,Anyone getting the new #TechLaunch? I can't decide.,"#GadgetReview,#TechLaunch,#Smartphone2024",2826,968,214,58148
POST_00727,user_2299,2026-08-02 16:17:11.189091,Twitter,Watching the #ChampionshipGame with friends. Game is tied.,#Finals,1595,215,448,44257
POST_00728,user_3979,2026-08-07 11:15:11.189091,Twitter,Who do you think will win the #ChampionshipGame?,"#ChampionshipGame,#SportsEvent,#Finals",1659,208,461,51170
POST_00729,user_2807,2026-07-14 02:44:11.189091,Instagram,"Tickets for #MovieRelease were expensive, hope it's worth it.","#MovieRelease,#Cinema",641,108,138,76393
POST_00730,user_2572,2026-07-13 16:59:11.189091,Reddit,Incredible performance by the lead actor in #Blockbuster! A must watch! https://example.com/link,"#Cinema,#Blockbuster",2468,548,224,39004
POST_00731,user_3150,2026-07-17 14:21:11.189091,Reddit,My team finally won the #SportsEvent! Best day ever!,"#ChampionshipGame,#Finals,#SportsEvent",7335,779,759,70092
POST_00732,user_599,2026-08-02 06:24:11.189091,Twitter,"#Cinema had some decent moments, but overall average. https://example.com/link","#Blockbuster,#MovieRelease",20,4,4,574
POST_00733,user_4988,2026-07-27 16:29:11.189091,Reddit,Anyone getting the new #TechLaunch? I can't decide.,"#GadgetReview,#TechLaunch,#Smartphone2024",2128,237,162,63060
POST_00734,user_143,2026-08-07 19:18:11.189091,Twitter,Finally got my hands on the #Smartphone2024 device. Loving the battery life. 😍,#Smartphone2024,428,161,59,7530
POST_00735,user_106,2026-08-08 20:23:11.189091,Reddit,"Wow, the screen on the #TechLaunch is stunning.",#GadgetReview,817,102,225,14200
POST_00736,user_2442,2026-07-17 16:31:11.189091,Reddit,The new #GadgetReview phone is absolutely amazing! The camera is unreal! 📱✨ @user_2442 ,"#Smartphone2024,#GadgetReview,#TechLaunch",7302,1585,784,76712
POST_00737,user_3657,2026-07-22 11:10:11.189091,Instagram,Extremely disappointed with the #GadgetReview phone. Overheating issues are terrible. 😡 @user_3657 ,#GadgetReview,247,78,64,27139
POST_00738,user_4336,2026-07-21 01:11:11.189091,Twitter,Just watched the new #Cinema. Best movie of the year! 🍿🎬,#Cinema,2699,648,197,35635
POST_00739,user_4568,2026-07-22 18:34:11.189091,Instagram,Getting snacks ready for the #ChampionshipGame.,#SportsEvent,603,103,171,18076
POST_00740,user_321,2026-07-25 22:06:11.189091,Reddit,I fell asleep halfway through #Cinema.,"#MovieRelease,#Cinema,#Blockbuster",1593,405,453,99972
POST_00741,user_2417,2026-08-08 09:23:11.189091,Instagram,Worst performance by my team in the #Finals. Embarrassing.,#ChampionshipGame,1570,483,206,87534
POST_00742,user_2687,2026-07-13 23:18:11.189091,Instagram,Going to see #Cinema tonight. Hope it's good.,"#MovieRelease,#Cinema",1701,234,126,55658
POST_00743,user_1012,2026-08-10 03:58:11.189091,Instagram,"Tickets for #MovieRelease were expensive, hope it's worth it. https://example.com/link","#Cinema,#MovieRelease,#Blockbuster",244,28,30,52446
POST_00744,user_522,2026-08-02 01:41:11.189091,Twitter,Can't stop thinking about that game winning play at the #ChampionshipGame! @user_522 ,"#Finals,#ChampionshipGame",413,152,26,17175
POST_00745,user_2030,2026-07-28 12:06:11.189091,Twitter,Just saw the specs for the #Smartphone2024 phone. They seem okay.,"#Smartphone2024,#TechLaunch,#GadgetReview",1263,261,211,91437
POST_00746,user_1409,2026-08-05 01:29:11.189091,Instagram,Who do you think will win the #SportsEvent?,"#Finals,#ChampionshipGame,#SportsEvent",37,3,7,25238
POST_00747,user_4128,2026-07-29 00:29:11.189091,Reddit,Can't stop thinking about that game winning play at the #SportsEvent! @user_4128  https://example.com/link,#ChampionshipGame,1185,187,300,51437
POST_00748,user_4655,2026-08-11 05:10:11.189091,Reddit,"Tickets for #Cinema were expensive, hope it's worth it. @user_4655  https://example.com/link","#MovieRelease,#Cinema",252,61,54,45617
POST_00749,user_487,2026-07-26 03:13:11.189091,Reddit,The new #GadgetReview phone is absolutely amazing! The camera is unreal! 📱✨ https://example.com/link,#GadgetReview,927,255,48,46157
POST_00750,user_291,2026-07-16 21:08:11.189091,Instagram,Incredible performance by the lead actor in #MovieRelease! A must watch!,#Blockbuster,2575,757,388,54612
POST_00751,user_2807,2026-07-27 16:23:11.189091,Instagram,Can't stop thinking about that game winning play at the #SportsEvent! https://example.com/link,"#Finals,#SportsEvent",1035,180,214,78830
POST_00752,user_1637,2026-07-18 16:15:11.189091,Twitter,Just watched the new #Blockbuster. Best movie of the year! 🍿🎬,"#MovieRelease,#Blockbuster",36,9,5,2199
POST_00753,user_1216,2026-08-01 16:33:11.189091,Twitter,The #SportsEvent is pretty competitive this year. @user_1216  https://example.com/link,"#ChampionshipGame,#Finals",1085,202,247,29458
POST_00754,user_4676,2026-07-24 10:39:11.189091,Reddit,"Tickets for #MovieRelease were expensive, hope it's worth it.","#Blockbuster,#MovieRelease,#Cinema",539,205,100,11932
POST_00755,user_3755,2026-07-22 20:17:11.189091,Twitter,Incredible performance by the lead actor in #Blockbuster! A must watch!,#Blockbuster,2997,953,384,35839
POST_00756,user_4021,2026-07-17 07:58:11.189091,Reddit,Who do you think will win the #Finals? https://example.com/link,#Finals,387,140,108,30314
POST_00757,user_919,2026-08-07 11:55:11.189091,Twitter,Incredible performance by the lead actor in #Cinema! A must watch!,#Cinema,6761,1943,929,71737
POST_00758,user_2881,2026-07-23 10:41:11.189091,Instagram,The battery life on this #GadgetReview is a joke. 🗑️,"#Smartphone2024,#TechLaunch,#GadgetReview",1995,424,422,28514
POST_00759,user_3911,2026-07-29 19:33:11.189091,Twitter,Watching the #Finals with friends. Game is tied.,"#Finals,#ChampionshipGame",903,270,188,60173
POST_00760,user_318,2026-07-16 07:35:11.189091,Twitter,I fell asleep halfway through #Blockbuster.,#MovieRelease,2311,361,479,32084
POST_00761,user_1986,2026-08-06 22:38:11.189091,Instagram,"Wow, the screen on the #GadgetReview is stunning.","#GadgetReview,#TechLaunch",2029,225,468,38136
POST_00762,user_4320,2026-08-09 01:56:11.189091,Twitter,Finally got my hands on the #TechLaunch device. Loving the battery life. 😍 https://example.com/link,"#GadgetReview,#TechLaunch",2119,349,135,38110
POST_00763,user_1178,2026-07-25 21:14:11.189091,Reddit,Watching the #Finals with friends. Game is tied.,"#SportsEvent,#ChampionshipGame,#Finals",1746,425,210,43195
POST_00764,user_4337,2026-08-09 00:16:11.189091,Twitter,Comparing the #GadgetReview with other models.,"#Smartphone2024,#GadgetReview",206,37,22,40100
POST_00765,user_4731,2026-07-28 08:10:11.189091,Twitter,What a thrilling finish to the #ChampionshipGame! Unbelievable! 🏆🔥,#SportsEvent,2436,244,535,33063
POST_00766,user_2607,2026-07-13 22:38:11.189091,Twitter,Finally got my hands on the #Smartphone2024 device. Loving the battery life. 😍,"#Smartphone2024,#GadgetReview,#TechLaunch",1105,212,236,97708
POST_00767,user_3997,2026-07-28 22:28:11.189091,Instagram,The broadcast quality for the #Finals is awful. 😡,"#Finals,#SportsEvent,#ChampionshipGame",4716,1113,995,85862
POST_00768,user_3237,2026-07-29 14:16:11.189091,Reddit,Anyone getting the new #Smartphone2024? I can't decide.,"#Smartphone2024,#GadgetReview",113,20,24,9103
POST_00769,user_4701,2026-07-27 00:42:11.189091,Twitter,Watching #Cinema with my friends this weekend.,#Cinema,296,91,17,37863
POST_00770,user_4168,2026-08-09 11:29:11.189091,Reddit,"Wow, the screen on the #TechLaunch is stunning.","#GadgetReview,#Smartphone2024,#TechLaunch",1197,251,313,33874
POST_00771,user_1458,2026-07-20 01:22:11.189091,Instagram,Watching the #SportsEvent with friends. Game is tied. @user_1458 ,"#Finals,#SportsEvent",2871,674,565,77517
POST_00772,user_3138,2026-08-02 16:38:11.189091,Reddit,Just saw the specs for the #TechLaunch phone. They seem okay. https://example.com/link,"#GadgetReview,#TechLaunch",1164,458,337,75766
POST_00773,user_1636,2026-07-28 00:57:11.189091,Instagram,Can't stop thinking about that game winning play at the #SportsEvent!,"#SportsEvent,#Finals,#ChampionshipGame",885,340,94,36055
POST_00774,user_3902,2026-07-19 12:43:11.189091,Reddit,The broadcast quality for the #SportsEvent is awful. 😡,#ChampionshipGame,7169,1605,551,69039
POST_00775,user_4363,2026-07-16 14:24:11.189091,Reddit,Watching the #ChampionshipGame with friends. Game is tied. https://example.com/link,#SportsEvent,126,48,23,34484
POST_00776,user_2282,2026-07-30 13:13:11.189091,Twitter,Just saw the specs for the #GadgetReview phone. They seem okay.,"#TechLaunch,#Smartphone2024,#GadgetReview",2128,287,287,61931
POST_00777,user_961,2026-07-16 05:47:11.189091,Reddit,Can't believe we lost the #SportsEvent. So heartbroken right now.,#SportsEvent,101,30,5,25765
POST_00778,user_2311,2026-07-28 06:18:11.189091,Twitter,The visual effects in #Blockbuster blew my mind. 10/10.,"#MovieRelease,#Cinema,#Blockbuster",1994,284,311,61894
POST_00779,user_1151,2026-07-31 07:14:11.189091,Instagram,The visual effects in #Blockbuster blew my mind. 10/10.,"#MovieRelease,#Blockbuster,#Cinema",3246,477,968,61044
POST_00780,user_1084,2026-07-29 07:15:11.189091,Instagram,What a waste of time. #MovieRelease was completely boring. 🥱,#Cinema,198,58,10,43806
POST_00781,user_4155,2026-07-23 03:23:11.189091,Twitter,Just saw the specs for the #TechLaunch phone. They seem okay.,"#GadgetReview,#Smartphone2024,#TechLaunch",1641,611,175,61555
POST_00782,user_2236,2026-07-20 18:32:11.189091,Reddit,Just watched the new #Blockbuster. Best movie of the year! 🍿🎬,#Blockbuster,4651,775,375,62168
POST_00783,user_922,2026-07-27 03:53:11.189091,Instagram,Can't stop thinking about that game winning play at the #SportsEvent!,"#Finals,#SportsEvent",1285,477,95,21134
POST_00784,user_3933,2026-07-27 21:14:11.189091,Instagram,Incredible display of skill at the #Finals today.,#Finals,3491,997,1014,60374
POST_00785,user_18,2026-07-13 16:38:11.189091,Instagram,Terrible refereeing ruined the #ChampionshipGame. Absolutely rigged. 🗑️,#ChampionshipGame,5962,1176,1280,91728
POST_00786,user_2090,2026-08-02 09:59:11.189091,Instagram,The visual effects in #Cinema blew my mind. 10/10.,"#MovieRelease,#Blockbuster",314,91,40,46610
POST_00787,user_1399,2026-08-10 20:19:11.189091,Instagram,The #SportsEvent is pretty competitive this year.,"#Finals,#ChampionshipGame",1216,247,205,36470
POST_00788,user_1065,2026-07-13 01:14:11.189091,Twitter,The plot in #MovieRelease made no sense. Avoid at all costs. @user_1065 ,"#MovieRelease,#Blockbuster",2010,347,346,83072
POST_00789,user_3663,2026-07-27 21:26:11.189091,Twitter,Best #GadgetReview I have ever used. Highly recommend!,#TechLaunch,2727,434,634,49061
POST_00790,user_4011,2026-08-11 01:23:11.189091,Instagram,The battery life on this #GadgetReview is a joke. 🗑️ @user_4011 ,"#GadgetReview,#TechLaunch,#Smartphone2024",481,157,44,46520
POST_00791,user_2726,2026-08-02 06:57:11.189091,Instagram,The battery life on this #Smartphone2024 is a joke. 🗑️,"#TechLaunch,#GadgetReview,#Smartphone2024",6574,1222,1335,71886
POST_00792,user_488,2026-07-31 20:39:11.189091,Instagram,Will wait for the reviews before buying the #GadgetReview device. https://example.com/link,#Smartphone2024,62,19,4,14136
POST_00793,user_2063,2026-07-13 00:12:11.189091,Reddit,Anyone getting the new #Smartphone2024? I can't decide.,#Smartphone2024,3356,563,912,70462
POST_00794,user_980,2026-07-24 20:36:11.189091,Instagram,Incredible performance by the lead actor in #Blockbuster! A must watch!,"#Blockbuster,#MovieRelease",3196,709,690,39432
POST_00795,user_4450,2026-07-28 07:33:11.189091,Twitter,The broadcast quality for the #SportsEvent is awful. 😡,#ChampionshipGame,711,172,58,73812
POST_00796,user_3767,2026-07-15 01:19:11.189091,Twitter,Watching #Cinema with my friends this weekend.,"#Cinema,#Blockbuster",174,69,11,9874
POST_00797,user_1078,2026-08-02 17:09:11.189091,Twitter,The broadcast quality for the #ChampionshipGame is awful. 😡,"#SportsEvent,#ChampionshipGame,#Finals",4,1,0,680
POST_00798,user_298,2026-07-28 12:51:11.189091,Instagram,Terrible refereeing ruined the #SportsEvent. Absolutely rigged. 🗑️,#ChampionshipGame,244,50,38,8318
POST_00799,user_4609,2026-07-20 10:19:11.189091,Instagram,The new #Smartphone2024 phone is absolutely amazing! The camera is unreal! 📱✨ @user_4609 ,"#Smartphone2024,#GadgetReview,#TechLaunch",650,113,154,8413
POST_00800,user_2941,2026-07-31 11:23:11.189091,Reddit,Who do you think will win the #Finals?,"#SportsEvent,#ChampionshipGame",155,58,35,11588
POST_00801,user_506,2026-07-31 21:26:11.189091,Reddit,Worst performance by my team in the #ChampionshipGame. Embarrassing.,"#ChampionshipGame,#SportsEvent,#Finals",3407,1004,428,36916
POST_00802,user_585,2026-07-24 18:32:11.189091,Instagram,"Tickets for #Cinema were expensive, hope it's worth it.",#Blockbuster,4900,1736,1117,99856
POST_00803,user_1840,2026-07-23 19:48:11.189091,Instagram,Terrible customer service when I tried to return my #GadgetReview. Never again.,"#Smartphone2024,#TechLaunch,#GadgetReview",1628,272,140,24707
POST_00804,user_4046,2026-07-23 02:36:11.189091,Reddit,Incredible display of skill at the #ChampionshipGame today.,"#Finals,#ChampionshipGame",280,95,35,12715
POST_00805,user_1307,2026-07-26 02:36:11.189091,Instagram,The battery life on this #Smartphone2024 is a joke. 🗑️,"#TechLaunch,#GadgetReview,#Smartphone2024",2000,473,154,55457
POST_00806,user_1274,2026-07-30 00:16:11.189091,Reddit,The #SportsEvent is pretty competitive this year. @user_1274  https://example.com/link,"#Finals,#ChampionshipGame,#SportsEvent",286,87,66,23288
POST_00807,user_755,2026-08-01 22:05:11.189091,Twitter,My team finally won the #ChampionshipGame! Best day ever!,"#SportsEvent,#ChampionshipGame,#Finals",1565,624,297,19421
POST_00808,user_70,2026-07-25 11:58:11.189091,Twitter,Best #TechLaunch I have ever used. Highly recommend!,#TechLaunch,514,197,61,12389
POST_00809,user_2291,2026-07-29 01:55:11.189091,Reddit,The broadcast quality for the #SportsEvent is awful. 😡 @user_2291 ,"#ChampionshipGame,#SportsEvent,#Finals",3369,750,281,41937
POST_00810,user_970,2026-07-22 07:39:11.189091,Twitter,The visual effects in #Cinema blew my mind. 10/10. @user_970  https://example.com/link,"#Blockbuster,#Cinema",1500,446,208,79990
POST_00811,user_2764,2026-07-13 13:48:11.189091,Twitter,Incredible performance by the lead actor in #MovieRelease! A must watch! @user_2764 ,"#MovieRelease,#Cinema,#Blockbuster",1170,129,150,48713
POST_00812,user_219,2026-08-08 07:27:11.189091,Twitter,The new #GadgetReview phone is absolutely amazing! The camera is unreal! 📱✨,"#GadgetReview,#Smartphone2024,#TechLaunch",1171,468,216,26937
POST_00813,user_3920,2026-08-02 12:42:11.189091,Reddit,Going to see #Blockbuster tonight. Hope it's good.,"#Blockbuster,#MovieRelease",510,181,64,17470
POST_00814,user_3124,2026-07-28 16:47:11.189091,Twitter,Anyone getting the new #TechLaunch? I can't decide.,"#Smartphone2024,#TechLaunch,#GadgetReview",2993,366,533,95708
POST_00815,user_4499,2026-08-08 09:03:11.189091,Reddit,Incredible display of skill at the #SportsEvent today. https://example.com/link,"#ChampionshipGame,#SportsEvent",2156,238,242,73266
POST_00816,user_606,2026-07-15 21:53:11.189091,Twitter,Getting snacks ready for the #SportsEvent. https://example.com/link,#ChampionshipGame,167,31,28,19229
POST_00817,user_4997,2026-07-20 23:26:11.189091,Instagram,Just watched the new #Blockbuster. Best movie of the year! 🍿🎬 https://example.com/link,"#Blockbuster,#MovieRelease,#Cinema",4608,708,935,97782
POST_00818,user_3649,2026-07-16 01:30:11.189091,Twitter,Going to see #Blockbuster tonight. Hope it's good. @user_3649 ,#Blockbuster,125,49,23,29108
POST_00819,user_3989,2026-07-14 12:19:11.189091,Instagram,Anyone getting the new #Smartphone2024? I can't decide.,#GadgetReview,1395,345,245,85748
POST_00820,user_1812,2026-07-29 15:48:11.189091,Twitter,Getting snacks ready for the #ChampionshipGame.,"#Finals,#ChampionshipGame",351,130,85,72168
POST_00821,user_701,2026-08-01 01:39:11.189091,Instagram,"Tickets for #MovieRelease were expensive, hope it's worth it.",#Cinema,3268,1032,801,81897
POST_00822,user_3236,2026-07-17 15:07:11.189091,Twitter,What a thrilling finish to the #SportsEvent! Unbelievable! 🏆🔥,"#SportsEvent,#Finals",3941,1554,1125,63040
POST_00823,user_4993,2026-07-13 23:32:11.189091,Twitter,Extremely disappointed with the #GadgetReview phone. Overheating issues are terrible. 😡,"#Smartphone2024,#TechLaunch,#GadgetReview",1835,298,424,29005
POST_00824,user_721,2026-07-31 07:17:11.189091,Reddit,Finally got my hands on the #GadgetReview device. Loving the battery life. 😍 @user_721 ,#TechLaunch,2048,666,136,79953
POST_00825,user_2502,2026-08-05 06:41:11.189091,Instagram,Anyone getting the new #GadgetReview? I can't decide. @user_2502 ,"#Smartphone2024,#GadgetReview,#TechLaunch",3579,967,1014,78963
POST_00826,user_3297,2026-07-17 20:44:11.189091,Reddit,Best #TechLaunch I have ever used. Highly recommend!,"#GadgetReview,#TechLaunch",507,123,130,70713
POST_00827,user_3133,2026-07-30 03:42:11.189091,Instagram,Worst performance by my team in the #ChampionshipGame. Embarrassing.,"#ChampionshipGame,#SportsEvent",2784,582,715,55279
POST_00828,user_2783,2026-07-19 09:21:11.189091,Reddit,What a waste of time. #MovieRelease was completely boring. 🥱,"#MovieRelease,#Cinema",600,93,110,8526
POST_00829,user_673,2026-07-30 18:28:11.189091,Instagram,Who do you think will win the #Finals? https://example.com/link,"#SportsEvent,#Finals",1454,447,415,80010
POST_00830,user_3037,2026-07-23 02:10:11.189091,Twitter,The broadcast quality for the #ChampionshipGame is awful. 😡 @user_3037  https://example.com/link,"#ChampionshipGame,#SportsEvent",6740,1555,1340,98291
POST_00831,user_1978,2026-07-24 08:48:11.189091,Twitter,Comparing the #Smartphone2024 with other models.,"#Smartphone2024,#GadgetReview",575,66,46,51942
POST_00832,user_4318,2026-07-28 04:01:11.189091,Twitter,Watching the #ChampionshipGame with friends. Game is tied.,#SportsEvent,1101,239,180,32674
POST_00833,user_1935,2026-08-06 11:50:11.189091,Twitter,The plot in #Blockbuster made no sense. Avoid at all costs.,#Blockbuster,5324,708,1556,99475
POST_00834,user_3122,2026-07-22 15:26:11.189091,Twitter,Who do you think will win the #ChampionshipGame?,#ChampionshipGame,627,104,127,28959
POST_00835,user_4648,2026-08-08 20:54:11.189091,Reddit,"Tickets for #Cinema were expensive, hope it's worth it. @user_4648 ","#Blockbuster,#Cinema",21,4,3,1254
POST_00836,user_597,2026-08-03 04:00:11.189091,Twitter,Finally got my hands on the #TechLaunch device. Loving the battery life. 😍 @user_597 ,#TechLaunch,907,306,126,70704
POST_00837,user_2173,2026-07-23 09:06:11.189091,Twitter,Not worth the upgrade. #TechLaunch is just a rehash of last year's model.,"#GadgetReview,#Smartphone2024",952,360,149,29247
POST_00838,user_4451,2026-08-10 14:48:11.189091,Reddit,I was on the edge of my seat during #Blockbuster!,#MovieRelease,2925,966,259,79523
POST_00839,user_1980,2026-07-13 11:50:11.189091,Instagram,Anyone getting the new #TechLaunch? I can't decide.,"#TechLaunch,#Smartphone2024",2093,508,589,74384
POST_00840,user_2166,2026-07-19 17:36:11.189091,Twitter,"Tickets for #Blockbuster were expensive, hope it's worth it.",#MovieRelease,91,27,24,25685
POST_00841,user_3907,2026-07-28 02:59:11.189091,Twitter,Who do you think will win the #Finals?,"#SportsEvent,#ChampionshipGame",1828,500,120,92228
POST_00842,user_3343,2026-07-21 11:17:11.189091,Reddit,What a waste of time. #MovieRelease was completely boring. 🥱,#Cinema,3122,1141,681,80639
POST_00843,user_4258,2026-07-29 04:45:11.189091,Reddit,"Tickets for #Blockbuster were expensive, hope it's worth it. @user_4258 ","#Blockbuster,#MovieRelease",509,126,53,65691
POST_00844,user_985,2026-07-25 22:01:11.189091,Twitter,Just watched the new #Cinema. Best movie of the year! 🍿🎬 @user_985 ,"#Blockbuster,#Cinema",1097,241,259,39132
POST_00845,user_4185,2026-08-05 22:48:11.189091,Reddit,Incredible display of skill at the #ChampionshipGame today. https://example.com/link,"#ChampionshipGame,#Finals",2877,950,286,32231
POST_00846,user_3592,2026-08-04 19:06:11.189091,Instagram,The battery life on this #GadgetReview is a joke. 🗑️,"#TechLaunch,#Smartphone2024",875,146,174,53963
POST_00847,user_4472,2026-07-18 16:45:11.189091,Reddit,Incredible display of skill at the #Finals today.,#SportsEvent,2367,600,342,40548
POST_00848,user_2208,2026-07-24 02:32:11.189091,Twitter,Can't believe we lost the #Finals. So heartbroken right now. @user_2208 ,#ChampionshipGame,2334,686,195,75965
POST_00849,user_4011,2026-07-26 12:52:11.189091,Reddit,Not worth the upgrade. #GadgetReview is just a rehash of last year's model. https://example.com/link,#Smartphone2024,754,168,43,81486
POST_00850,user_1702,2026-07-14 14:03:11.189091,Twitter,Terrible customer service when I tried to return my #Smartphone2024. Never again.,"#Smartphone2024,#GadgetReview,#TechLaunch",115,37,33,33653
POST_00851,user_2106,2026-08-10 19:42:11.189091,Twitter,The #Finals is pretty competitive this year.,"#Finals,#ChampionshipGame",1610,233,314,87714
POST_00852,user_2118,2026-07-15 19:39:11.189091,Reddit,I was on the edge of my seat during #Blockbuster!,#Cinema,828,242,193,12244
POST_00853,user_3170,2026-08-04 18:39:11.189091,Reddit,The visual effects in #Cinema blew my mind. 10/10.,"#Cinema,#Blockbuster",1342,216,357,28761
POST_00854,user_279,2026-07-22 16:55:11.189091,Twitter,Can't believe we lost the #Finals. So heartbroken right now.,"#ChampionshipGame,#Finals",10814,3348,1011,98486
POST_00855,user_199,2026-08-08 00:44:11.189091,Reddit,"#Blockbuster had some decent moments, but overall average.","#Blockbuster,#Cinema,#MovieRelease",400,40,79,16255
POST_00856,user_1671,2026-07-21 00:04:11.189091,Instagram,Best #Smartphone2024 I have ever used. Highly recommend!,"#GadgetReview,#Smartphone2024,#TechLaunch",3654,1131,1071,85369
POST_00857,user_2944,2026-08-04 18:52:11.189091,Reddit,"#Blockbuster had some decent moments, but overall average.","#Blockbuster,#Cinema,#MovieRelease",2412,406,306,95906
POST_00858,user_3606,2026-08-10 07:47:11.189091,Twitter,Extremely disappointed with the #TechLaunch phone. Overheating issues are terrible. 😡,"#TechLaunch,#GadgetReview",194,44,32,3176
POST_00859,user_727,2026-08-09 00:48:11.189091,Twitter,Terrible refereeing ruined the #ChampionshipGame. Absolutely rigged. 🗑️,"#SportsEvent,#Finals,#ChampionshipGame",1501,213,316,40250
POST_00860,user_2001,2026-07-29 10:12:11.189091,Instagram,Extremely disappointed with the #Smartphone2024 phone. Overheating issues are terrible. 😡 @user_2001 ,#GadgetReview,8005,2087,1906,92974
POST_00861,user_3441,2026-07-22 21:41:11.189091,Instagram,Who do you think will win the #SportsEvent? https://example.com/link,#SportsEvent,186,66,16,46400
POST_00862,user_2371,2026-07-15 15:04:11.189091,Instagram,What a waste of time. #MovieRelease was completely boring. 🥱 https://example.com/link,#Cinema,3196,485,195,38512
POST_00863,user_1035,2026-08-01 08:34:11.189091,Reddit,The #ChampionshipGame is pretty competitive this year. @user_1035  https://example.com/link,"#SportsEvent,#ChampionshipGame",3323,575,171,83286
POST_00864,user_4104,2026-07-17 14:10:11.189091,Reddit,Just saw the specs for the #GadgetReview phone. They seem okay.,"#Smartphone2024,#GadgetReview,#TechLaunch",801,184,226,23446
POST_00865,user_2822,2026-07-13 03:42:11.189091,Twitter,Who do you think will win the #Finals?,"#Finals,#ChampionshipGame",1491,312,224,55001
POST_00866,user_1779,2026-08-09 09:14:11.189091,Reddit,Comparing the #Smartphone2024 with other models. @user_1779 ,#Smartphone2024,1931,634,469,50131
POST_00867,user_3746,2026-07-25 06:24:11.189091,Twitter,Watching the #SportsEvent with friends. Game is tied. https://example.com/link,#Finals,1854,613,503,52523
POST_00868,user_979,2026-08-01 03:48:11.189091,Reddit,Can't stop thinking about that game winning play at the #ChampionshipGame!,"#ChampionshipGame,#Finals,#SportsEvent",1605,588,403,30512
POST_00869,user_4059,2026-07-21 18:26:11.189091,Reddit,Can't stop thinking about that game winning play at the #Finals! @user_4059 ,"#ChampionshipGame,#Finals,#SportsEvent",3886,534,1140,65826
POST_00870,user_3664,2026-07-25 04:46:11.189091,Twitter,Incredible performance by the lead actor in #Cinema! A must watch!,"#Cinema,#MovieRelease",8972,1583,2313,96174
POST_00871,user_4726,2026-07-13 16:39:11.189091,Twitter,Worst ending ever. #MovieRelease completely ruined the franchise. @user_4726  https://example.com/link,"#MovieRelease,#Cinema",9342,1365,1557,81365
POST_00872,user_1274,2026-07-13 14:27:11.189091,Instagram,The battery life on this #TechLaunch is a joke. 🗑️ @user_1274 ,"#Smartphone2024,#GadgetReview,#TechLaunch",6858,2405,399,81632
POST_00873,user_4998,2026-08-08 11:27:11.189091,Reddit,What a waste of time. #Blockbuster was completely boring. 🥱,"#Blockbuster,#Cinema,#MovieRelease",6095,2361,767,63303
POST_00874,user_3325,2026-08-06 05:25:11.189091,Reddit,Just saw the specs for the #TechLaunch phone. They seem okay.,#TechLaunch,130,48,26,2895
POST_00875,user_798,2026-08-01 14:16:11.189091,Twitter,"Wow, the screen on the #TechLaunch is stunning.","#TechLaunch,#GadgetReview,#Smartphone2024",374,50,36,29872
POST_00876,user_1576,2026-07-24 05:49:11.189091,Twitter,Will wait for the reviews before buying the #Smartphone2024 device. @user_1576 ,"#Smartphone2024,#GadgetReview,#TechLaunch",328,60,96,22457
POST_00877,user_1682,2026-08-01 00:25:11.189091,Twitter,Will wait for the reviews before buying the #GadgetReview device. https://example.com/link,"#TechLaunch,#Smartphone2024",826,257,209,33649
POST_00878,user_2491,2026-07-30 00:03:11.189091,Instagram,The broadcast quality for the #ChampionshipGame is awful. 😡 https://example.com/link,"#Finals,#ChampionshipGame,#SportsEvent",211,39,19,30367
POST_00879,user_2694,2026-07-26 12:11:11.189091,Instagram,Terrible customer service when I tried to return my #GadgetReview. Never again.,"#GadgetReview,#TechLaunch,#Smartphone2024",2510,907,704,56482
POST_00880,user_974,2026-08-02 13:41:11.189091,Reddit,My team finally won the #SportsEvent! Best day ever! https://example.com/link,"#ChampionshipGame,#Finals,#SportsEvent",634,151,35,18803
POST_00881,user_2477,2026-07-23 23:28:11.189091,Instagram,"Tickets for #MovieRelease were expensive, hope it's worth it.","#Blockbuster,#MovieRelease,#Cinema",1962,566,289,42254
POST_00882,user_1492,2026-08-10 04:28:11.189091,Twitter,Not worth the upgrade. #TechLaunch is just a rehash of last year's model.,"#TechLaunch,#GadgetReview",3982,1569,591,64619
POST_00883,user_4653,2026-08-03 03:10:11.189091,Twitter,Terrible customer service when I tried to return my #Smartphone2024. Never again.,#GadgetReview,288,104,65,9996
POST_00884,user_1753,2026-07-30 19:51:11.189091,Twitter,The #ChampionshipGame is pretty competitive this year.,"#SportsEvent,#ChampionshipGame",2047,592,412,75247
POST_00885,user_4536,2026-07-30 14:52:11.189091,Reddit,Anyone getting the new #TechLaunch? I can't decide.,#TechLaunch,1780,243,493,49627
POST_00886,user_1901,2026-07-20 01:05:11.189091,Twitter,Extremely disappointed with the #TechLaunch phone. Overheating issues are terrible. 😡,"#Smartphone2024,#TechLaunch,#GadgetReview",1095,389,118,22042
POST_00887,user_2856,2026-07-15 14:05:11.189091,Twitter,Best #TechLaunch I have ever used. Highly recommend! @user_2856 ,"#Smartphone2024,#GadgetReview,#TechLaunch",152,58,21,7341
POST_00888,user_1131,2026-07-28 07:12:11.189091,Twitter,The plot in #MovieRelease made no sense. Avoid at all costs.,"#Cinema,#MovieRelease",6876,2304,1362,88312
POST_00889,user_1420,2026-07-28 17:14:11.189091,Twitter,The plot in #Cinema made no sense. Avoid at all costs. @user_1420 ,"#MovieRelease,#Blockbuster,#Cinema",4435,739,476,99447
POST_00890,user_3720,2026-07-29 22:17:11.189091,Reddit,I fell asleep halfway through #Cinema. @user_3720 ,"#Cinema,#MovieRelease,#Blockbuster",2042,383,313,22443
POST_00891,user_1688,2026-08-07 02:41:11.189091,Twitter,I fell asleep halfway through #Cinema.,"#Blockbuster,#Cinema,#MovieRelease",3947,1114,363,71904
POST_00892,user_3076,2026-07-31 02:23:11.189091,Reddit,Worst ending ever. #MovieRelease completely ruined the franchise.,"#Blockbuster,#MovieRelease",2697,276,506,32671
POST_00893,user_2839,2026-07-13 08:34:11.189091,Twitter,Finally got my hands on the #TechLaunch device. Loving the battery life. 😍,"#GadgetReview,#TechLaunch,#Smartphone2024",3759,694,921,77909
POST_00894,user_3926,2026-08-08 10:07:11.189091,Twitter,Worst ending ever. #Blockbuster completely ruined the franchise.,"#Blockbuster,#Cinema,#MovieRelease",447,168,123,10770
POST_00895,user_3293,2026-07-26 02:43:11.189091,Reddit,Can't believe we lost the #SportsEvent. So heartbroken right now.,#ChampionshipGame,741,209,118,72620
POST_00896,user_3037,2026-07-27 16:24:11.189091,Instagram,Finally got my hands on the #GadgetReview device. Loving the battery life. 😍,"#TechLaunch,#GadgetReview",1787,243,169,83696
POST_00897,user_102,2026-08-04 04:37:11.189091,Instagram,Who do you think will win the #ChampionshipGame? @user_102 ,#ChampionshipGame,1413,160,74,49558
POST_00898,user_4689,2026-08-11 04:26:11.189091,Twitter,What a waste of time. #Cinema was completely boring. 🥱 @user_4689 ,"#MovieRelease,#Blockbuster,#Cinema",7200,781,1433,92761
POST_00899,user_3625,2026-08-02 15:35:11.189091,Reddit,Comparing the #GadgetReview with other models.,"#GadgetReview,#Smartphone2024,#TechLaunch",4449,1340,454,98986
POST_00900,user_2752,2026-07-24 18:33:11.189091,Reddit,The new #Smartphone2024 phone is absolutely amazing! The camera is unreal! 📱✨,"#Smartphone2024,#TechLaunch,#GadgetReview",5418,591,356,75329
POST_00901,user_4502,2026-07-23 18:37:11.189091,Instagram,Just watched the new #Blockbuster. Best movie of the year! 🍿🎬,#Cinema,2767,380,159,43933
POST_00902,user_681,2026-07-31 06:41:11.189091,Reddit,"Tickets for #Blockbuster were expensive, hope it's worth it.","#Cinema,#MovieRelease",356,80,71,28839
POST_00903,user_4615,2026-07-13 05:48:11.189091,Reddit,Just watched the new #Cinema. Best movie of the year! 🍿🎬,"#MovieRelease,#Cinema",4797,1103,557,60428
POST_00904,user_1271,2026-07-19 13:37:11.189091,Twitter,Watching the #ChampionshipGame with friends. Game is tied.,"#ChampionshipGame,#Finals,#SportsEvent",978,314,68,32905
POST_00905,user_2834,2026-07-19 11:17:11.189091,Instagram,Worst performance by my team in the #SportsEvent. Embarrassing. https://example.com/link,"#SportsEvent,#ChampionshipGame",821,296,238,13083
POST_00906,user_1619,2026-07-21 08:05:11.189091,Twitter,Watching the #SportsEvent with friends. Game is tied.,#ChampionshipGame,1050,329,183,32414
POST_00907,user_4394,2026-08-05 05:41:11.189091,Instagram,The plot in #Blockbuster made no sense. Avoid at all costs. @user_4394 ,"#MovieRelease,#Blockbuster,#Cinema",4069,1263,439,73605
POST_00908,user_2078,2026-07-30 01:24:11.189091,Instagram,Best #GadgetReview I have ever used. Highly recommend! https://example.com/link,"#GadgetReview,#Smartphone2024",2290,769,192,37833
POST_00909,user_1625,2026-07-22 23:26:11.189091,Reddit,Watching #MovieRelease with my friends this weekend.,#MovieRelease,1859,444,167,53096
POST_00910,user_1774,2026-07-21 17:16:11.189091,Reddit,Just saw the specs for the #Smartphone2024 phone. They seem okay.,"#TechLaunch,#Smartphone2024,#GadgetReview",924,154,173,66289
POST_00911,user_4046,2026-07-16 13:19:11.189091,Instagram,"Tickets for #Cinema were expensive, hope it's worth it. @user_4046  https://example.com/link","#MovieRelease,#Cinema,#Blockbuster",111,37,30,16809
POST_00912,user_449,2026-07-22 12:16:11.189091,Instagram,"#Blockbuster had some decent moments, but overall average. @user_449 ","#MovieRelease,#Blockbuster,#Cinema",3555,950,317,85129
POST_00913,user_923,2026-08-03 08:38:11.189091,Instagram,Who do you think will win the #Finals?,#SportsEvent,686,120,59,77630
POST_00914,user_3093,2026-08-03 04:32:11.189091,Instagram,Comparing the #GadgetReview with other models. https://example.com/link,"#GadgetReview,#TechLaunch,#Smartphone2024",3344,487,402,73049
POST_00915,user_3991,2026-08-04 23:16:11.189091,Instagram,Terrible customer service when I tried to return my #Smartphone2024. Never again. https://example.com/link,#Smartphone2024,400,133,26,34364
POST_00916,user_434,2026-08-05 09:58:11.189091,Instagram,Watching #Blockbuster with my friends this weekend. https://example.com/link,#MovieRelease,1785,341,272,82325
POST_00917,user_413,2026-07-27 06:07:11.189091,Reddit,Best #Smartphone2024 I have ever used. Highly recommend!,"#TechLaunch,#GadgetReview,#Smartphone2024",2232,593,490,85444
POST_00918,user_3012,2026-08-07 02:12:11.189091,Twitter,Who do you think will win the #SportsEvent? @user_3012 ,"#Finals,#ChampionshipGame",746,235,178,30766
POST_00919,user_828,2026-08-11 08:25:11.189091,Instagram,Can't believe we lost the #SportsEvent. So heartbroken right now. @user_828 ,"#SportsEvent,#ChampionshipGame",611,82,164,17441
POST_00920,user_3077,2026-07-25 18:36:11.189091,Twitter,Can't believe we lost the #SportsEvent. So heartbroken right now.,"#ChampionshipGame,#SportsEvent",1204,297,110,15935
POST_00921,user_552,2026-07-20 10:45:11.189091,Twitter,Best #Smartphone2024 I have ever used. Highly recommend! https://example.com/link,"#Smartphone2024,#GadgetReview",2079,274,512,21635
POST_00922,user_1384,2026-08-08 04:17:11.189091,Instagram,The visual effects in #Cinema blew my mind. 10/10. https://example.com/link,"#Blockbuster,#MovieRelease",2147,810,234,41669
POST_00923,user_2709,2026-07-29 21:38:11.189091,Instagram,Can't believe we lost the #SportsEvent. So heartbroken right now.,"#SportsEvent,#ChampionshipGame,#Finals",4176,475,1215,50610
POST_00924,user_4721,2026-07-19 01:56:11.189091,Reddit,Incredible display of skill at the #SportsEvent today. https://example.com/link,#ChampionshipGame,3097,461,459,52090
POST_00925,user_4482,2026-07-23 03:00:11.189091,Instagram,Terrible refereeing ruined the #ChampionshipGame. Absolutely rigged. 🗑️ @user_4482  https://example.com/link,"#ChampionshipGame,#SportsEvent,#Finals",2855,598,770,50242
POST_00926,user_2710,2026-07-20 15:48:11.189091,Instagram,"#MovieRelease had some decent moments, but overall average. https://example.com/link","#Cinema,#MovieRelease",355,114,53,10151
POST_00927,user_561,2026-08-02 20:25:11.189091,Reddit,Comparing the #TechLaunch with other models.,"#GadgetReview,#Smartphone2024,#TechLaunch",1442,573,247,50843
POST_00928,user_192,2026-07-20 23:09:11.189091,Instagram,Can't believe we lost the #ChampionshipGame. So heartbroken right now.,#ChampionshipGame,1747,621,118,26191
POST_00929,user_2306,2026-07-14 00:59:11.189091,Instagram,Watching the #SportsEvent with friends. Game is tied.,"#SportsEvent,#Finals",2259,359,145,57357
POST_00930,user_3740,2026-07-29 17:17:11.189091,Instagram,Watching the #ChampionshipGame with friends. Game is tied.,"#SportsEvent,#ChampionshipGame",2316,870,540,92424
POST_00931,user_4146,2026-08-05 22:43:11.189091,Twitter,Best #TechLaunch I have ever used. Highly recommend!,#Smartphone2024,5155,1401,979,63672
POST_00932,user_3858,2026-08-11 13:39:11.189091,Instagram,The plot in #Blockbuster made no sense. Avoid at all costs.,"#MovieRelease,#Cinema,#Blockbuster",790,88,75,70861
POST_00933,user_259,2026-07-24 03:55:11.189091,Reddit,Going to see #Blockbuster tonight. Hope it's good. @user_259 ,#MovieRelease,1868,736,413,50969
POST_00934,user_1001,2026-07-29 14:18:11.189091,Twitter,I fell asleep halfway through #Cinema.,#Cinema,4143,1357,960,86021
POST_00935,user_733,2026-07-20 17:47:11.189091,Twitter,The plot in #Blockbuster made no sense. Avoid at all costs.,"#Cinema,#Blockbuster",1743,216,108,42900
POST_00936,user_205,2026-07-29 09:58:11.189091,Reddit,The new #TechLaunch phone is absolutely amazing! The camera is unreal! 📱✨ @user_205 ,"#Smartphone2024,#GadgetReview,#TechLaunch",1529,528,244,77362
POST_00937,user_3609,2026-08-09 22:19:11.189091,Instagram,"#Cinema had some decent moments, but overall average. https://example.com/link","#Blockbuster,#Cinema",2511,924,210,54820
POST_00938,user_576,2026-08-03 10:35:11.189091,Twitter,I was on the edge of my seat during #Cinema!,"#Blockbuster,#Cinema",7294,1093,2114,89598
POST_00939,user_4185,2026-07-27 21:18:11.189091,Twitter,Just saw the specs for the #GadgetReview phone. They seem okay. @user_4185 ,"#Smartphone2024,#GadgetReview,#TechLaunch",281,47,31,8258
POST_00940,user_1478,2026-07-26 15:15:11.189091,Instagram,"Wow, the screen on the #TechLaunch is stunning.","#GadgetReview,#TechLaunch,#Smartphone2024",281,41,70,26944
POST_00941,user_3336,2026-07-28 23:25:11.189091,Instagram,Just saw the specs for the #GadgetReview phone. They seem okay.,#TechLaunch,1320,499,261,79315
POST_00942,user_4817,2026-07-17 06:11:11.189091,Reddit,Terrible refereeing ruined the #Finals. Absolutely rigged. 🗑️,#SportsEvent,187,54,16,44067
POST_00943,user_4763,2026-08-04 10:27:11.189091,Instagram,Can't believe we lost the #ChampionshipGame. So heartbroken right now.,"#ChampionshipGame,#Finals",1781,467,514,71913
POST_00944,user_2785,2026-07-23 04:51:11.189091,Twitter,Just watched the new #MovieRelease. Best movie of the year! 🍿🎬,"#Blockbuster,#Cinema,#MovieRelease",120,14,27,3893
POST_00945,user_2708,2026-08-03 01:44:11.189091,Reddit,Can't believe we lost the #Finals. So heartbroken right now.,"#ChampionshipGame,#SportsEvent,#Finals",580,139,110,79012
POST_00946,user_1637,2026-08-01 18:07:11.189091,Reddit,Best #GadgetReview I have ever used. Highly recommend! https://example.com/link,"#Smartphone2024,#TechLaunch",2630,770,448,87559
POST_00947,user_1110,2026-07-16 13:55:11.189091,Instagram,I was on the edge of my seat during #MovieRelease!,#Blockbuster,2897,862,852,80549
POST_00948,user_2341,2026-07-14 01:04:11.189091,Instagram,What a thrilling finish to the #ChampionshipGame! Unbelievable! 🏆🔥 @user_2341 ,"#Finals,#ChampionshipGame",897,274,251,10574
POST_00949,user_3148,2026-08-03 16:24:11.189091,Reddit,The broadcast quality for the #SportsEvent is awful. 😡,"#SportsEvent,#ChampionshipGame,#Finals",415,49,99,97282
POST_00950,user_1233,2026-07-18 13:16:11.189091,Reddit,Incredible performance by the lead actor in #Cinema! A must watch! https://example.com/link,"#Blockbuster,#MovieRelease",1419,507,258,85292
POST_00951,user_1639,2026-07-25 11:45:11.189091,Reddit,"Tickets for #Cinema were expensive, hope it's worth it.","#MovieRelease,#Blockbuster",578,184,157,19740
POST_00952,user_2214,2026-08-01 20:00:11.189091,Twitter,The plot in #MovieRelease made no sense. Avoid at all costs. @user_2214  https://example.com/link,"#Blockbuster,#MovieRelease,#Cinema",1634,175,250,24925
POST_00953,user_1581,2026-08-04 15:58:11.189091,Reddit,Terrible refereeing ruined the #SportsEvent. Absolutely rigged. 🗑️,"#ChampionshipGame,#Finals,#SportsEvent",465,119,58,33409
POST_00954,user_3716,2026-08-09 23:25:11.189091,Twitter,Just watched the new #MovieRelease. Best movie of the year! 🍿🎬 @user_3716 ,"#Blockbuster,#Cinema,#MovieRelease",48,5,12,2157
POST_00955,user_1392,2026-07-31 15:01:11.189091,Reddit,Finally got my hands on the #TechLaunch device. Loving the battery life. 😍,#Smartphone2024,2590,407,691,64349
POST_00956,user_650,2026-07-23 01:09:11.189091,Instagram,Finally got my hands on the #Smartphone2024 device. Loving the battery life. 😍,#Smartphone2024,2179,761,603,28919
POST_00957,user_3380,2026-08-03 23:15:11.189091,Twitter,Best #TechLaunch I have ever used. Highly recommend! @user_3380 ,#Smartphone2024,816,286,137,51428
POST_00958,user_3257,2026-07-14 01:07:11.189091,Instagram,Just saw the specs for the #GadgetReview phone. They seem okay.,#Smartphone2024,624,77,136,13741
POST_00959,user_1967,2026-07-20 08:54:11.189091,Reddit,I was on the edge of my seat during #Blockbuster!,#Cinema,3626,404,858,49321
POST_00960,user_2610,2026-07-27 06:07:11.189091,Twitter,I was on the edge of my seat during #Cinema! https://example.com/link,"#MovieRelease,#Blockbuster,#Cinema",3739,796,396,96348
POST_00961,user_3198,2026-07-30 22:28:11.189091,Twitter,Worst ending ever. #MovieRelease completely ruined the franchise. @user_3198 ,"#Cinema,#MovieRelease,#Blockbuster",3663,791,609,57223
POST_00962,user_2003,2026-07-16 15:41:11.189091,Twitter,Finally got my hands on the #GadgetReview device. Loving the battery life. 😍 https://example.com/link,"#Smartphone2024,#GadgetReview,#TechLaunch",1230,298,169,29639
POST_00963,user_791,2026-07-14 16:01:11.189091,Instagram,Going to see #MovieRelease tonight. Hope it's good. https://example.com/link,#Cinema,1017,131,226,33760
POST_00964,user_4988,2026-08-04 19:43:11.189091,Twitter,Watching the #Finals with friends. Game is tied.,"#Finals,#ChampionshipGame,#SportsEvent",2610,976,264,59538
POST_00965,user_2984,2026-07-13 12:14:11.189091,Instagram,Can't believe we lost the #SportsEvent. So heartbroken right now.,"#ChampionshipGame,#SportsEvent",1497,374,422,48585
POST_00966,user_3542,2026-07-20 03:37:11.189091,Instagram,"#MovieRelease had some decent moments, but overall average.","#Cinema,#Blockbuster,#MovieRelease",188,42,31,33388
POST_00967,user_1253,2026-07-13 08:25:11.189091,Reddit,Terrible customer service when I tried to return my #Smartphone2024. Never again. https://example.com/link,#TechLaunch,6295,877,1837,84889
POST_00968,user_3510,2026-08-05 15:58:11.189091,Twitter,Anyone getting the new #Smartphone2024? I can't decide.,#GadgetReview,1786,470,351,58608
POST_00969,user_2757,2026-07-30 02:52:11.189091,Twitter,Who do you think will win the #SportsEvent?,"#SportsEvent,#Finals",58,10,9,57547
POST_00970,user_4945,2026-07-13 16:26:11.189091,Twitter,Watching the #SportsEvent with friends. Game is tied.,"#Finals,#ChampionshipGame",637,168,172,15673
POST_00971,user_3754,2026-07-25 14:27:11.189091,Twitter,Worst ending ever. #MovieRelease completely ruined the franchise. https://example.com/link,#Blockbuster,474,69,137,21085
POST_00972,user_4100,2026-07-22 10:47:11.189091,Instagram,What a thrilling finish to the #ChampionshipGame! Unbelievable! 🏆🔥,"#Finals,#ChampionshipGame,#SportsEvent",3651,456,921,67430
POST_00973,user_3303,2026-07-26 05:51:11.189091,Twitter,Watching #MovieRelease with my friends this weekend.,#Blockbuster,541,142,142,16182
POST_00974,user_4723,2026-07-27 16:43:11.189091,Reddit,The visual effects in #Cinema blew my mind. 10/10.,"#Blockbuster,#MovieRelease",4145,933,1123,96468
POST_00975,user_619,2026-07-31 09:40:11.189091,Twitter,Not worth the upgrade. #Smartphone2024 is just a rehash of last year's model.,#TechLaunch,4585,749,796,65864
POST_00976,user_205,2026-07-20 19:27:11.189091,Instagram,Can't stop thinking about that game winning play at the #ChampionshipGame! @user_205 ,#Finals,2910,878,555,74414
POST_00977,user_1087,2026-07-14 00:17:11.189091,Instagram,"Wow, the screen on the #TechLaunch is stunning.",#GadgetReview,2858,545,271,88981
POST_00978,user_3779,2026-07-24 04:04:11.189091,Twitter,Finally got my hands on the #Smartphone2024 device. Loving the battery life. 😍 @user_3779 ,#GadgetReview,419,42,40,21140
POST_00979,user_1882,2026-08-07 11:40:11.189091,Twitter,Who do you think will win the #ChampionshipGame?,#ChampionshipGame,65,13,15,1369
POST_00980,user_1123,2026-07-14 07:50:11.189091,Reddit,Incredible performance by the lead actor in #MovieRelease! A must watch!,"#MovieRelease,#Blockbuster",6097,622,689,66093
POST_00981,user_2022,2026-07-12 10:42:11.189091,Reddit,Not worth the upgrade. #TechLaunch is just a rehash of last year's model. @user_2022 ,"#TechLaunch,#Smartphone2024,#GadgetReview",4134,500,331,72989
POST_00982,user_781,2026-07-14 15:53:11.189091,Reddit,What a waste of time. #Blockbuster was completely boring. 🥱,#Blockbuster,6132,2054,1638,94152
POST_00983,user_2970,2026-08-09 09:53:11.189091,Instagram,Worst ending ever. #MovieRelease completely ruined the franchise. https://example.com/link,#MovieRelease,641,176,115,18014
POST_00984,user_3547,2026-07-30 16:08:11.189091,Instagram,Going to see #MovieRelease tonight. Hope it's good.,#MovieRelease,2339,815,622,93464
POST_00985,user_3145,2026-08-02 12:28:11.189091,Reddit,Terrible refereeing ruined the #SportsEvent. Absolutely rigged. 🗑️,"#Finals,#ChampionshipGame",4715,961,1125,86862
POST_00986,user_2945,2026-08-04 10:12:11.189091,Instagram,Incredible performance by the lead actor in #Cinema! A must watch! https://example.com/link,"#Cinema,#Blockbuster",2412,244,703,35990
POST_00987,user_2806,2026-07-19 11:18:11.189091,Instagram,Worst performance by my team in the #SportsEvent. Embarrassing. https://example.com/link,#SportsEvent,643,204,42,59627
POST_00988,user_4704,2026-07-16 03:02:11.189091,Instagram,Best #Smartphone2024 I have ever used. Highly recommend!,"#GadgetReview,#TechLaunch,#Smartphone2024",954,240,68,69633
POST_00989,user_696,2026-07-15 05:44:11.189091,Instagram,Will wait for the reviews before buying the #GadgetReview device.,"#TechLaunch,#Smartphone2024,#GadgetReview",146,47,34,6883
POST_00990,user_4017,2026-07-29 12:34:11.189091,Instagram,Incredible performance by the lead actor in #Cinema! A must watch!,#Cinema,2145,561,167,51848
POST_00991,user_3060,2026-08-10 13:05:11.189091,Reddit,Watching #MovieRelease with my friends this weekend. https://example.com/link,"#Blockbuster,#MovieRelease,#Cinema",300,70,24,85967
POST_00992,user_4085,2026-07-12 19:57:11.189091,Twitter,The battery life on this #GadgetReview is a joke. 🗑️,#Smartphone2024,546,170,113,82020
POST_00993,user_2027,2026-07-25 07:41:11.189091,Instagram,Finally got my hands on the #TechLaunch device. Loving the battery life. 😍 @user_2027 ,"#GadgetReview,#Smartphone2024",6760,681,1437,88490
POST_00994,user_3623,2026-07-20 05:51:11.189091,Reddit,Watching #Blockbuster with my friends this weekend.,"#Cinema,#MovieRelease",1558,553,125,69449
POST_00995,user_2597,2026-07-21 02:15:11.189091,Reddit,My team finally won the #SportsEvent! Best day ever!,#SportsEvent,233,42,32,40278
POST_00996,user_2444,2026-07-21 19:19:11.189091,Twitter,Comparing the #Smartphone2024 with other models. https://example.com/link,"#Smartphone2024,#TechLaunch",817,137,156,33812
POST_00997,user_336,2026-08-05 19:13:11.189091,Twitter,Terrible refereeing ruined the #ChampionshipGame. Absolutely rigged. 🗑️,"#Finals,#ChampionshipGame",1382,430,174,28340
POST_00998,user_4094,2026-08-09 14:03:11.189091,Twitter,Just watched the new #MovieRelease. Best movie of the year! 🍿🎬 https://example.com/link,"#Cinema,#Blockbuster,#MovieRelease",217,25,23,41356
POST_00999,user_1814,2026-07-14 07:40:11.189091,Reddit,Finally got my hands on the #TechLaunch device. Loving the battery life. 😍,"#GadgetReview,#TechLaunch",859,104,57,71672
POST_01000,user_4073,2026-07-28 07:49:11.189091,Instagram,Just saw the specs for the #TechLaunch phone. They seem okay.,"#Smartphone2024,#TechLaunch",2092,807,143,81074
POST_01001,user_2181,2026-08-07 02:11:11.189091,Twitter,Finally got my hands on the #TechLaunch device. Loving the battery life. 😍,"#GadgetReview,#TechLaunch",1375,257,124,75644
POST_01002,user_151,2026-08-09 22:22:11.189091,Instagram,Can't stop thinking about that game winning play at the #Finals!,#SportsEvent,1663,350,404,26860
POST_01003,user_4882,2026-08-11 03:51:11.189091,Instagram,Comparing the #TechLaunch with other models.,#GadgetReview,313,96,54,9046
POST_01004,user_2801,2026-07-29 21:36:11.189091,Reddit,The #ChampionshipGame is pretty competitive this year.,"#ChampionshipGame,#Finals",3146,614,658,93016
POST_01005,user_2289,2026-08-09 23:01:11.189091,Reddit,The new #Smartphone2024 phone is absolutely amazing! The camera is unreal! 📱✨,#GadgetReview,2960,679,543,27469
POST_01006,user_4721,2026-08-09 14:29:11.189091,Twitter,"Wow, the screen on the #Smartphone2024 is stunning.",#Smartphone2024,1268,385,198,52700
POST_01007,user_1575,2026-07-11 21:58:11.189091,Instagram,Will wait for the reviews before buying the #GadgetReview device.,"#GadgetReview,#Smartphone2024",505,67,104,80845
POST_01008,user_242,2026-07-29 07:18:11.189091,Reddit,The plot in #Cinema made no sense. Avoid at all costs. @user_242 ,"#MovieRelease,#Blockbuster",915,272,221,38563
POST_01009,user_4530,2026-07-20 21:20:11.189091,Instagram,Best #TechLaunch I have ever used. Highly recommend! https://example.com/link,"#TechLaunch,#GadgetReview",6452,2397,499,82249
POST_01010,user_3129,2026-07-25 07:42:11.189091,Twitter,Going to see #Cinema tonight. Hope it's good. https://example.com/link,"#MovieRelease,#Blockbuster,#Cinema",1283,196,314,75302
POST_01011,user_3400,2026-08-02 10:50:11.189091,Twitter,Incredible performance by the lead actor in #Blockbuster! A must watch!,"#Cinema,#MovieRelease,#Blockbuster",4518,1718,920,94038
POST_01012,user_2813,2026-07-16 11:28:11.189091,Instagram,The visual effects in #MovieRelease blew my mind. 10/10. https://example.com/link,"#Cinema,#MovieRelease",3175,877,186,46862
POST_01013,user_4873,2026-08-01 07:28:11.189091,Instagram,My team finally won the #ChampionshipGame! Best day ever! https://example.com/link,#ChampionshipGame,2264,799,448,64749
POST_01014,user_4657,2026-07-19 08:31:11.189091,Reddit,The visual effects in #MovieRelease blew my mind. 10/10. https://example.com/link,"#MovieRelease,#Blockbuster,#Cinema",609,130,54,63644
POST_01015,user_1284,2026-08-08 07:42:11.189091,Twitter,Best #TechLaunch I have ever used. Highly recommend!,#Smartphone2024,6322,2180,996,75783
POST_01016,user_3352,2026-07-12 23:27:11.189091,Instagram,"Tickets for #Cinema were expensive, hope it's worth it.",#MovieRelease,1963,368,412,45148
POST_01017,user_3033,2026-08-10 08:35:11.189091,Twitter,Comparing the #Smartphone2024 with other models.,"#Smartphone2024,#TechLaunch,#GadgetReview",437,168,63,29398
POST_01018,user_3649,2026-08-04 11:08:11.189091,Twitter,Just watched the new #Cinema. Best movie of the year! 🍿🎬,#MovieRelease,1015,163,217,15038
POST_01019,user_4990,2026-08-02 22:53:11.189091,Instagram,Getting snacks ready for the #ChampionshipGame.,#SportsEvent,807,238,50,27141
POST_01020,user_4319,2026-08-10 13:42:11.189091,Twitter,What a thrilling finish to the #SportsEvent! Unbelievable! 🏆🔥 @user_4319 ,"#ChampionshipGame,#SportsEvent",1048,321,69,49662
POST_01021,user_4407,2026-07-13 18:30:11.189091,Reddit,Going to see #MovieRelease tonight. Hope it's good. https://example.com/link,#MovieRelease,1175,313,298,37204
POST_01022,user_96,2026-07-20 09:05:11.189091,Instagram,What a waste of time. #Cinema was completely boring. 🥱 @user_96 ,"#Cinema,#Blockbuster,#MovieRelease",1655,508,223,26685
POST_01023,user_50,2026-07-25 01:58:11.189091,Twitter,My team finally won the #ChampionshipGame! Best day ever!,"#Finals,#ChampionshipGame,#SportsEvent",8111,1258,2233,83788
POST_01024,user_3131,2026-07-31 17:10:11.189091,Instagram,Not worth the upgrade. #Smartphone2024 is just a rehash of last year's model. https://example.com/link,"#Smartphone2024,#TechLaunch",2093,497,601,49087
POST_01025,user_1776,2026-07-21 19:26:11.189091,Reddit,Going to see #Blockbuster tonight. Hope it's good. https://example.com/link,"#MovieRelease,#Blockbuster,#Cinema",2685,444,134,81824
POST_01026,user_3436,2026-07-14 22:17:11.189091,Instagram,The new #TechLaunch phone is absolutely amazing! The camera is unreal! 📱✨,#TechLaunch,230,59,49,20233
POST_01027,user_393,2026-07-24 12:51:11.189091,Twitter,The plot in #Cinema made no sense. Avoid at all costs.,"#MovieRelease,#Blockbuster,#Cinema",1956,243,275,59197
POST_01028,user_2961,2026-07-27 23:15:11.189091,Instagram,Terrible refereeing ruined the #ChampionshipGame. Absolutely rigged. 🗑️,#Finals,1541,407,157,83011
POST_01029,user_2592,2026-07-15 05:07:11.189091,Reddit,The plot in #MovieRelease made no sense. Avoid at all costs. @user_2592 ,#Blockbuster,4789,1430,298,82039
POST_01030,user_342,2026-08-07 00:04:11.189091,Twitter,What a waste of time. #Blockbuster was completely boring. 🥱,"#Blockbuster,#Cinema,#MovieRelease",715,98,167,15488
POST_01031,user_1551,2026-08-11 06:44:11.189091,Reddit,Worst ending ever. #Blockbuster completely ruined the franchise. @user_1551 ,"#Cinema,#MovieRelease,#Blockbuster",1512,162,294,84327
POST_01032,user_4813,2026-08-07 15:42:11.189091,Reddit,What a thrilling finish to the #SportsEvent! Unbelievable! 🏆🔥,"#Finals,#SportsEvent",270,72,24,15617
POST_01033,user_3658,2026-08-06 08:49:11.189091,Instagram,Can't believe we lost the #SportsEvent. So heartbroken right now. https://example.com/link,"#ChampionshipGame,#SportsEvent,#Finals",299,76,54,8242
POST_01034,user_4471,2026-07-15 11:37:11.189091,Twitter,Who do you think will win the #SportsEvent?,"#ChampionshipGame,#Finals",1818,311,447,37676
POST_01035,user_288,2026-07-16 07:48:11.189091,Reddit,Just saw the specs for the #TechLaunch phone. They seem okay.,"#GadgetReview,#Smartphone2024",101,37,25,6748
POST_01036,user_4241,2026-07-30 01:12:11.189091,Twitter,Incredible display of skill at the #ChampionshipGame today.,"#SportsEvent,#ChampionshipGame",2672,646,140,67439
POST_01037,user_1521,2026-07-21 13:35:11.189091,Reddit,The broadcast quality for the #ChampionshipGame is awful. 😡 @user_1521 ,"#Finals,#ChampionshipGame,#SportsEvent",1648,592,371,17183
POST_01038,user_3807,2026-07-27 13:02:11.189091,Reddit,"Wow, the screen on the #TechLaunch is stunning. @user_3807 ","#TechLaunch,#GadgetReview",5687,1860,1305,51706
POST_01039,user_1792,2026-08-08 17:33:11.189091,Twitter,Finally got my hands on the #TechLaunch device. Loving the battery life. 😍,#GadgetReview,1144,162,192,80383
POST_01040,user_631,2026-07-28 07:11:11.189091,Instagram,I was on the edge of my seat during #Blockbuster! https://example.com/link,#Cinema,2994,715,547,72427
POST_01041,user_3907,2026-08-04 02:24:11.189091,Reddit,Comparing the #Smartphone2024 with other models. https://example.com/link,#Smartphone2024,368,138,25,19801
POST_01042,user_4765,2026-07-28 15:44:11.189091,Instagram,Can't believe we lost the #Finals. So heartbroken right now.,"#ChampionshipGame,#Finals",965,316,90,54517
POST_01043,user_4219,2026-07-19 04:15:11.189091,Twitter,Finally got my hands on the #GadgetReview device. Loving the battery life. 😍,"#GadgetReview,#Smartphone2024,#TechLaunch",2907,293,178,53463
POST_01044,user_1693,2026-07-19 16:47:11.189091,Instagram,The new #GadgetReview phone is absolutely amazing! The camera is unreal! 📱✨,"#Smartphone2024,#GadgetReview,#TechLaunch",285,57,16,86667
POST_01045,user_3307,2026-08-07 09:39:11.189091,Twitter,The visual effects in #Blockbuster blew my mind. 10/10.,"#Cinema,#Blockbuster",2471,745,584,62707
POST_01046,user_161,2026-07-22 02:37:11.189091,Twitter,My team finally won the #Finals! Best day ever! https://example.com/link,"#Finals,#SportsEvent",7054,1479,1660,81646
POST_01047,user_2154,2026-07-27 08:55:11.189091,Instagram,The #SportsEvent is pretty competitive this year.,#ChampionshipGame,320,78,24,68990
POST_01048,user_2913,2026-07-14 03:21:11.189091,Twitter,Comparing the #GadgetReview with other models.,"#GadgetReview,#TechLaunch",2128,750,197,70565
POST_01049,user_1980,2026-07-23 07:02:11.189091,Twitter,Who do you think will win the #Finals?,"#ChampionshipGame,#Finals",1844,657,139,62568
POST_01050,user_3015,2026-08-09 10:51:11.189091,Twitter,Watching #MovieRelease with my friends this weekend.,#Blockbuster,331,92,48,69741
POST_01051,user_290,2026-07-29 20:06:11.189091,Instagram,"Tickets for #Cinema were expensive, hope it's worth it.","#MovieRelease,#Cinema,#Blockbuster",709,139,64,15403
POST_01052,user_116,2026-07-21 02:33:11.189091,Reddit,Best #Smartphone2024 I have ever used. Highly recommend! @user_116  https://example.com/link,#TechLaunch,1472,583,179,34694
POST_01053,user_4929,2026-08-08 12:26:11.189091,Twitter,Incredible display of skill at the #Finals today.,"#SportsEvent,#Finals",1614,195,413,21227
POST_01054,user_3729,2026-08-08 23:03:11.189091,Twitter,What a waste of time. #MovieRelease was completely boring. 🥱 @user_3729 ,"#Blockbuster,#Cinema,#MovieRelease",166,62,15,16461
POST_01055,user_512,2026-07-28 23:44:11.189091,Reddit,Who do you think will win the #ChampionshipGame? https://example.com/link,"#SportsEvent,#ChampionshipGame",13,4,3,1017
POST_01056,user_116,2026-07-25 01:23:11.189091,Instagram,I fell asleep halfway through #MovieRelease.,"#Cinema,#Blockbuster",4559,1120,838,90233
POST_01057,user_1942,2026-07-15 09:46:11.189091,Twitter,Worst ending ever. #Blockbuster completely ruined the franchise.,#Cinema,731,160,52,98814
POST_01058,user_2294,2026-07-13 10:08:11.189091,Twitter,The visual effects in #Blockbuster blew my mind. 10/10. @user_2294 ,#Cinema,3166,954,768,50149
POST_01059,user_4960,2026-07-11 17:29:11.189091,Instagram,Not worth the upgrade. #GadgetReview is just a rehash of last year's model.,"#TechLaunch,#GadgetReview",2194,319,417,64350
POST_01060,user_3890,2026-07-31 07:32:11.189091,Reddit,Will wait for the reviews before buying the #Smartphone2024 device. @user_3890  https://example.com/link,#Smartphone2024,3230,661,894,96414
POST_01061,user_1165,2026-07-30 06:27:11.189091,Reddit,"Wow, the screen on the #Smartphone2024 is stunning.","#GadgetReview,#TechLaunch,#Smartphone2024",6572,682,1943,80028
POST_01062,user_3937,2026-08-01 01:16:11.189091,Instagram,Can't believe we lost the #SportsEvent. So heartbroken right now.,#Finals,8883,1636,1097,90363
POST_01063,user_1427,2026-07-20 09:09:11.189091,Instagram,The plot in #MovieRelease made no sense. Avoid at all costs. @user_1427 ,"#Blockbuster,#Cinema,#MovieRelease",3356,650,686,60659
POST_01064,user_3937,2026-07-19 13:37:11.189091,Instagram,The #SportsEvent is pretty competitive this year. @user_3937 ,"#Finals,#SportsEvent,#ChampionshipGame",297,109,23,76318
POST_01065,user_4400,2026-07-22 15:14:11.189091,Reddit,Worst performance by my team in the #Finals. Embarrassing. @user_4400 ,#SportsEvent,3471,1008,995,45987
POST_01066,user_1162,2026-08-10 14:51:11.189091,Instagram,Terrible customer service when I tried to return my #TechLaunch. Never again. https://example.com/link,#GadgetReview,2567,540,369,54037
POST_01067,user_3474,2026-08-08 08:52:11.189091,Instagram,Watching #Blockbuster with my friends this weekend.,"#Cinema,#MovieRelease",825,320,182,23285
POST_01068,user_1559,2026-07-16 00:09:11.189091,Instagram,Best #TechLaunch I have ever used. Highly recommend! https://example.com/link,#Smartphone2024,1305,155,263,50405
POST_01069,user_3327,2026-07-29 19:37:11.189091,Instagram,Incredible performance by the lead actor in #MovieRelease! A must watch!,"#Cinema,#MovieRelease,#Blockbuster",2593,941,342,77058
POST_01070,user_2449,2026-08-10 11:31:11.189091,Instagram,Worst ending ever. #Cinema completely ruined the franchise.,#Cinema,37,14,4,3682
POST_01071,user_1403,2026-08-02 23:47:11.189091,Twitter,Just watched the new #MovieRelease. Best movie of the year! 🍿🎬,#Blockbuster,1012,357,78,51537
POST_01072,user_4358,2026-07-13 23:45:11.189091,Reddit,What a thrilling finish to the #SportsEvent! Unbelievable! 🏆🔥 @user_4358 ,"#ChampionshipGame,#SportsEvent",842,156,177,27747
POST_01073,user_1899,2026-07-27 07:47:11.189091,Instagram,Best #Smartphone2024 I have ever used. Highly recommend! @user_1899  https://example.com/link,#TechLaunch,638,196,55,62763
POST_01074,user_1521,2026-08-02 01:13:11.189091,Twitter,Terrible refereeing ruined the #SportsEvent. Absolutely rigged. 🗑️,"#SportsEvent,#ChampionshipGame",442,143,23,97929
POST_01075,user_1690,2026-08-06 01:39:11.189091,Twitter,Watching the #SportsEvent with friends. Game is tied.,#SportsEvent,1767,585,151,45100
POST_01076,user_3762,2026-07-30 13:54:11.189091,Reddit,The new #Smartphone2024 phone is absolutely amazing! The camera is unreal! 📱✨,"#Smartphone2024,#TechLaunch,#GadgetReview",3586,901,849,39749
POST_01077,user_2647,2026-07-15 16:47:11.189091,Twitter,Extremely disappointed with the #TechLaunch phone. Overheating issues are terrible. 😡 @user_2647 ,"#TechLaunch,#GadgetReview,#Smartphone2024",3456,886,932,66641
POST_01078,user_3169,2026-07-12 05:30:11.189091,Twitter,Extremely disappointed with the #GadgetReview phone. Overheating issues are terrible. 😡,"#Smartphone2024,#TechLaunch,#GadgetReview",5375,1312,320,95897
POST_01079,user_2389,2026-08-05 04:24:11.189091,Instagram,"Wow, the screen on the #GadgetReview is stunning. https://example.com/link","#GadgetReview,#TechLaunch",33,9,8,9082
POST_01080,user_4269,2026-07-17 22:05:11.189091,Reddit,Getting snacks ready for the #Finals.,#ChampionshipGame,470,138,92,15421
POST_01081,user_4316,2026-08-03 14:27:11.189091,Twitter,Watching the #SportsEvent with friends. Game is tied. https://example.com/link,#ChampionshipGame,174,24,47,7871
POST_01082,user_2737,2026-07-17 19:41:11.189091,Twitter,Extremely disappointed with the #TechLaunch phone. Overheating issues are terrible. 😡 https://example.com/link,"#Smartphone2024,#GadgetReview,#TechLaunch",2192,617,591,30712
POST_01083,user_4406,2026-08-02 13:38:11.189091,Twitter,Just watched the new #Blockbuster. Best movie of the year! 🍿🎬,"#Blockbuster,#MovieRelease",2761,943,279,95521
POST_01084,user_3272,2026-08-05 22:03:11.189091,Twitter,Getting snacks ready for the #ChampionshipGame.,#SportsEvent,373,38,38,18665
POST_01085,user_3587,2026-08-07 10:22:11.189091,Reddit,Finally got my hands on the #GadgetReview device. Loving the battery life. 😍 @user_3587  https://example.com/link,"#TechLaunch,#Smartphone2024",259,40,28,11318
POST_01086,user_1191,2026-07-21 16:09:11.189091,Instagram,Will wait for the reviews before buying the #TechLaunch device. @user_1191 ,"#GadgetReview,#TechLaunch,#Smartphone2024",176,31,10,78247
POST_01087,user_4341,2026-07-28 08:28:11.189091,Reddit,Finally got my hands on the #Smartphone2024 device. Loving the battery life. 😍,#Smartphone2024,2847,304,331,67988
POST_01088,user_3906,2026-07-20 14:55:11.189091,Instagram,Incredible display of skill at the #Finals today.,#ChampionshipGame,2972,996,858,54268
POST_01089,user_3461,2026-07-25 12:26:11.189091,Twitter,I was on the edge of my seat during #Blockbuster! https://example.com/link,"#MovieRelease,#Cinema",2359,855,424,57024
POST_01090,user_846,2026-08-04 17:56:11.189091,Twitter,Incredible display of skill at the #ChampionshipGame today.,"#ChampionshipGame,#SportsEvent",2379,466,484,40433
POST_01091,user_3234,2026-07-24 02:43:11.189091,Instagram,"Tickets for #Blockbuster were expensive, hope it's worth it.",#Cinema,4650,1005,798,98052
POST_01092,user_4102,2026-07-12 02:16:11.189091,Twitter,Will wait for the reviews before buying the #Smartphone2024 device.,#GadgetReview,2795,384,326,89063
POST_01093,user_3309,2026-07-15 04:48:11.189091,Reddit,"Tickets for #MovieRelease were expensive, hope it's worth it.","#Cinema,#MovieRelease",1175,301,121,24473
POST_01094,user_4307,2026-07-15 11:33:11.189091,Instagram,Watching #Blockbuster with my friends this weekend.,"#Blockbuster,#Cinema,#MovieRelease",163,61,11,4199
POST_01095,user_2963,2026-07-26 19:39:11.189091,Reddit,Can't believe we lost the #Finals. So heartbroken right now. @user_2963 ,#Finals,5088,1257,1457,82887
POST_01096,user_4562,2026-07-19 02:09:11.189091,Reddit,The battery life on this #Smartphone2024 is a joke. 🗑️ https://example.com/link,"#Smartphone2024,#GadgetReview,#TechLaunch",114,18,31,34934
POST_01097,user_1927,2026-08-08 21:25:11.189091,Twitter,The new #GadgetReview phone is absolutely amazing! The camera is unreal! 📱✨ https://example.com/link,"#TechLaunch,#Smartphone2024,#GadgetReview",3844,942,676,57867
POST_01098,user_1346,2026-08-09 05:59:11.189091,Reddit,Not worth the upgrade. #Smartphone2024 is just a rehash of last year's model.,#GadgetReview,2497,940,633,51695
POST_01099,user_3090,2026-07-23 12:27:11.189091,Reddit,My team finally won the #Finals! Best day ever!,"#ChampionshipGame,#Finals,#SportsEvent",4632,1836,661,90453
POST_01100,user_333,2026-07-26 19:50:11.189091,Twitter,Will wait for the reviews before buying the #Smartphone2024 device. @user_333 ,"#GadgetReview,#TechLaunch,#Smartphone2024",322,45,28,80906
POST_01101,user_3465,2026-07-29 16:12:11.189091,Twitter,What a waste of time. #Blockbuster was completely boring. 🥱,#Cinema,2422,834,510,40547
POST_01102,user_2061,2026-07-18 15:37:11.189091,Reddit,Comparing the #GadgetReview with other models.,#GadgetReview,283,42,19,39677
POST_01103,user_2442,2026-08-01 18:43:11.189091,Twitter,I fell asleep halfway through #MovieRelease.,"#Cinema,#Blockbuster",2594,769,684,89519
POST_01104,user_3548,2026-07-11 22:08:11.189091,Twitter,Extremely disappointed with the #TechLaunch phone. Overheating issues are terrible. 😡,#GadgetReview,710,211,128,49324
POST_01105,user_1770,2026-07-23 21:00:11.189091,Instagram,Just saw the specs for the #GadgetReview phone. They seem okay.,#GadgetReview,727,273,190,16593
POST_01106,user_2312,2026-07-25 01:40:11.189091,Instagram,Getting snacks ready for the #SportsEvent. @user_2312 ,#ChampionshipGame,339,68,72,31276
POST_01107,user_466,2026-08-07 00:43:11.189091,Twitter,I was on the edge of my seat during #Cinema!,"#Blockbuster,#MovieRelease,#Cinema",615,179,177,12182
POST_01108,user_2511,2026-07-17 09:44:11.189091,Reddit,Comparing the #GadgetReview with other models.,#GadgetReview,3092,421,863,98823
POST_01109,user_376,2026-07-23 07:22:11.189091,Instagram,Will wait for the reviews before buying the #Smartphone2024 device. @user_376 ,"#TechLaunch,#GadgetReview,#Smartphone2024",2919,426,424,68687
POST_01110,user_3401,2026-07-30 05:18:11.189091,Twitter,What a thrilling finish to the #ChampionshipGame! Unbelievable! 🏆🔥 @user_3401 ,"#Finals,#SportsEvent,#ChampionshipGame",592,105,141,31864
POST_01111,user_3969,2026-08-09 13:19:11.189091,Reddit,The #SportsEvent is pretty competitive this year.,"#SportsEvent,#Finals,#ChampionshipGame",1362,427,242,68266
POST_01112,user_2972,2026-07-27 23:57:11.189091,Twitter,Watching #Blockbuster with my friends this weekend.,"#MovieRelease,#Cinema,#Blockbuster",3324,941,505,76863
POST_01113,user_4110,2026-07-15 10:13:11.189091,Twitter,Worst performance by my team in the #Finals. Embarrassing.,#ChampionshipGame,8210,3222,2286,88562
POST_01114,user_4703,2026-07-18 11:44:11.189091,Reddit,Going to see #Cinema tonight. Hope it's good. @user_4703 ,#Cinema,949,282,236,29983
POST_01115,user_1647,2026-08-06 20:28:11.189091,Instagram,What a waste of time. #MovieRelease was completely boring. 🥱 @user_1647 ,"#Blockbuster,#MovieRelease",6198,1159,1498,86113
POST_01116,user_267,2026-07-22 20:08:11.189091,Instagram,Just saw the specs for the #Smartphone2024 phone. They seem okay. @user_267 ,"#TechLaunch,#GadgetReview,#Smartphone2024",728,273,41,29622
POST_01117,user_4558,2026-07-14 08:26:11.189091,Twitter,Best #GadgetReview I have ever used. Highly recommend! @user_4558  https://example.com/link,"#GadgetReview,#Smartphone2024",417,123,123,46693
POST_01118,user_1596,2026-07-13 15:09:11.189091,Instagram,Can't believe we lost the #Finals. So heartbroken right now.,#Finals,1691,354,232,28290
POST_01119,user_284,2026-07-23 06:16:11.189091,Twitter,Incredible display of skill at the #ChampionshipGame today.,#SportsEvent,1230,365,72,16099
POST_01120,user_423,2026-08-11 15:10:11.189091,Instagram,"Wow, the screen on the #Smartphone2024 is stunning. @user_423 ","#TechLaunch,#Smartphone2024,#GadgetReview",2042,338,466,22337
POST_01121,user_3506,2026-08-08 06:17:11.189091,Twitter,Comparing the #Smartphone2024 with other models.,"#GadgetReview,#TechLaunch,#Smartphone2024",2312,520,646,53113
POST_01122,user_1947,2026-07-12 13:01:11.189091,Instagram,The new #Smartphone2024 phone is absolutely amazing! The camera is unreal! 📱✨,"#TechLaunch,#GadgetReview,#Smartphone2024",968,120,206,23595
POST_01123,user_218,2026-07-31 21:40:11.189091,Twitter,Best #Smartphone2024 I have ever used. Highly recommend!,"#GadgetReview,#Smartphone2024,#TechLaunch",1253,359,180,60602
POST_01124,user_3925,2026-07-26 04:18:11.189091,Instagram,Worst ending ever. #Cinema completely ruined the franchise. https://example.com/link,"#Cinema,#MovieRelease,#Blockbuster",2584,619,617,86571
POST_01125,user_25,2026-07-31 08:29:11.189091,Twitter,Watching #Cinema with my friends this weekend.,#MovieRelease,127,21,20,4641
POST_01126,user_4978,2026-07-17 15:05:11.189091,Instagram,Going to see #MovieRelease tonight. Hope it's good.,"#Blockbuster,#MovieRelease",160,26,40,8537
POST_01127,user_1238,2026-08-10 18:56:11.189091,Reddit,Best #TechLaunch I have ever used. Highly recommend! https://example.com/link,"#TechLaunch,#Smartphone2024",173,35,17,9636
POST_01128,user_296,2026-07-14 00:13:11.189091,Reddit,"#Blockbuster had some decent moments, but overall average.",#MovieRelease,384,94,73,12222
POST_01129,user_1488,2026-08-04 05:00:11.189091,Reddit,Will wait for the reviews before buying the #GadgetReview device.,#Smartphone2024,1650,527,282,99503
POST_01130,user_3656,2026-07-23 20:40:11.189091,Reddit,Terrible customer service when I tried to return my #TechLaunch. Never again. https://example.com/link,"#Smartphone2024,#GadgetReview",454,66,96,20270
POST_01131,user_4786,2026-07-16 08:29:11.189091,Instagram,Comparing the #GadgetReview with other models.,"#GadgetReview,#Smartphone2024,#TechLaunch",1167,223,210,63694
POST_01132,user_1496,2026-07-22 00:14:11.189091,Twitter,"#Blockbuster had some decent moments, but overall average. @user_1496 ","#MovieRelease,#Cinema,#Blockbuster",134,16,17,3140
POST_01133,user_1603,2026-07-17 06:02:11.189091,Reddit,Extremely disappointed with the #Smartphone2024 phone. Overheating issues are terrible. 😡,"#TechLaunch,#GadgetReview,#Smartphone2024",846,130,217,18966
POST_01134,user_2557,2026-08-08 21:49:11.189091,Reddit,What a thrilling finish to the #Finals! Unbelievable! 🏆🔥 @user_2557 ,#Finals,54,20,14,897
POST_01135,user_3803,2026-07-13 13:52:11.189091,Reddit,Terrible refereeing ruined the #ChampionshipGame. Absolutely rigged. 🗑️ @user_3803 ,"#ChampionshipGame,#SportsEvent,#Finals",670,92,43,10146
POST_01136,user_4046,2026-08-07 06:07:11.189091,Reddit,The visual effects in #Cinema blew my mind. 10/10. @user_4046 ,"#Cinema,#MovieRelease",5213,1967,1131,89910
POST_01137,user_2005,2026-07-29 02:23:11.189091,Instagram,What a waste of time. #Blockbuster was completely boring. 🥱,#Blockbuster,481,72,93,14396
POST_01138,user_1980,2026-08-06 07:17:11.189091,Instagram,Just watched the new #Cinema. Best movie of the year! 🍿🎬,#Blockbuster,419,71,56,15938
POST_01139,user_1450,2026-07-26 07:53:11.189091,Twitter,I fell asleep halfway through #Blockbuster. @user_1450 ,"#Cinema,#Blockbuster,#MovieRelease",5062,1208,780,87372
POST_01140,user_1545,2026-07-28 08:29:11.189091,Twitter,Can't believe we lost the #ChampionshipGame. So heartbroken right now.,"#Finals,#SportsEvent,#ChampionshipGame",684,84,157,41625
POST_01141,user_1717,2026-08-05 21:13:11.189091,Instagram,Not worth the upgrade. #Smartphone2024 is just a rehash of last year's model. @user_1717 ,"#Smartphone2024,#TechLaunch",5134,827,1528,83782
POST_01142,user_4047,2026-07-13 22:37:11.189091,Instagram,Who do you think will win the #SportsEvent?,"#SportsEvent,#ChampionshipGame",4228,584,702,97288
POST_01143,user_529,2026-07-13 02:00:11.189091,Instagram,Who do you think will win the #SportsEvent?,#Finals,1335,414,103,28960
POST_01144,user_2899,2026-08-02 11:02:11.189091,Twitter,The visual effects in #MovieRelease blew my mind. 10/10. https://example.com/link,#Cinema,681,153,74,9315
POST_01145,user_680,2026-07-18 09:57:11.189091,Reddit,Worst performance by my team in the #ChampionshipGame. Embarrassing.,#Finals,585,132,80,42428
POST_01146,user_1851,2026-08-01 22:03:11.189091,Twitter,Will wait for the reviews before buying the #TechLaunch device.,"#Smartphone2024,#GadgetReview",2108,462,185,81430
POST_01147,user_2897,2026-07-19 07:13:11.189091,Instagram,Extremely disappointed with the #GadgetReview phone. Overheating issues are terrible. 😡,#Smartphone2024,7683,1973,1880,87067
POST_01148,user_219,2026-08-05 05:05:11.189091,Instagram,Worst performance by my team in the #ChampionshipGame. Embarrassing.,"#Finals,#SportsEvent,#ChampionshipGame",16,1,1,159
POST_01149,user_4654,2026-08-10 03:23:11.189091,Instagram,Just saw the specs for the #Smartphone2024 phone. They seem okay.,"#Smartphone2024,#TechLaunch,#GadgetReview",1141,365,291,41868
POST_01150,user_2520,2026-07-28 22:06:11.189091,Reddit,Finally got my hands on the #TechLaunch device. Loving the battery life. 😍,"#Smartphone2024,#GadgetReview",240,27,69,94828
POST_01151,user_4263,2026-07-13 11:28:11.189091,Twitter,"#Cinema had some decent moments, but overall average.","#MovieRelease,#Blockbuster",674,126,125,73431
POST_01152,user_3113,2026-07-29 09:51:11.189091,Reddit,Who do you think will win the #ChampionshipGame? @user_3113 ,"#ChampionshipGame,#Finals",50,14,9,20655
POST_01153,user_2819,2026-08-01 02:19:11.189091,Twitter,Just watched the new #Blockbuster. Best movie of the year! 🍿🎬 https://example.com/link,"#Blockbuster,#Cinema,#MovieRelease",770,210,46,30619
POST_01154,user_1118,2026-07-27 16:18:11.189091,Reddit,The new #Smartphone2024 phone is absolutely amazing! The camera is unreal! 📱✨,#TechLaunch,6258,639,1638,95277
POST_01155,user_1793,2026-08-07 04:09:11.189091,Twitter,Will wait for the reviews before buying the #Smartphone2024 device.,"#GadgetReview,#Smartphone2024",4022,928,833,95518
POST_01156,user_4883,2026-07-28 14:48:11.189091,Instagram,Can't stop thinking about that game winning play at the #SportsEvent!,"#SportsEvent,#Finals,#ChampionshipGame",2932,1149,699,93771
POST_01157,user_2470,2026-07-14 09:29:11.189091,Twitter,Going to see #Blockbuster tonight. Hope it's good. https://example.com/link,#MovieRelease,2423,806,140,71020
POST_01158,user_2065,2026-08-08 05:33:11.189091,Instagram,Just saw the specs for the #GadgetReview phone. They seem okay.,"#TechLaunch,#GadgetReview,#Smartphone2024",576,88,121,69865
POST_01159,user_1912,2026-07-23 16:55:11.189091,Instagram,Comparing the #GadgetReview with other models.,"#Smartphone2024,#TechLaunch,#GadgetReview",2437,837,535,93193
POST_01160,user_616,2026-07-30 15:50:11.189091,Twitter,Terrible refereeing ruined the #SportsEvent. Absolutely rigged. 🗑️,"#ChampionshipGame,#Finals",927,260,162,8178
POST_01161,user_1382,2026-07-21 00:08:11.189091,Reddit,Who do you think will win the #Finals? https://example.com/link,"#SportsEvent,#ChampionshipGame,#Finals",1048,159,256,37619
POST_01162,user_739,2026-07-11 19:34:11.189091,Instagram,"Tickets for #Blockbuster were expensive, hope it's worth it.","#MovieRelease,#Blockbuster",2965,672,867,86473
POST_01163,user_796,2026-07-16 23:33:11.189091,Instagram,Comparing the #TechLaunch with other models. @user_796 ,"#TechLaunch,#Smartphone2024",520,200,34,30030
POST_01164,user_4860,2026-07-14 05:45:11.189091,Reddit,Terrible refereeing ruined the #ChampionshipGame. Absolutely rigged. 🗑️,"#ChampionshipGame,#SportsEvent,#Finals",2263,497,196,65721
POST_01165,user_4011,2026-07-15 01:02:11.189091,Twitter,I was on the edge of my seat during #Blockbuster! https://example.com/link,"#MovieRelease,#Cinema",3875,1246,249,71990
POST_01166,user_864,2026-07-27 08:21:11.189091,Reddit,Finally got my hands on the #TechLaunch device. Loving the battery life. 😍,"#TechLaunch,#Smartphone2024,#GadgetReview",134,32,15,9472
POST_01167,user_4962,2026-07-31 03:44:11.189091,Reddit,The broadcast quality for the #Finals is awful. 😡,"#Finals,#ChampionshipGame",1712,433,434,21190
POST_01168,user_3945,2026-07-14 17:11:11.189091,Reddit,The new #GadgetReview phone is absolutely amazing! The camera is unreal! 📱✨ @user_3945 ,#Smartphone2024,46,6,9,10893
POST_01169,user_878,2026-07-28 10:09:11.189091,Twitter,Worst performance by my team in the #SportsEvent. Embarrassing.,"#Finals,#ChampionshipGame",5100,803,553,92735
POST_01170,user_467,2026-07-29 20:50:11.189091,Twitter,What a thrilling finish to the #Finals! Unbelievable! 🏆🔥 https://example.com/link,"#Finals,#ChampionshipGame,#SportsEvent",290,104,56,59900
POST_01171,user_1160,2026-07-22 06:18:11.189091,Instagram,Will wait for the reviews before buying the #GadgetReview device. https://example.com/link,"#GadgetReview,#Smartphone2024,#TechLaunch",272,65,41,31136
POST_01172,user_1866,2026-07-15 05:41:11.189091,Twitter,Worst performance by my team in the #ChampionshipGame. Embarrassing. https://example.com/link,"#ChampionshipGame,#SportsEvent",217,50,27,27039
POST_01173,user_2874,2026-07-23 07:14:11.189091,Twitter,Incredible performance by the lead actor in #Cinema! A must watch! @user_2874 ,"#Blockbuster,#Cinema",1655,607,302,42264
POST_01174,user_2373,2026-07-15 06:14:11.189091,Instagram,Who do you think will win the #SportsEvent? @user_2373  https://example.com/link,"#SportsEvent,#ChampionshipGame,#Finals",112,24,6,20678
POST_01175,user_4412,2026-07-28 06:07:11.189091,Reddit,The broadcast quality for the #ChampionshipGame is awful. 😡,"#SportsEvent,#Finals,#ChampionshipGame",4430,977,710,92866
POST_01176,user_4695,2026-08-08 11:49:11.189091,Reddit,Terrible refereeing ruined the #Finals. Absolutely rigged. 🗑️,"#Finals,#SportsEvent",481,76,107,75780
POST_01177,user_3342,2026-07-31 09:02:11.189091,Reddit,The battery life on this #Smartphone2024 is a joke. 🗑️,"#Smartphone2024,#GadgetReview,#TechLaunch",4229,1465,1158,74172
POST_01178,user_3121,2026-08-02 05:53:11.189091,Twitter,The broadcast quality for the #Finals is awful. 😡 https://example.com/link,"#Finals,#SportsEvent,#ChampionshipGame",4893,1453,1003,88145
POST_01179,user_1159,2026-08-10 07:46:11.189091,Instagram,My team finally won the #SportsEvent! Best day ever! @user_1159 ,#SportsEvent,5026,577,572,63375
POST_01180,user_1591,2026-07-13 22:10:11.189091,Instagram,"#MovieRelease had some decent moments, but overall average.","#Blockbuster,#Cinema",1280,393,269,44028
POST_01181,user_3456,2026-08-05 05:05:11.189091,Twitter,Getting snacks ready for the #ChampionshipGame.,"#Finals,#SportsEvent,#ChampionshipGame",1290,361,180,37576
POST_01182,user_2968,2026-07-22 01:01:11.189091,Instagram,Incredible performance by the lead actor in #MovieRelease! A must watch!,"#Blockbuster,#Cinema,#MovieRelease",2969,1180,689,94515
POST_01183,user_4495,2026-07-24 19:37:11.189091,Instagram,Terrible customer service when I tried to return my #TechLaunch. Never again. https://example.com/link,"#Smartphone2024,#GadgetReview,#TechLaunch",114,19,9,28801
POST_01184,user_866,2026-07-26 09:13:11.189091,Twitter,Getting snacks ready for the #SportsEvent. https://example.com/link,#Finals,692,155,80,18974
POST_01185,user_4777,2026-07-27 02:09:11.189091,Instagram,Comparing the #TechLaunch with other models.,"#Smartphone2024,#GadgetReview,#TechLaunch",2845,563,737,72448
POST_01186,user_725,2026-08-09 19:57:11.189091,Twitter,Who do you think will win the #SportsEvent?,#ChampionshipGame,274,70,47,32039
POST_01187,user_2728,2026-07-22 22:50:11.189091,Reddit,Terrible refereeing ruined the #SportsEvent. Absolutely rigged. 🗑️ @user_2728  https://example.com/link,"#SportsEvent,#Finals,#ChampionshipGame",3452,1326,295,80981
POST_01188,user_2879,2026-08-07 04:10:11.189091,Instagram,Anyone getting the new #TechLaunch? I can't decide.,"#Smartphone2024,#TechLaunch",1676,407,439,41593
POST_01189,user_852,2026-08-04 00:37:11.189091,Twitter,Best #GadgetReview I have ever used. Highly recommend!,"#Smartphone2024,#TechLaunch,#GadgetReview",3343,607,457,81297
POST_01190,user_2999,2026-07-13 16:46:11.189091,Instagram,Terrible customer service when I tried to return my #GadgetReview. Never again. https://example.com/link,"#Smartphone2024,#GadgetReview,#TechLaunch",2621,534,609,75420
POST_01191,user_2244,2026-07-19 20:24:11.189091,Instagram,Getting snacks ready for the #ChampionshipGame.,"#SportsEvent,#ChampionshipGame,#Finals",548,111,65,12632
POST_01192,user_4730,2026-07-24 11:12:11.189091,Reddit,Incredible performance by the lead actor in #Cinema! A must watch! @user_4730 ,"#MovieRelease,#Cinema",638,82,74,67333
POST_01193,user_601,2026-07-18 10:42:11.189091,Reddit,Not worth the upgrade. #TechLaunch is just a rehash of last year's model. @user_601 ,"#GadgetReview,#TechLaunch,#Smartphone2024",3374,1188,396,64225
POST_01194,user_4418,2026-07-14 20:52:11.189091,Instagram,Comparing the #Smartphone2024 with other models. https://example.com/link,"#Smartphone2024,#TechLaunch,#GadgetReview",43,4,11,2324
POST_01195,user_4611,2026-07-26 04:50:11.189091,Instagram,"Wow, the screen on the #TechLaunch is stunning.","#TechLaunch,#Smartphone2024,#GadgetReview",1627,501,437,33095
POST_01196,user_651,2026-07-20 19:42:11.189091,Reddit,Worst performance by my team in the #Finals. Embarrassing.,"#Finals,#ChampionshipGame",3330,925,597,76511
POST_01197,user_2787,2026-07-29 10:28:11.189091,Instagram,Finally got my hands on the #TechLaunch device. Loving the battery life. 😍,"#Smartphone2024,#GadgetReview",900,291,267,43272
POST_01198,user_4050,2026-07-31 18:32:11.189091,Reddit,My team finally won the #ChampionshipGame! Best day ever!,#ChampionshipGame,3798,743,299,97429
POST_01199,user_3470,2026-07-26 23:22:11.189091,Instagram,Worst ending ever. #Cinema completely ruined the franchise.,"#Blockbuster,#MovieRelease",5143,1063,1000,82127
POST_01200,user_4974,2026-07-26 04:56:11.189091,Twitter,Worst ending ever. #MovieRelease completely ruined the franchise. https://example.com/link,#Blockbuster,1562,179,435,88915
POST_01201,user_1790,2026-08-04 23:46:11.189091,Twitter,Can't believe we lost the #ChampionshipGame. So heartbroken right now. @user_1790 ,"#ChampionshipGame,#SportsEvent,#Finals",1158,452,98,28325
POST_01202,user_3972,2026-07-28 01:13:11.189091,Reddit,Incredible performance by the lead actor in #MovieRelease! A must watch!,#Blockbuster,1630,550,186,38836
POST_01203,user_584,2026-07-14 11:53:11.189091,Twitter,Can't stop thinking about that game winning play at the #Finals!,#SportsEvent,573,131,109,88057
POST_01204,user_1065,2026-08-09 05:56:11.189091,Instagram,I fell asleep halfway through #Blockbuster.,#Cinema,2526,622,419,41253
POST_01205,user_2800,2026-08-01 21:30:11.189091,Reddit,Will wait for the reviews before buying the #Smartphone2024 device. @user_2800  https://example.com/link,"#TechLaunch,#GadgetReview,#Smartphone2024",527,115,153,43592
POST_01206,user_832,2026-07-23 02:29:11.189091,Instagram,The plot in #Cinema made no sense. Avoid at all costs.,"#Cinema,#Blockbuster",3505,1375,1025,78529
POST_01207,user_3862,2026-07-31 08:17:11.189091,Reddit,What a thrilling finish to the #ChampionshipGame! Unbelievable! 🏆🔥,"#ChampionshipGame,#Finals",3344,583,760,43499
POST_01208,user_1602,2026-07-22 00:48:11.189091,Instagram,The battery life on this #GadgetReview is a joke. 🗑️ https://example.com/link,"#TechLaunch,#GadgetReview",1231,204,303,25296
POST_01209,user_641,2026-07-31 20:52:11.189091,Twitter,Just watched the new #Cinema. Best movie of the year! 🍿🎬,#MovieRelease,221,71,63,19071
POST_01210,user_4273,2026-07-17 18:20:11.189091,Reddit,Finally got my hands on the #GadgetReview device. Loving the battery life. 😍,"#TechLaunch,#Smartphone2024",1364,270,76,15349
POST_01211,user_75,2026-07-25 23:07:11.189091,Instagram,Watching #Blockbuster with my friends this weekend.,"#MovieRelease,#Blockbuster",2380,589,650,66627
POST_01212,user_1295,2026-08-08 21:37:11.189091,Twitter,The broadcast quality for the #Finals is awful. 😡,"#Finals,#SportsEvent,#ChampionshipGame",1778,484,419,91693
POST_01213,user_4622,2026-08-03 18:58:11.189091,Twitter,"Wow, the screen on the #Smartphone2024 is stunning. https://example.com/link",#TechLaunch,89,19,6,1783
POST_01214,user_625,2026-07-12 03:48:11.189091,Twitter,Just saw the specs for the #TechLaunch phone. They seem okay. @user_625 ,"#GadgetReview,#TechLaunch,#Smartphone2024",2591,620,481,66244
POST_01215,user_3480,2026-08-04 04:57:11.189091,Reddit,Terrible refereeing ruined the #SportsEvent. Absolutely rigged. 🗑️,"#SportsEvent,#ChampionshipGame,#Finals",4823,1352,481,94191
POST_01216,user_2116,2026-07-25 20:56:11.189091,Instagram,Terrible customer service when I tried to return my #Smartphone2024. Never again.,#Smartphone2024,4509,463,954,70870
POST_01217,user_245,2026-07-28 00:08:11.189091,Reddit,Finally got my hands on the #TechLaunch device. Loving the battery life. 😍,"#TechLaunch,#GadgetReview",5918,1578,975,52780
POST_01218,user_3785,2026-08-07 12:04:11.189091,Instagram,The battery life on this #GadgetReview is a joke. 🗑️,#GadgetReview,998,187,85,16080
POST_01219,user_4897,2026-07-21 16:42:11.189091,Instagram,"Wow, the screen on the #Smartphone2024 is stunning. @user_4897 ","#Smartphone2024,#GadgetReview",1281,274,230,24128
POST_01220,user_4666,2026-08-10 19:21:11.189091,Instagram,The battery life on this #TechLaunch is a joke. 🗑️ @user_4666 ,"#Smartphone2024,#TechLaunch,#GadgetReview",651,146,55,27496
POST_01221,user_903,2026-07-24 19:39:11.189091,Reddit,Who do you think will win the #ChampionshipGame?,#SportsEvent,1470,244,257,43691
POST_01222,user_4466,2026-07-16 21:12:11.189091,Reddit,Best #Smartphone2024 I have ever used. Highly recommend!,"#TechLaunch,#GadgetReview,#Smartphone2024",4602,920,462,90248
POST_01223,user_577,2026-07-23 07:33:11.189091,Reddit,Terrible refereeing ruined the #Finals. Absolutely rigged. 🗑️ @user_577 ,"#Finals,#ChampionshipGame,#SportsEvent",2652,737,272,34598
POST_01224,user_1009,2026-07-21 01:46:11.189091,Reddit,The #SportsEvent is pretty competitive this year. https://example.com/link,"#Finals,#SportsEvent,#ChampionshipGame",2204,615,404,64686
POST_01225,user_4208,2026-07-18 13:22:11.189091,Reddit,What a waste of time. #MovieRelease was completely boring. 🥱 https://example.com/link,#MovieRelease,425,129,53,24692
POST_01226,user_4964,2026-07-17 08:01:11.189091,Twitter,Getting snacks ready for the #Finals.,"#Finals,#ChampionshipGame,#SportsEvent",175,49,40,4078
POST_01227,user_596,2026-07-15 02:18:11.189091,Twitter,The plot in #Cinema made no sense. Avoid at all costs. @user_596 ,"#Blockbuster,#MovieRelease",502,101,35,5970
POST_01228,user_3114,2026-07-24 19:50:11.189091,Instagram,Will wait for the reviews before buying the #GadgetReview device.,#Smartphone2024,4364,1002,437,89601
POST_01229,user_1162,2026-07-14 07:28:11.189091,Instagram,Extremely disappointed with the #TechLaunch phone. Overheating issues are terrible. 😡,#TechLaunch,2008,369,283,53202
POST_01230,user_1572,2026-08-10 15:46:11.189091,Twitter,Incredible performance by the lead actor in #MovieRelease! A must watch!,#Blockbuster,1634,505,194,42105
POST_01231,user_4651,2026-07-29 03:07:11.189091,Reddit,Who do you think will win the #SportsEvent?,#SportsEvent,764,169,199,24685
POST_01232,user_3605,2026-07-13 12:10:11.189091,Reddit,Watching the #ChampionshipGame with friends. Game is tied.,"#Finals,#ChampionshipGame",2697,932,268,70053
POST_01233,user_2710,2026-08-05 07:37:11.189091,Instagram,Can't believe we lost the #ChampionshipGame. So heartbroken right now.,"#Finals,#SportsEvent",265,59,62,6251
POST_01234,user_242,2026-08-09 18:08:11.189091,Instagram,The broadcast quality for the #ChampionshipGame is awful. 😡,#ChampionshipGame,591,218,146,6867
POST_01235,user_1920,2026-08-08 16:19:11.189091,Instagram,The new #TechLaunch phone is absolutely amazing! The camera is unreal! 📱✨,"#GadgetReview,#Smartphone2024,#TechLaunch",3393,346,300,41446
POST_01236,user_4984,2026-08-11 08:33:11.189091,Instagram,Will wait for the reviews before buying the #GadgetReview device. https://example.com/link,#TechLaunch,2247,805,148,49972
POST_01237,user_648,2026-08-10 20:14:11.189091,Reddit,My team finally won the #SportsEvent! Best day ever!,#SportsEvent,4691,906,509,58843
POST_01238,user_846,2026-07-11 23:37:11.189091,Twitter,The battery life on this #Smartphone2024 is a joke. 🗑️,#TechLaunch,1386,138,143,65619
POST_01239,user_1512,2026-08-11 14:05:11.189091,Reddit,Who do you think will win the #ChampionshipGame?,"#ChampionshipGame,#SportsEvent",1367,422,386,42135
POST_01240,user_486,2026-07-17 06:34:11.189091,Reddit,Worst ending ever. #Blockbuster completely ruined the franchise. @user_486 ,"#Cinema,#MovieRelease",4106,1166,1090,56414
POST_01241,user_537,2026-08-02 04:20:11.189091,Twitter,The broadcast quality for the #Finals is awful. 😡,"#ChampionshipGame,#Finals,#SportsEvent",4864,675,1240,89579
POST_01242,user_2582,2026-08-06 01:24:11.189091,Reddit,Worst performance by my team in the #ChampionshipGame. Embarrassing.,"#Finals,#ChampionshipGame,#SportsEvent",405,109,48,79773
POST_01243,user_4105,2026-07-24 06:30:11.189091,Instagram,Watching the #SportsEvent with friends. Game is tied.,"#ChampionshipGame,#Finals",2506,409,553,63577
POST_01244,user_3241,2026-07-28 12:29:11.189091,Reddit,Best #GadgetReview I have ever used. Highly recommend!,#TechLaunch,1585,402,225,38735
POST_01245,user_3597,2026-07-27 06:55:11.189091,Reddit,Watching #MovieRelease with my friends this weekend. @user_3597 ,#Blockbuster,407,48,108,13420
POST_01246,user_4337,2026-08-06 01:52:11.189091,Reddit,What a waste of time. #MovieRelease was completely boring. 🥱,"#Cinema,#MovieRelease,#Blockbuster",4134,852,904,71730
POST_01247,user_4148,2026-08-08 06:40:11.189091,Twitter,Extremely disappointed with the #Smartphone2024 phone. Overheating issues are terrible. 😡,"#TechLaunch,#GadgetReview",1463,536,413,14641
POST_01248,user_659,2026-07-29 06:13:11.189091,Instagram,I was on the edge of my seat during #Cinema!,#MovieRelease,160,17,16,68489
POST_01249,user_1331,2026-08-07 15:40:11.189091,Twitter,The visual effects in #Cinema blew my mind. 10/10. https://example.com/link,"#Cinema,#MovieRelease,#Blockbuster",3479,727,653,68672
POST_01250,user_2214,2026-07-26 18:03:11.189091,Reddit,Best #Smartphone2024 I have ever used. Highly recommend!,"#Smartphone2024,#GadgetReview",306,43,75,15842
POST_01251,user_2343,2026-07-23 08:00:11.189091,Instagram,The visual effects in #Cinema blew my mind. 10/10.,"#Cinema,#MovieRelease",687,170,116,27759
POST_01252,user_4360,2026-07-25 16:26:11.189091,Instagram,Comparing the #Smartphone2024 with other models. @user_4360 ,"#GadgetReview,#TechLaunch",40,4,3,11796
POST_01253,user_4750,2026-07-24 15:46:11.189091,Instagram,The battery life on this #TechLaunch is a joke. 🗑️,"#GadgetReview,#Smartphone2024,#TechLaunch",334,78,52,10323
POST_01254,user_3919,2026-07-12 07:23:11.189091,Reddit,Watching #MovieRelease with my friends this weekend. https://example.com/link,#MovieRelease,1925,199,132,85057
POST_01255,user_954,2026-07-20 22:10:11.189091,Twitter,Worst performance by my team in the #SportsEvent. Embarrassing.,"#ChampionshipGame,#SportsEvent,#Finals",428,83,58,70526
POST_01256,user_2259,2026-08-05 16:01:11.189091,Reddit,What a thrilling finish to the #SportsEvent! Unbelievable! 🏆🔥 @user_2259 ,#ChampionshipGame,2417,908,162,67347
POST_01257,user_1373,2026-07-22 00:15:11.189091,Instagram,Not worth the upgrade. #TechLaunch is just a rehash of last year's model.,"#TechLaunch,#GadgetReview",115,34,10,3260
POST_01258,user_3754,2026-07-31 05:36:11.189091,Reddit,What a thrilling finish to the #Finals! Unbelievable! 🏆🔥 @user_3754  https://example.com/link,#ChampionshipGame,2493,566,331,71861
POST_01259,user_2680,2026-08-04 18:45:11.189091,Instagram,The plot in #MovieRelease made no sense. Avoid at all costs.,"#MovieRelease,#Blockbuster,#Cinema",7243,858,889,99339
POST_01260,user_1525,2026-07-16 16:45:11.189091,Twitter,Incredible performance by the lead actor in #Cinema! A must watch! https://example.com/link,#MovieRelease,166,25,25,41966
POST_01261,user_35,2026-07-14 23:50:11.189091,Instagram,Who do you think will win the #SportsEvent?,"#ChampionshipGame,#SportsEvent,#Finals",129,45,35,27684
POST_01262,user_1196,2026-07-21 11:51:11.189091,Instagram,What a waste of time. #Blockbuster was completely boring. 🥱,"#Cinema,#MovieRelease,#Blockbuster",4738,1187,586,48446
POST_01263,user_2507,2026-08-03 02:16:11.189091,Instagram,The new #TechLaunch phone is absolutely amazing! The camera is unreal! 📱✨,"#GadgetReview,#TechLaunch",2485,644,592,48354
POST_01264,user_1801,2026-07-26 01:12:11.189091,Reddit,"#Cinema had some decent moments, but overall average.",#Blockbuster,132,13,14,2979
POST_01265,user_3518,2026-08-08 02:47:11.189091,Reddit,Incredible performance by the lead actor in #Blockbuster! A must watch! @user_3518  https://example.com/link,"#Cinema,#Blockbuster",693,276,59,80494
POST_01266,user_1413,2026-08-05 05:46:11.189091,Instagram,Going to see #MovieRelease tonight. Hope it's good.,#Cinema,437,132,79,41241
POST_01267,user_132,2026-07-28 03:14:11.189091,Reddit,The #Finals is pretty competitive this year.,"#Finals,#ChampionshipGame",2670,676,712,69457
POST_01268,user_4253,2026-07-21 18:29:11.189091,Instagram,Who do you think will win the #Finals? @user_4253 ,"#SportsEvent,#ChampionshipGame",197,77,46,39345
POST_01269,user_1211,2026-08-11 10:50:11.189091,Instagram,Getting snacks ready for the #Finals. @user_1211  https://example.com/link,#Finals,948,374,195,27461
POST_01270,user_3574,2026-08-03 01:39:11.189091,Reddit,Anyone getting the new #Smartphone2024? I can't decide. @user_3574 ,#GadgetReview,3357,612,603,97212
POST_01271,user_2605,2026-07-15 09:04:11.189091,Twitter,Can't believe we lost the #Finals. So heartbroken right now.,#SportsEvent,517,169,121,16576
POST_01272,user_2557,2026-08-09 14:46:11.189091,Twitter,Can't stop thinking about that game winning play at the #Finals!,"#SportsEvent,#Finals,#ChampionshipGame",2719,960,780,60403
POST_01273,user_3137,2026-08-01 00:15:11.189091,Instagram,Terrible refereeing ruined the #Finals. Absolutely rigged. 🗑️,#Finals,1455,552,342,38491
POST_01274,user_2517,2026-08-09 23:50:11.189091,Twitter,What a thrilling finish to the #Finals! Unbelievable! 🏆🔥 https://example.com/link,"#SportsEvent,#Finals,#ChampionshipGame",1105,234,72,68761
POST_01275,user_4697,2026-08-06 10:44:11.189091,Twitter,Just watched the new #Blockbuster. Best movie of the year! 🍿🎬,"#Blockbuster,#MovieRelease",2055,551,379,27285
POST_01276,user_328,2026-07-17 10:36:11.189091,Reddit,The plot in #Blockbuster made no sense. Avoid at all costs.,#MovieRelease,409,47,31,33534
POST_01277,user_61,2026-08-05 17:31:11.189091,Instagram,Worst ending ever. #MovieRelease completely ruined the franchise.,"#MovieRelease,#Blockbuster",3757,410,560,93776
POST_01278,user_2826,2026-07-27 06:34:11.189091,Reddit,I was on the edge of my seat during #Blockbuster!,"#MovieRelease,#Cinema",2380,689,641,33665
POST_01279,user_1690,2026-07-28 12:50:11.189091,Instagram,The plot in #Cinema made no sense. Avoid at all costs.,"#Cinema,#MovieRelease,#Blockbuster",3597,646,937,68449
POST_01280,user_778,2026-07-11 23:32:11.189091,Twitter,Incredible performance by the lead actor in #MovieRelease! A must watch!,"#Cinema,#MovieRelease",3017,635,656,97458
POST_01281,user_674,2026-07-15 13:06:11.189091,Twitter,The visual effects in #Blockbuster blew my mind. 10/10.,"#Cinema,#Blockbuster",378,42,43,7166
POST_01282,user_4342,2026-07-24 11:47:11.189091,Reddit,Who do you think will win the #SportsEvent? https://example.com/link,"#Finals,#ChampionshipGame",568,222,106,46444
POST_01283,user_4238,2026-08-05 14:17:11.189091,Instagram,Incredible display of skill at the #SportsEvent today. @user_4238 ,#SportsEvent,276,89,25,12774
POST_01284,user_579,2026-07-29 14:22:11.189091,Instagram,"#MovieRelease had some decent moments, but overall average.",#Cinema,937,147,188,41228
POST_01285,user_1114,2026-08-09 07:57:11.189091,Twitter,Not worth the upgrade. #Smartphone2024 is just a rehash of last year's model.,#Smartphone2024,6181,2201,1310,70212
POST_01286,user_1866,2026-07-17 15:35:11.189091,Twitter,What a waste of time. #MovieRelease was completely boring. 🥱,"#Cinema,#Blockbuster,#MovieRelease",3473,593,1017,56572
POST_01287,user_1081,2026-07-28 06:49:11.189091,Instagram,What a waste of time. #Cinema was completely boring. 🥱,"#MovieRelease,#Cinema,#Blockbuster",203,60,45,7012
POST_01288,user_1315,2026-07-20 16:39:11.189091,Instagram,The battery life on this #GadgetReview is a joke. 🗑️,#GadgetReview,3083,555,353,95694
POST_01289,user_2818,2026-08-02 03:06:11.189091,Twitter,Worst performance by my team in the #Finals. Embarrassing.,#Finals,2977,603,280,45193
POST_01290,user_2240,2026-08-03 21:36:11.189091,Instagram,Worst ending ever. #Cinema completely ruined the franchise.,"#Cinema,#Blockbuster,#MovieRelease",2805,1016,250,50480
POST_01291,user_2424,2026-07-14 11:48:11.189091,Reddit,Can't believe we lost the #Finals. So heartbroken right now.,"#SportsEvent,#ChampionshipGame,#Finals",3265,360,813,61506
POST_01292,user_3823,2026-07-29 14:40:11.189091,Twitter,What a waste of time. #MovieRelease was completely boring. 🥱,"#MovieRelease,#Cinema,#Blockbuster",387,140,57,6670
POST_01293,user_3160,2026-07-16 23:59:11.189091,Twitter,The visual effects in #MovieRelease blew my mind. 10/10. https://example.com/link,"#Cinema,#MovieRelease",1544,391,382,86547
POST_01294,user_4044,2026-07-12 05:12:11.189091,Reddit,Worst ending ever. #MovieRelease completely ruined the franchise. https://example.com/link,#Blockbuster,3485,549,777,89072
POST_01295,user_3964,2026-07-18 18:23:11.189091,Reddit,Can't believe we lost the #Finals. So heartbroken right now.,#SportsEvent,5024,1416,1289,48658
POST_01296,user_4565,2026-08-05 09:47:11.189091,Twitter,Not worth the upgrade. #TechLaunch is just a rehash of last year's model. https://example.com/link,#TechLaunch,364,45,40,12699
POST_01297,user_2731,2026-08-11 03:17:11.189091,Twitter,"Tickets for #Cinema were expensive, hope it's worth it. @user_2731 ","#MovieRelease,#Cinema",1379,290,70,29863
POST_01298,user_4950,2026-07-21 06:39:11.189091,Twitter,What a waste of time. #Blockbuster was completely boring. 🥱,#Blockbuster,3328,916,301,92029
POST_01299,user_768,2026-07-26 21:47:11.189091,Instagram,The new #GadgetReview phone is absolutely amazing! The camera is unreal! 📱✨,"#TechLaunch,#Smartphone2024,#GadgetReview",2842,1019,246,87994
POST_01300,user_2201,2026-07-14 23:01:11.189091,Reddit,Comparing the #Smartphone2024 with other models. @user_2201 ,"#Smartphone2024,#TechLaunch,#GadgetReview",433,51,82,23010
POST_01301,user_2849,2026-07-26 09:10:11.189091,Twitter,Incredible performance by the lead actor in #Blockbuster! A must watch! @user_2849 ,"#Cinema,#MovieRelease",3519,1094,213,55877
POST_01302,user_2659,2026-07-26 23:26:11.189091,Twitter,Can't believe we lost the #Finals. So heartbroken right now.,#Finals,2562,909,607,67411
POST_01303,user_3649,2026-07-22 10:29:11.189091,Instagram,Best #GadgetReview I have ever used. Highly recommend! https://example.com/link,"#Smartphone2024,#GadgetReview,#TechLaunch",5407,1389,1164,99305
POST_01304,user_596,2026-07-22 05:50:11.189091,Instagram,Going to see #Blockbuster tonight. Hope it's good.,#Blockbuster,1108,139,73,31649
POST_01305,user_1808,2026-07-22 07:20:11.189091,Twitter,"#Cinema had some decent moments, but overall average. @user_1808 ","#Blockbuster,#Cinema",107,36,17,30160
POST_01306,user_2513,2026-07-16 06:41:11.189091,Twitter,I was on the edge of my seat during #Cinema! https://example.com/link,#MovieRelease,7339,2656,1493,71015
POST_01307,user_3462,2026-07-26 11:26:11.189091,Instagram,Getting snacks ready for the #Finals. @user_3462 ,"#Finals,#SportsEvent",1106,144,136,97315
POST_01308,user_959,2026-08-06 09:57:11.189091,Instagram,The broadcast quality for the #SportsEvent is awful. 😡,"#Finals,#SportsEvent",1083,139,324,13224
POST_01309,user_355,2026-07-16 06:41:11.189091,Twitter,The #Finals is pretty competitive this year. @user_355 ,"#Finals,#SportsEvent,#ChampionshipGame",838,115,64,50022
POST_01310,user_4153,2026-07-19 13:51:11.189091,Instagram,I was on the edge of my seat during #MovieRelease!,#Cinema,6216,2373,731,54249
POST_01311,user_4839,2026-07-12 20:07:11.189091,Instagram,Finally got my hands on the #Smartphone2024 device. Loving the battery life. 😍,"#TechLaunch,#GadgetReview,#Smartphone2024",2328,243,156,80316
POST_01312,user_3355,2026-08-10 02:48:11.189091,Reddit,"#Blockbuster had some decent moments, but overall average. https://example.com/link","#Blockbuster,#Cinema",3605,1270,250,72647
POST_01313,user_4920,2026-07-25 12:28:11.189091,Reddit,"Tickets for #MovieRelease were expensive, hope it's worth it.","#Blockbuster,#MovieRelease",1336,418,243,45554
POST_01314,user_4635,2026-07-19 23:25:11.189091,Reddit,The #ChampionshipGame is pretty competitive this year.,"#ChampionshipGame,#SportsEvent",7,2,0,231
POST_01315,user_4878,2026-07-24 20:35:11.189091,Instagram,Who do you think will win the #Finals?,"#Finals,#ChampionshipGame",786,302,213,72671
POST_01316,user_3824,2026-07-27 01:01:11.189091,Instagram,Extremely disappointed with the #TechLaunch phone. Overheating issues are terrible. 😡,#GadgetReview,1573,408,389,28271
POST_01317,user_2127,2026-07-14 04:47:11.189091,Instagram,Incredible display of skill at the #Finals today. https://example.com/link,#Finals,2296,694,321,93150
POST_01318,user_3604,2026-07-25 12:57:11.189091,Instagram,Just watched the new #Blockbuster. Best movie of the year! 🍿🎬 @user_3604 ,"#Cinema,#MovieRelease",50,7,7,17637
POST_01319,user_2513,2026-08-07 08:49:11.189091,Reddit,Anyone getting the new #Smartphone2024? I can't decide. @user_2513  https://example.com/link,"#Smartphone2024,#TechLaunch,#GadgetReview",468,119,96,10929
POST_01320,user_2149,2026-08-09 02:53:11.189091,Instagram,Incredible display of skill at the #ChampionshipGame today.,"#ChampionshipGame,#SportsEvent",7112,1681,878,94746
POST_01321,user_3289,2026-08-10 06:27:11.189091,Twitter,The #ChampionshipGame is pretty competitive this year.,"#Finals,#ChampionshipGame",4105,1077,641,87542
POST_01322,user_1334,2026-07-14 12:23:11.189091,Instagram,Not worth the upgrade. #Smartphone2024 is just a rehash of last year's model. https://example.com/link,"#TechLaunch,#GadgetReview,#Smartphone2024",6778,1981,1121,95102
POST_01323,user_4471,2026-08-08 15:09:11.189091,Twitter,"Tickets for #MovieRelease were expensive, hope it's worth it.",#Cinema,1128,407,228,52684
POST_01324,user_1967,2026-08-03 05:19:11.189091,Twitter,The new #GadgetReview phone is absolutely amazing! The camera is unreal! 📱✨,"#Smartphone2024,#GadgetReview,#TechLaunch",1036,116,128,28704
POST_01325,user_721,2026-08-02 11:38:11.189091,Twitter,Watching #Blockbuster with my friends this weekend.,"#MovieRelease,#Blockbuster,#Cinema",1541,575,267,97141
POST_01326,user_3974,2026-08-07 05:42:11.189091,Instagram,Worst ending ever. #MovieRelease completely ruined the franchise.,"#Blockbuster,#MovieRelease",3407,379,925,68438
POST_01327,user_239,2026-07-15 13:44:11.189091,Twitter,Watching #MovieRelease with my friends this weekend.,"#Blockbuster,#MovieRelease",128,43,32,47258
POST_01328,user_103,2026-07-13 13:03:11.189091,Instagram,Worst performance by my team in the #Finals. Embarrassing.,"#Finals,#ChampionshipGame",1754,572,105,37951
POST_01329,user_174,2026-07-26 09:16:11.189091,Twitter,What a thrilling finish to the #SportsEvent! Unbelievable! 🏆🔥,#Finals,2455,497,547,69945
POST_01330,user_249,2026-08-10 09:03:11.189091,Reddit,Best #Smartphone2024 I have ever used. Highly recommend! @user_249 ,#Smartphone2024,232,25,29,10113
POST_01331,user_2603,2026-08-06 06:11:11.189091,Instagram,Worst ending ever. #Blockbuster completely ruined the franchise.,#Blockbuster,6126,1544,1358,83324
POST_01332,user_2850,2026-07-30 07:55:11.189091,Reddit,The #ChampionshipGame is pretty competitive this year.,"#SportsEvent,#Finals",4786,1259,1292,96436
POST_01333,user_475,2026-07-13 12:23:11.189091,Twitter,What a thrilling finish to the #Finals! Unbelievable! 🏆🔥 https://example.com/link,"#ChampionshipGame,#SportsEvent,#Finals",6068,2314,906,95070
POST_01334,user_4345,2026-08-07 10:35:11.189091,Reddit,What a waste of time. #MovieRelease was completely boring. 🥱 https://example.com/link,#Cinema,2154,553,149,32309
POST_01335,user_522,2026-07-14 15:29:11.189091,Twitter,I fell asleep halfway through #MovieRelease.,#MovieRelease,6281,2206,446,78598
POST_01336,user_795,2026-07-20 14:28:11.189091,Twitter,Going to see #MovieRelease tonight. Hope it's good. @user_795 ,"#MovieRelease,#Blockbuster",918,154,72,99361
POST_01337,user_1534,2026-07-20 13:15:11.189091,Instagram,Terrible refereeing ruined the #ChampionshipGame. Absolutely rigged. 🗑️ @user_1534  https://example.com/link,"#ChampionshipGame,#SportsEvent",1978,391,383,94893
POST_01338,user_2311,2026-07-17 16:59:11.189091,Instagram,Worst ending ever. #Blockbuster completely ruined the franchise. @user_2311 ,#Cinema,4683,1470,800,63083
POST_01339,user_1356,2026-08-02 21:21:11.189091,Reddit,Going to see #Cinema tonight. Hope it's good. https://example.com/link,"#Blockbuster,#Cinema",2070,789,286,89315
POST_01340,user_3845,2026-08-06 14:51:11.189091,Reddit,Can't stop thinking about that game winning play at the #Finals! https://example.com/link,"#SportsEvent,#Finals,#ChampionshipGame",265,70,20,56628
POST_01341,user_781,2026-07-12 02:12:11.189091,Reddit,The plot in #Blockbuster made no sense. Avoid at all costs. https://example.com/link,#MovieRelease,2079,746,614,33941
POST_01342,user_1332,2026-07-27 09:15:11.189091,Reddit,Best #TechLaunch I have ever used. Highly recommend! @user_1332 ,"#Smartphone2024,#GadgetReview,#TechLaunch",1838,416,149,75482
POST_01343,user_2526,2026-08-01 07:29:11.189091,Twitter,Going to see #Cinema tonight. Hope it's good.,#Cinema,580,152,155,42316
POST_01344,user_1626,2026-08-02 21:53:11.189091,Instagram,What a thrilling finish to the #SportsEvent! Unbelievable! 🏆🔥 @user_1626  https://example.com/link,#Finals,3380,728,685,47240
POST_01345,user_1483,2026-08-03 01:56:11.189091,Twitter,"Wow, the screen on the #Smartphone2024 is stunning. https://example.com/link","#GadgetReview,#TechLaunch",961,198,63,22718
POST_01346,user_4073,2026-08-07 17:07:11.189091,Twitter,Terrible customer service when I tried to return my #GadgetReview. Never again.,"#Smartphone2024,#TechLaunch",3694,1067,651,46524
POST_01347,user_2664,2026-07-24 08:11:11.189091,Reddit,Will wait for the reviews before buying the #GadgetReview device.,"#TechLaunch,#Smartphone2024,#GadgetReview",3289,1268,256,94275
POST_01348,user_498,2026-08-03 14:15:11.189091,Reddit,Getting snacks ready for the #ChampionshipGame.,"#SportsEvent,#ChampionshipGame,#Finals",695,176,61,67931
POST_01349,user_1245,2026-07-26 03:21:11.189091,Instagram,"Wow, the screen on the #TechLaunch is stunning.","#TechLaunch,#GadgetReview,#Smartphone2024",4177,1153,295,85259
POST_01350,user_1853,2026-08-06 02:25:11.189091,Reddit,Terrible refereeing ruined the #Finals. Absolutely rigged. 🗑️,#ChampionshipGame,16,5,0,2040
POST_01351,user_66,2026-07-21 00:30:11.189091,Twitter,The battery life on this #Smartphone2024 is a joke. 🗑️,"#Smartphone2024,#TechLaunch,#GadgetReview",3811,421,1089,97354
POST_01352,user_4930,2026-07-17 04:34:11.189091,Reddit,The broadcast quality for the #Finals is awful. 😡,"#Finals,#ChampionshipGame",7551,2060,594,85378
POST_01353,user_1317,2026-07-15 01:49:11.189091,Instagram,Comparing the #Smartphone2024 with other models.,"#TechLaunch,#Smartphone2024",1483,160,385,66069
POST_01354,user_4262,2026-07-28 18:58:11.189091,Reddit,I fell asleep halfway through #Blockbuster.,#Blockbuster,1316,184,87,21432
POST_01355,user_2552,2026-07-30 20:51:11.189091,Reddit,Not worth the upgrade. #Smartphone2024 is just a rehash of last year's model.,"#TechLaunch,#GadgetReview,#Smartphone2024",4316,454,913,59685
POST_01356,user_1490,2026-07-16 03:41:11.189091,Reddit,"#MovieRelease had some decent moments, but overall average.","#Blockbuster,#MovieRelease",2046,697,384,57475
POST_01357,user_4284,2026-07-31 03:19:11.189091,Instagram,Getting snacks ready for the #ChampionshipGame. https://example.com/link,#Finals,390,46,96,76642
POST_01358,user_3640,2026-07-14 17:11:11.189091,Instagram,Watching the #Finals with friends. Game is tied.,"#SportsEvent,#ChampionshipGame",1157,265,155,38585
POST_01359,user_1468,2026-07-19 00:06:11.189091,Reddit,Will wait for the reviews before buying the #GadgetReview device.,#GadgetReview,15,5,1,1172
POST_01360,user_3185,2026-07-30 22:24:11.189091,Reddit,Anyone getting the new #Smartphone2024? I can't decide.,#GadgetReview,90,15,4,3994
POST_01361,user_1911,2026-07-28 20:13:11.189091,Instagram,Who do you think will win the #Finals?,#Finals,117,11,28,8544
POST_01362,user_4,2026-08-07 13:43:11.189091,Instagram,Just watched the new #Cinema. Best movie of the year! 🍿🎬,"#Blockbuster,#MovieRelease,#Cinema",4379,672,955,66700
POST_01363,user_4919,2026-07-15 06:48:11.189091,Reddit,Who do you think will win the #Finals?,#SportsEvent,2786,1030,469,57466
POST_01364,user_3020,2026-07-23 06:59:11.189091,Reddit,Will wait for the reviews before buying the #TechLaunch device. @user_3020 ,#TechLaunch,2414,925,179,67352
POST_01365,user_591,2026-08-01 18:03:11.189091,Reddit,The battery life on this #Smartphone2024 is a joke. 🗑️ @user_591 ,"#GadgetReview,#Smartphone2024",1702,502,489,49910
POST_01366,user_4518,2026-08-02 00:27:11.189091,Twitter,The plot in #Cinema made no sense. Avoid at all costs. https://example.com/link,#Cinema,652,126,112,57502
POST_01367,user_1608,2026-08-04 21:38:11.189091,Instagram,I fell asleep halfway through #Cinema.,#Blockbuster,498,64,42,35586
POST_01368,user_4773,2026-08-02 04:35:11.189091,Reddit,Worst ending ever. #Cinema completely ruined the franchise.,"#MovieRelease,#Blockbuster,#Cinema",1820,289,237,55796
POST_01369,user_1289,2026-07-20 07:31:11.189091,Instagram,Comparing the #GadgetReview with other models. https://example.com/link,#GadgetReview,2578,699,344,91986
POST_01370,user_2884,2026-07-23 00:12:11.189091,Twitter,"#Blockbuster had some decent moments, but overall average.","#MovieRelease,#Blockbuster,#Cinema",512,104,138,47143
POST_01371,user_3458,2026-08-07 01:48:11.189091,Twitter,Watching the #ChampionshipGame with friends. Game is tied. https://example.com/link,"#SportsEvent,#Finals",904,324,240,35270
POST_01372,user_1393,2026-07-20 16:40:11.189091,Twitter,Finally got my hands on the #TechLaunch device. Loving the battery life. 😍 @user_1393 ,#TechLaunch,466,186,119,10706
POST_01373,user_3414,2026-08-03 23:44:11.189091,Twitter,Going to see #Cinema tonight. Hope it's good.,"#Blockbuster,#Cinema,#MovieRelease",3146,441,542,92887
POST_01374,user_3513,2026-07-17 06:01:11.189091,Instagram,Can't believe we lost the #SportsEvent. So heartbroken right now.,"#Finals,#SportsEvent,#ChampionshipGame",2873,844,144,50330
POST_01375,user_3643,2026-07-28 20:26:11.189091,Twitter,Will wait for the reviews before buying the #TechLaunch device. https://example.com/link,"#GadgetReview,#TechLaunch,#Smartphone2024",925,130,51,53175
POST_01376,user_2960,2026-07-25 06:36:11.189091,Instagram,Terrible customer service when I tried to return my #Smartphone2024. Never again. @user_2960 ,"#GadgetReview,#Smartphone2024",4296,449,652,72011
POST_01377,user_386,2026-08-07 21:33:11.189091,Twitter,Not worth the upgrade. #TechLaunch is just a rehash of last year's model.,"#TechLaunch,#GadgetReview",511,133,63,5640
POST_01378,user_1707,2026-08-02 09:16:11.189091,Reddit,What a waste of time. #Cinema was completely boring. 🥱,"#Blockbuster,#Cinema,#MovieRelease",558,151,105,12435
POST_01379,user_4055,2026-07-25 17:30:11.189091,Reddit,What a waste of time. #Cinema was completely boring. 🥱 https://example.com/link,"#Blockbuster,#MovieRelease",1368,240,405,21999
POST_01380,user_757,2026-08-04 12:11:11.189091,Reddit,What a waste of time. #Blockbuster was completely boring. 🥱,"#Blockbuster,#Cinema",231,36,58,3419
POST_01381,user_2968,2026-08-10 05:31:11.189091,Instagram,The #Finals is pretty competitive this year.,"#SportsEvent,#Finals,#ChampionshipGame",1446,356,306,44541
POST_01382,user_3625,2026-07-17 11:22:11.189091,Reddit,Can't believe we lost the #Finals. So heartbroken right now. https://example.com/link,"#ChampionshipGame,#Finals,#SportsEvent",308,53,51,27857
POST_01383,user_2230,2026-08-05 04:06:11.189091,Instagram,Incredible display of skill at the #ChampionshipGame today.,"#Finals,#SportsEvent,#ChampionshipGame",7591,1390,1761,87904
POST_01384,user_2787,2026-08-03 01:33:11.189091,Instagram,Incredible display of skill at the #ChampionshipGame today.,#Finals,2037,416,394,60914
POST_01385,user_688,2026-08-02 15:35:11.189091,Twitter,"Wow, the screen on the #Smartphone2024 is stunning.","#TechLaunch,#GadgetReview",2285,868,573,52051
POST_01386,user_3707,2026-08-05 07:25:11.189091,Instagram,Just saw the specs for the #TechLaunch phone. They seem okay. https://example.com/link,"#GadgetReview,#Smartphone2024,#TechLaunch",2423,699,220,69743
POST_01387,user_4864,2026-08-05 09:17:11.189091,Twitter,I was on the edge of my seat during #MovieRelease!,#MovieRelease,1237,143,145,27668
POST_01388,user_4322,2026-08-08 17:55:11.189091,Twitter,What a waste of time. #MovieRelease was completely boring. 🥱,"#Cinema,#MovieRelease",1402,280,85,75267
POST_01389,user_2523,2026-07-14 11:19:11.189091,Twitter,I was on the edge of my seat during #Blockbuster!,"#Blockbuster,#Cinema,#MovieRelease",3152,818,219,51032
POST_01390,user_4037,2026-07-15 22:44:11.189091,Twitter,The battery life on this #GadgetReview is a joke. 🗑️,"#TechLaunch,#Smartphone2024",1237,481,151,41652
POST_01391,user_3400,2026-07-20 12:03:11.189091,Reddit,Best #Smartphone2024 I have ever used. Highly recommend!,"#GadgetReview,#Smartphone2024",3103,543,860,73442
POST_01392,user_3757,2026-07-23 04:47:11.189091,Twitter,Going to see #MovieRelease tonight. Hope it's good.,"#Cinema,#Blockbuster",2540,554,321,94233
POST_01393,user_1551,2026-07-28 17:35:11.189091,Instagram,What a thrilling finish to the #ChampionshipGame! Unbelievable! 🏆🔥,#SportsEvent,2693,491,182,82527
POST_01394,user_1828,2026-08-09 00:00:11.189091,Twitter,Can't stop thinking about that game winning play at the #Finals! @user_1828 ,#SportsEvent,2006,387,477,46808
POST_01395,user_4077,2026-07-25 03:59:11.189091,Reddit,Can't believe we lost the #ChampionshipGame. So heartbroken right now.,#SportsEvent,3526,1385,816,99493
POST_01396,user_4788,2026-07-31 07:29:11.189091,Instagram,Terrible customer service when I tried to return my #GadgetReview. Never again.,"#TechLaunch,#Smartphone2024",2597,572,312,97031
POST_01397,user_2949,2026-07-18 01:55:11.189091,Twitter,"Wow, the screen on the #Smartphone2024 is stunning.","#Smartphone2024,#TechLaunch",2568,998,501,43068
POST_01398,user_3760,2026-07-24 16:23:11.189091,Reddit,Worst ending ever. #Cinema completely ruined the franchise.,"#Cinema,#Blockbuster",1250,301,278,25757
POST_01399,user_4220,2026-07-25 06:13:11.189091,Reddit,"Wow, the screen on the #Smartphone2024 is stunning. @user_4220 ",#Smartphone2024,7646,1071,1532,83566
POST_01400,user_3182,2026-07-20 00:34:11.189091,Twitter,My team finally won the #Finals! Best day ever!,#ChampionshipGame,2224,267,630,99094
POST_01401,user_338,2026-07-29 21:29:11.189091,Twitter,Just saw the specs for the #TechLaunch phone. They seem okay.,"#Smartphone2024,#TechLaunch",75,29,17,6229
POST_01402,user_302,2026-08-04 01:18:11.189091,Reddit,Getting snacks ready for the #ChampionshipGame.,#Finals,2044,302,117,82421
POST_01403,user_2543,2026-07-20 09:56:11.189091,Instagram,Getting snacks ready for the #Finals.,"#ChampionshipGame,#SportsEvent",3234,490,226,74359
POST_01404,user_3118,2026-08-09 17:54:11.189091,Twitter,Anyone getting the new #GadgetReview? I can't decide. @user_3118 ,#TechLaunch,3121,1011,818,80851
POST_01405,user_1914,2026-07-18 19:49:11.189091,Reddit,Best #Smartphone2024 I have ever used. Highly recommend! https://example.com/link,"#GadgetReview,#Smartphone2024",97,23,19,2652
POST_01406,user_1982,2026-08-05 00:43:11.189091,Reddit,The plot in #Cinema made no sense. Avoid at all costs.,"#Blockbuster,#Cinema",731,123,83,8233
POST_01407,user_2360,2026-07-18 05:35:11.189091,Instagram,Best #Smartphone2024 I have ever used. Highly recommend!,"#Smartphone2024,#GadgetReview",1419,497,182,24970
POST_01408,user_2880,2026-08-03 21:48:11.189091,Reddit,Just watched the new #MovieRelease. Best movie of the year! 🍿🎬,"#Blockbuster,#Cinema",5801,1613,1133,69410
POST_01409,user_1660,2026-07-27 16:17:11.189091,Instagram,Terrible refereeing ruined the #Finals. Absolutely rigged. 🗑️,#Finals,2159,637,246,36081
POST_01410,user_2436,2026-07-11 17:14:11.189091,Instagram,Incredible performance by the lead actor in #MovieRelease! A must watch!,"#Cinema,#MovieRelease,#Blockbuster",439,101,56,83848
POST_01411,user_729,2026-07-19 11:57:11.189091,Reddit,Comparing the #Smartphone2024 with other models.,"#TechLaunch,#Smartphone2024",2035,470,556,85988
POST_01412,user_16,2026-07-24 22:45:11.189091,Instagram,Can't believe we lost the #Finals. So heartbroken right now. https://example.com/link,"#SportsEvent,#Finals",2966,418,840,57798
POST_01413,user_2808,2026-08-02 17:21:11.189091,Reddit,Worst performance by my team in the #Finals. Embarrassing.,"#Finals,#ChampionshipGame",3661,473,590,57120
POST_01414,user_2260,2026-07-24 03:18:11.189091,Reddit,Not worth the upgrade. #Smartphone2024 is just a rehash of last year's model.,"#GadgetReview,#TechLaunch",3501,431,687,73381
POST_01415,user_167,2026-08-11 06:04:11.189091,Reddit,"#Cinema had some decent moments, but overall average.","#Blockbuster,#MovieRelease,#Cinema",1629,169,116,70687
POST_01416,user_2112,2026-07-19 03:09:11.189091,Instagram,Can't believe we lost the #ChampionshipGame. So heartbroken right now.,#ChampionshipGame,3862,1322,952,71275
POST_01417,user_2447,2026-07-23 00:09:11.189091,Reddit,My team finally won the #SportsEvent! Best day ever!,"#Finals,#ChampionshipGame,#SportsEvent",3942,635,741,41074
POST_01418,user_4046,2026-07-15 02:52:11.189091,Twitter,The battery life on this #TechLaunch is a joke. 🗑️ https://example.com/link,"#Smartphone2024,#TechLaunch",4442,1358,1162,96557
POST_01419,user_4334,2026-08-05 06:14:11.189091,Twitter,Just watched the new #MovieRelease. Best movie of the year! 🍿🎬 https://example.com/link,"#Cinema,#MovieRelease",3384,1066,211,49276
POST_01420,user_959,2026-08-10 05:08:11.189091,Reddit,Worst ending ever. #MovieRelease completely ruined the franchise.,"#Blockbuster,#MovieRelease,#Cinema",744,201,65,13824
POST_01421,user_3503,2026-07-14 13:52:11.189091,Reddit,What a waste of time. #Cinema was completely boring. 🥱,"#MovieRelease,#Blockbuster",752,163,191,17200
POST_01422,user_1469,2026-07-13 22:31:11.189091,Twitter,I fell asleep halfway through #Blockbuster.,"#MovieRelease,#Cinema,#Blockbuster",5206,569,1414,51857
POST_01423,user_1850,2026-07-12 15:49:11.189091,Twitter,Finally got my hands on the #TechLaunch device. Loving the battery life. 😍 @user_1850 ,#TechLaunch,2939,640,588,87993
POST_01424,user_2911,2026-08-08 12:32:11.189091,Instagram,Incredible performance by the lead actor in #MovieRelease! A must watch! @user_2911 ,"#Blockbuster,#Cinema,#MovieRelease",441,91,80,26378
POST_01425,user_2425,2026-07-23 02:33:11.189091,Reddit,Incredible performance by the lead actor in #Blockbuster! A must watch!,"#Blockbuster,#Cinema",184,35,26,7227
POST_01426,user_4805,2026-07-12 13:49:11.189091,Twitter,Worst ending ever. #MovieRelease completely ruined the franchise. @user_4805  https://example.com/link,#Blockbuster,4849,828,423,56524
POST_01427,user_2506,2026-08-05 13:27:11.189091,Instagram,I fell asleep halfway through #Blockbuster.,#Cinema,1149,396,207,62941
POST_01428,user_3313,2026-08-09 13:04:11.189091,Twitter,Just saw the specs for the #TechLaunch phone. They seem okay.,"#Smartphone2024,#TechLaunch",2893,1041,496,97426
POST_01429,user_1367,2026-08-09 03:36:11.189091,Reddit,Will wait for the reviews before buying the #Smartphone2024 device.,"#TechLaunch,#Smartphone2024",2687,1034,585,89837
POST_01430,user_4144,2026-07-15 14:14:11.189091,Instagram,Not worth the upgrade. #Smartphone2024 is just a rehash of last year's model.,"#TechLaunch,#Smartphone2024,#GadgetReview",639,162,47,36478
POST_01431,user_1532,2026-08-11 02:36:11.189091,Reddit,Incredible display of skill at the #Finals today.,"#ChampionshipGame,#SportsEvent",311,77,62,17956
POST_01432,user_867,2026-07-13 07:53:11.189091,Reddit,My team finally won the #ChampionshipGame! Best day ever! https://example.com/link,"#Finals,#ChampionshipGame,#SportsEvent",618,213,118,79843
POST_01433,user_4814,2026-07-24 10:36:11.189091,Reddit,"#MovieRelease had some decent moments, but overall average. @user_4814 ","#Blockbuster,#MovieRelease",293,43,39,29053
POST_01434,user_2253,2026-07-12 20:27:11.189091,Instagram,Worst ending ever. #Cinema completely ruined the franchise.,"#Cinema,#MovieRelease,#Blockbuster",2432,875,589,84400
POST_01435,user_1452,2026-07-25 07:03:11.189091,Reddit,The #ChampionshipGame is pretty competitive this year.,"#SportsEvent,#ChampionshipGame",1772,654,312,83874
POST_01436,user_4386,2026-07-27 17:16:11.189091,Reddit,Watching the #SportsEvent with friends. Game is tied.,"#Finals,#ChampionshipGame,#SportsEvent",3649,849,373,96682
POST_01437,user_692,2026-07-22 19:54:11.189091,Twitter,The broadcast quality for the #ChampionshipGame is awful. 😡 https://example.com/link,#SportsEvent,3056,851,463,37938
POST_01438,user_1672,2026-08-03 23:16:11.189091,Twitter,Will wait for the reviews before buying the #Smartphone2024 device. @user_1672 ,#GadgetReview,479,48,99,17107
POST_01439,user_1571,2026-08-09 16:13:11.189091,Twitter,Best #Smartphone2024 I have ever used. Highly recommend!,"#GadgetReview,#TechLaunch,#Smartphone2024",2515,328,603,47134
POST_01440,user_3551,2026-07-14 19:57:11.189091,Instagram,Watching the #SportsEvent with friends. Game is tied.,"#Finals,#SportsEvent",2148,340,139,78281
POST_01441,user_3467,2026-07-29 23:38:11.189091,Instagram,Going to see #MovieRelease tonight. Hope it's good. https://example.com/link,"#Blockbuster,#Cinema",2219,735,502,56503
POST_01442,user_1764,2026-08-07 17:07:11.189091,Reddit,Extremely disappointed with the #TechLaunch phone. Overheating issues are terrible. 😡,"#Smartphone2024,#TechLaunch,#GadgetReview",1216,424,321,98026
POST_01443,user_4105,2026-07-28 20:29:11.189091,Instagram,Watching the #ChampionshipGame with friends. Game is tied.,"#ChampionshipGame,#Finals",1279,203,212,60453
POST_01444,user_1760,2026-07-16 18:35:11.189091,Instagram,Extremely disappointed with the #TechLaunch phone. Overheating issues are terrible. 😡 https://example.com/link,"#TechLaunch,#GadgetReview",17,2,2,5295
POST_01445,user_130,2026-07-29 11:05:11.189091,Instagram,What a thrilling finish to the #SportsEvent! Unbelievable! 🏆🔥,"#ChampionshipGame,#SportsEvent,#Finals",110,29,27,1476
POST_01446,user_3810,2026-07-14 21:23:11.189091,Instagram,"Wow, the screen on the #GadgetReview is stunning.","#GadgetReview,#Smartphone2024,#TechLaunch",1517,606,446,81246
POST_01447,user_73,2026-07-27 12:44:11.189091,Instagram,Will wait for the reviews before buying the #TechLaunch device.,#Smartphone2024,3138,926,247,77025
POST_01448,user_1988,2026-07-19 07:47:11.189091,Reddit,Extremely disappointed with the #GadgetReview phone. Overheating issues are terrible. 😡 https://example.com/link,#TechLaunch,123,15,24,1131
POST_01449,user_3352,2026-07-18 16:25:11.189091,Instagram,My team finally won the #Finals! Best day ever!,"#Finals,#ChampionshipGame,#SportsEvent",2092,616,200,47386
POST_01450,user_331,2026-07-31 19:32:11.189091,Reddit,Incredible display of skill at the #ChampionshipGame today.,"#Finals,#SportsEvent,#ChampionshipGame",771,263,116,52821
POST_01451,user_696,2026-07-31 14:35:11.189091,Instagram,The #Finals is pretty competitive this year. https://example.com/link,"#SportsEvent,#ChampionshipGame,#Finals",9,1,2,374
POST_01452,user_1749,2026-07-12 01:12:11.189091,Twitter,The battery life on this #Smartphone2024 is a joke. 🗑️,"#Smartphone2024,#GadgetReview,#TechLaunch",549,101,152,38014
POST_01453,user_2320,2026-07-14 06:39:11.189091,Reddit,The new #Smartphone2024 phone is absolutely amazing! The camera is unreal! 📱✨ @user_2320  https://example.com/link,"#TechLaunch,#Smartphone2024",6432,1459,934,79734
POST_01454,user_1696,2026-07-18 14:06:11.189091,Instagram,Terrible customer service when I tried to return my #Smartphone2024. Never again.,"#Smartphone2024,#GadgetReview,#TechLaunch",2313,777,242,33126
POST_01455,user_4706,2026-08-09 11:01:11.189091,Instagram,Just watched the new #Cinema. Best movie of the year! 🍿🎬 @user_4706 ,#Blockbuster,4687,963,814,62757
POST_01456,user_2975,2026-07-14 14:43:11.189091,Instagram,What a waste of time. #MovieRelease was completely boring. 🥱,#Blockbuster,2870,707,257,28448
POST_01457,user_2192,2026-07-28 15:28:11.189091,Reddit,The #Finals is pretty competitive this year.,"#SportsEvent,#ChampionshipGame,#Finals",1438,329,330,54834
POST_01458,user_2574,2026-08-02 09:36:11.189091,Reddit,The new #TechLaunch phone is absolutely amazing! The camera is unreal! 📱✨,#GadgetReview,2444,417,703,63061
POST_01459,user_1061,2026-08-06 02:57:11.189091,Reddit,The plot in #MovieRelease made no sense. Avoid at all costs. https://example.com/link,"#Cinema,#MovieRelease",7524,2927,1419,73030
POST_01460,user_3025,2026-08-08 14:25:11.189091,Twitter,The plot in #Blockbuster made no sense. Avoid at all costs. @user_3025 ,#Blockbuster,2503,372,555,39587
POST_01461,user_2997,2026-07-23 01:09:11.189091,Reddit,The visual effects in #Blockbuster blew my mind. 10/10.,#Cinema,355,84,41,6141
POST_01462,user_4510,2026-07-17 07:02:11.189091,Twitter,Worst ending ever. #MovieRelease completely ruined the franchise.,"#MovieRelease,#Cinema,#Blockbuster",351,133,20,23850
POST_01463,user_956,2026-07-11 17:30:11.189091,Reddit,Can't believe we lost the #ChampionshipGame. So heartbroken right now.,"#ChampionshipGame,#Finals,#SportsEvent",1462,519,85,75458
POST_01464,user_4491,2026-07-29 06:03:11.189091,Reddit,Finally got my hands on the #Smartphone2024 device. Loving the battery life. 😍,#GadgetReview,1465,551,258,63182
POST_01465,user_659,2026-07-31 18:37:11.189091,Reddit,Will wait for the reviews before buying the #Smartphone2024 device.,"#TechLaunch,#Smartphone2024,#GadgetReview",184,52,15,10085
POST_01466,user_2067,2026-08-03 02:10:11.189091,Twitter,"#Blockbuster had some decent moments, but overall average.",#Blockbuster,701,113,74,78134
POST_01467,user_2922,2026-08-07 05:26:11.189091,Reddit,Can't stop thinking about that game winning play at the #Finals!,"#Finals,#ChampionshipGame",271,63,44,32997
POST_01468,user_3789,2026-07-27 03:55:11.189091,Twitter,Can't stop thinking about that game winning play at the #ChampionshipGame!,"#ChampionshipGame,#SportsEvent,#Finals",1566,490,89,87915
POST_01469,user_4285,2026-08-01 13:06:11.189091,Twitter,Terrible customer service when I tried to return my #TechLaunch. Never again.,"#Smartphone2024,#GadgetReview,#TechLaunch",125,48,31,58170
POST_01470,user_2451,2026-07-23 04:40:11.189091,Twitter,The new #Smartphone2024 phone is absolutely amazing! The camera is unreal! 📱✨,"#Smartphone2024,#GadgetReview,#TechLaunch",3680,449,438,36974
POST_01471,user_1929,2026-07-28 05:57:11.189091,Reddit,Finally got my hands on the #TechLaunch device. Loving the battery life. 😍 https://example.com/link,#TechLaunch,1723,335,372,81420
POST_01472,user_2988,2026-07-17 17:07:11.189091,Reddit,Comparing the #GadgetReview with other models.,"#GadgetReview,#Smartphone2024,#TechLaunch",3842,941,654,82029
POST_01473,user_3042,2026-07-20 03:06:11.189091,Twitter,Just watched the new #Cinema. Best movie of the year! 🍿🎬,#Blockbuster,2591,730,603,52846
POST_01474,user_802,2026-08-03 17:55:11.189091,Reddit,Terrible customer service when I tried to return my #GadgetReview. Never again. https://example.com/link,#GadgetReview,1563,235,234,62633
POST_01475,user_4152,2026-08-11 06:09:11.189091,Instagram,Finally got my hands on the #GadgetReview device. Loving the battery life. 😍,#TechLaunch,2739,464,506,72232
POST_01476,user_828,2026-07-27 10:23:11.189091,Reddit,Terrible refereeing ruined the #Finals. Absolutely rigged. 🗑️,"#ChampionshipGame,#Finals,#SportsEvent",2240,244,619,52886
POST_01477,user_3311,2026-07-30 11:52:11.189091,Twitter,Watching #Cinema with my friends this weekend.,#MovieRelease,2894,563,169,61200
POST_01478,user_2995,2026-07-16 18:25:11.189091,Instagram,"Tickets for #Cinema were expensive, hope it's worth it.","#Blockbuster,#Cinema,#MovieRelease",2404,530,315,48504
POST_01479,user_1957,2026-08-03 22:15:11.189091,Reddit,The new #TechLaunch phone is absolutely amazing! The camera is unreal! 📱✨,"#TechLaunch,#GadgetReview",427,155,91,31367
POST_01480,user_4319,2026-08-02 06:51:11.189091,Instagram,Extremely disappointed with the #TechLaunch phone. Overheating issues are terrible. 😡,"#TechLaunch,#GadgetReview,#Smartphone2024",4376,1627,531,58240
POST_01481,user_2675,2026-07-23 04:02:11.189091,Reddit,The broadcast quality for the #SportsEvent is awful. 😡,"#SportsEvent,#Finals",1269,162,155,33974
POST_01482,user_951,2026-07-23 00:18:11.189091,Instagram,The visual effects in #MovieRelease blew my mind. 10/10. https://example.com/link,"#Cinema,#MovieRelease",2419,900,696,22765
POST_01483,user_121,2026-07-31 21:58:11.189091,Twitter,Getting snacks ready for the #SportsEvent. https://example.com/link,#SportsEvent,1271,192,229,34120
POST_01484,user_3959,2026-08-06 12:34:11.189091,Reddit,The broadcast quality for the #Finals is awful. 😡 @user_3959 ,#SportsEvent,9452,3246,2780,95172
POST_01485,user_2373,2026-08-05 13:24:11.189091,Twitter,The plot in #MovieRelease made no sense. Avoid at all costs. https://example.com/link,"#Blockbuster,#MovieRelease,#Cinema",1137,214,327,43849
POST_01486,user_4319,2026-08-08 14:07:11.189091,Instagram,I was on the edge of my seat during #Blockbuster!,"#Blockbuster,#Cinema",1267,178,374,28119
POST_01487,user_517,2026-07-31 11:07:11.189091,Instagram,Terrible refereeing ruined the #Finals. Absolutely rigged. 🗑️,#ChampionshipGame,628,193,33,26079
POST_01488,user_3983,2026-07-24 17:02:11.189091,Instagram,Just watched the new #Blockbuster. Best movie of the year! 🍿🎬,#MovieRelease,1550,429,96,68953
POST_01489,user_3151,2026-07-14 11:25:11.189091,Twitter,Best #TechLaunch I have ever used. Highly recommend! @user_3151 ,"#Smartphone2024,#GadgetReview",1582,193,443,40972
POST_01490,user_2917,2026-07-19 23:38:11.189091,Twitter,Watching #MovieRelease with my friends this weekend. https://example.com/link,#Blockbuster,1297,184,281,68618
POST_01491,user_4012,2026-07-12 11:38:11.189091,Twitter,Can't stop thinking about that game winning play at the #Finals! https://example.com/link,#ChampionshipGame,2445,292,436,77701
POST_01492,user_1214,2026-08-05 05:42:11.189091,Instagram,The broadcast quality for the #SportsEvent is awful. 😡,"#Finals,#ChampionshipGame",6376,1379,1250,80327
POST_01493,user_4927,2026-07-15 09:39:11.189091,Twitter,I fell asleep halfway through #MovieRelease.,"#MovieRelease,#Cinema",4013,1547,289,97113
POST_01494,user_3397,2026-07-30 10:56:11.189091,Instagram,The plot in #MovieRelease made no sense. Avoid at all costs.,#MovieRelease,5495,1352,1189,64545
POST_01495,user_3296,2026-07-31 10:55:11.189091,Reddit,Incredible performance by the lead actor in #MovieRelease! A must watch!,#MovieRelease,5399,1928,297,65891
POST_01496,user_3945,2026-07-30 06:50:11.189091,Reddit,Incredible display of skill at the #SportsEvent today.,#ChampionshipGame,919,239,162,24786
POST_01497,user_3787,2026-07-16 18:37:11.189091,Reddit,What a thrilling finish to the #SportsEvent! Unbelievable! 🏆🔥,"#SportsEvent,#Finals",278,91,55,26554
POST_01498,user_1633,2026-07-23 00:45:11.189091,Reddit,Comparing the #Smartphone2024 with other models.,"#GadgetReview,#Smartphone2024,#TechLaunch",38,14,9,11782
POST_01499,user_350,2026-08-11 13:33:11.189091,Twitter,Comparing the #Smartphone2024 with other models.,"#TechLaunch,#GadgetReview,#Smartphone2024",2076,695,174,66224
POST_01500,user_360,2026-07-30 01:01:11.189091,Twitter,The #SportsEvent is pretty competitive this year. @user_360  https://example.com/link,#Finals,1428,340,144,31247
POST_01501,user_535,2026-07-29 20:39:11.189091,Twitter,The broadcast quality for the #Finals is awful. 😡,"#ChampionshipGame,#SportsEvent",628,231,116,12832
POST_01502,user_3793,2026-07-27 22:51:11.189091,Reddit,The visual effects in #Cinema blew my mind. 10/10. https://example.com/link,"#Blockbuster,#Cinema",1168,207,155,10350
POST_01503,user_3594,2026-08-04 18:30:11.189091,Twitter,Going to see #Cinema tonight. Hope it's good. https://example.com/link,"#Blockbuster,#Cinema",341,66,101,86654
POST_01504,user_4832,2026-07-14 12:52:11.189091,Instagram,"Wow, the screen on the #TechLaunch is stunning. https://example.com/link","#Smartphone2024,#TechLaunch",1149,174,188,68682
POST_01505,user_3276,2026-08-11 03:17:11.189091,Reddit,Incredible display of skill at the #SportsEvent today.,"#SportsEvent,#Finals,#ChampionshipGame",720,88,69,37235
POST_01506,user_1874,2026-07-19 14:55:11.189091,Instagram,Terrible customer service when I tried to return my #GadgetReview. Never again. @user_1874 ,#TechLaunch,3714,533,283,91793
POST_01507,user_3444,2026-08-08 19:51:11.189091,Instagram,What a thrilling finish to the #ChampionshipGame! Unbelievable! 🏆🔥 https://example.com/link,"#ChampionshipGame,#SportsEvent",2757,1072,542,29536
POST_01508,user_3811,2026-07-25 07:02:11.189091,Instagram,The broadcast quality for the #ChampionshipGame is awful. 😡,"#Finals,#ChampionshipGame,#SportsEvent",3201,1252,491,50434
POST_01509,user_749,2026-07-21 02:47:11.189091,Reddit,I was on the edge of my seat during #Cinema!,"#Blockbuster,#Cinema,#MovieRelease",2369,819,501,40226
POST_01510,user_269,2026-08-01 20:50:11.189091,Twitter,"Wow, the screen on the #GadgetReview is stunning.","#Smartphone2024,#GadgetReview,#TechLaunch",2048,420,614,53430
POST_01511,user_1530,2026-08-05 19:04:11.189091,Reddit,Just watched the new #Blockbuster. Best movie of the year! 🍿🎬,"#MovieRelease,#Cinema,#Blockbuster",359,110,76,28367
POST_01512,user_3260,2026-07-29 13:02:11.189091,Instagram,Incredible display of skill at the #Finals today.,"#SportsEvent,#Finals",3753,1105,356,74390
POST_01513,user_2292,2026-08-08 01:01:11.189091,Instagram,Watching #Blockbuster with my friends this weekend. @user_2292  https://example.com/link,"#MovieRelease,#Cinema,#Blockbuster",1107,425,90,77160
POST_01514,user_3899,2026-07-15 11:48:11.189091,Reddit,I was on the edge of my seat during #Blockbuster!,"#Cinema,#MovieRelease,#Blockbuster",39,11,5,14781
POST_01515,user_2987,2026-07-25 20:21:11.189091,Twitter,I fell asleep halfway through #Blockbuster.,"#Blockbuster,#MovieRelease,#Cinema",243,51,26,8064
POST_01516,user_2309,2026-07-16 00:38:11.189091,Instagram,Best #Smartphone2024 I have ever used. Highly recommend! https://example.com/link,"#Smartphone2024,#TechLaunch,#GadgetReview",2877,1100,706,71709
POST_01517,user_2805,2026-07-24 10:09:11.189091,Twitter,Can't believe we lost the #SportsEvent. So heartbroken right now.,"#SportsEvent,#ChampionshipGame",408,50,28,28929
POST_01518,user_420,2026-07-29 16:20:11.189091,Instagram,Just saw the specs for the #Smartphone2024 phone. They seem okay. https://example.com/link,"#Smartphone2024,#TechLaunch",728,178,159,46175
POST_01519,user_3474,2026-07-21 21:48:11.189091,Twitter,Can't believe we lost the #SportsEvent. So heartbroken right now. @user_3474 ,"#SportsEvent,#ChampionshipGame",813,155,48,82248
POST_01520,user_1558,2026-07-16 05:21:11.189091,Reddit,Extremely disappointed with the #GadgetReview phone. Overheating issues are terrible. 😡,#TechLaunch,394,97,85,66200
POST_01521,user_4294,2026-07-23 17:07:11.189091,Twitter,What a thrilling finish to the #ChampionshipGame! Unbelievable! 🏆🔥,"#Finals,#ChampionshipGame",4387,682,469,79353
POST_01522,user_4984,2026-08-07 12:19:11.189091,Reddit,Worst performance by my team in the #ChampionshipGame. Embarrassing. @user_4984 ,"#Finals,#SportsEvent",2167,313,417,20470
POST_01523,user_1501,2026-07-20 21:02:11.189091,Instagram,The visual effects in #MovieRelease blew my mind. 10/10.,"#Blockbuster,#MovieRelease",1049,296,96,30121
POST_01524,user_4738,2026-07-13 10:51:11.189091,Instagram,Going to see #Cinema tonight. Hope it's good.,"#Blockbuster,#Cinema,#MovieRelease",257,96,64,96029
POST_01525,user_2703,2026-07-28 07:04:11.189091,Reddit,Going to see #Blockbuster tonight. Hope it's good.,#MovieRelease,1027,178,197,96407
POST_01526,user_2822,2026-08-03 22:45:11.189091,Twitter,Who do you think will win the #ChampionshipGame? @user_2822  https://example.com/link,"#SportsEvent,#ChampionshipGame,#Finals",1392,286,221,39962
POST_01527,user_3463,2026-07-21 11:42:11.189091,Reddit,Watching #Blockbuster with my friends this weekend.,"#Cinema,#MovieRelease",2766,964,431,61478
POST_01528,user_4022,2026-07-24 05:15:11.189091,Instagram,Terrible customer service when I tried to return my #GadgetReview. Never again. @user_4022 ,#Smartphone2024,114,38,21,3807
POST_01529,user_487,2026-08-10 04:07:11.189091,Instagram,What a waste of time. #Cinema was completely boring. 🥱,"#Cinema,#Blockbuster,#MovieRelease",4104,1345,563,88233
POST_01530,user_3170,2026-07-31 23:01:11.189091,Reddit,Terrible refereeing ruined the #SportsEvent. Absolutely rigged. 🗑️ @user_3170 ,"#ChampionshipGame,#Finals,#SportsEvent",4564,987,728,66182
POST_01531,user_2582,2026-07-28 01:07:11.189091,Instagram,Going to see #Cinema tonight. Hope it's good.,"#Blockbuster,#MovieRelease,#Cinema",800,230,231,30286
POST_01532,user_1155,2026-08-05 16:22:11.189091,Instagram,Incredible display of skill at the #ChampionshipGame today.,"#SportsEvent,#ChampionshipGame",1712,507,479,44759
POST_01533,user_3607,2026-07-15 20:52:11.189091,Reddit,Going to see #Cinema tonight. Hope it's good.,#MovieRelease,143,31,11,75574
POST_01534,user_913,2026-07-25 06:39:11.189091,Instagram,Just watched the new #MovieRelease. Best movie of the year! 🍿🎬,#MovieRelease,7223,1409,602,71093
POST_01535,user_112,2026-07-13 19:00:11.189091,Twitter,Not worth the upgrade. #TechLaunch is just a rehash of last year's model.,#GadgetReview,420,99,125,10784
POST_01536,user_2463,2026-08-08 05:46:11.189091,Reddit,Terrible customer service when I tried to return my #GadgetReview. Never again.,"#TechLaunch,#GadgetReview,#Smartphone2024",5254,1328,866,59802
POST_01537,user_3606,2026-07-27 07:30:11.189091,Instagram,What a thrilling finish to the #SportsEvent! Unbelievable! 🏆🔥 @user_3606 ,#SportsEvent,1583,587,446,14107
POST_01538,user_2670,2026-08-08 11:01:11.189091,Twitter,My team finally won the #Finals! Best day ever! https://example.com/link,"#ChampionshipGame,#Finals,#SportsEvent",988,276,228,11877
POST_01539,user_3508,2026-07-20 11:21:11.189091,Reddit,What a thrilling finish to the #Finals! Unbelievable! 🏆🔥,#ChampionshipGame,170,41,15,24170
POST_01540,user_2168,2026-07-23 17:07:11.189091,Instagram,Just watched the new #Cinema. Best movie of the year! 🍿🎬 https://example.com/link,"#Blockbuster,#Cinema,#MovieRelease",3452,677,704,86870
POST_01541,user_3732,2026-07-21 14:11:11.189091,Reddit,I fell asleep halfway through #Blockbuster. https://example.com/link,"#Blockbuster,#Cinema",1398,194,242,50960
POST_01542,user_1929,2026-07-21 07:20:11.189091,Twitter,Going to see #Cinema tonight. Hope it's good. @user_1929 ,"#Cinema,#MovieRelease",26,2,3,11401
POST_01543,user_2486,2026-07-22 22:22:11.189091,Twitter,Watching the #Finals with friends. Game is tied.,#SportsEvent,3650,1157,658,80432
POST_01544,user_4008,2026-08-05 13:31:11.189091,Instagram,The broadcast quality for the #ChampionshipGame is awful. 😡 https://example.com/link,#SportsEvent,970,135,101,22543
POST_01545,user_1148,2026-07-21 03:45:11.189091,Reddit,Extremely disappointed with the #TechLaunch phone. Overheating issues are terrible. 😡,#TechLaunch,3739,1406,664,96518
POST_01546,user_1584,2026-07-15 00:10:11.189091,Twitter,Going to see #MovieRelease tonight. Hope it's good. @user_1584 ,#Cinema,3883,807,741,80274
POST_01547,user_4741,2026-08-06 01:36:11.189091,Instagram,The #SportsEvent is pretty competitive this year.,"#ChampionshipGame,#Finals,#SportsEvent",83,22,8,13268
POST_01548,user_2254,2026-08-11 10:46:11.189091,Twitter,What a thrilling finish to the #ChampionshipGame! Unbelievable! 🏆🔥 https://example.com/link,"#ChampionshipGame,#SportsEvent",5545,1550,1115,68011
POST_01549,user_4400,2026-07-20 18:14:11.189091,Twitter,Getting snacks ready for the #ChampionshipGame. https://example.com/link,"#Finals,#ChampionshipGame",248,56,19,8941
POST_01550,user_2542,2026-07-31 15:36:11.189091,Instagram,What a waste of time. #Cinema was completely boring. 🥱,"#Cinema,#Blockbuster,#MovieRelease",473,123,26,56982
POST_01551,user_3702,2026-07-13 04:14:11.189091,Instagram,I fell asleep halfway through #Cinema. @user_3702 ,"#Blockbuster,#Cinema",3593,1280,805,82478
POST_01552,user_590,2026-08-02 23:51:11.189091,Twitter,Worst performance by my team in the #Finals. Embarrassing.,"#SportsEvent,#Finals",2050,395,390,27722
POST_01553,user_762,2026-08-11 00:19:11.189091,Reddit,What a waste of time. #Blockbuster was completely boring. 🥱,"#MovieRelease,#Cinema,#Blockbuster",8217,2401,1874,81271
POST_01554,user_1397,2026-07-13 00:21:11.189091,Instagram,What a waste of time. #Blockbuster was completely boring. 🥱,"#Cinema,#Blockbuster",2490,771,725,37595
POST_01555,user_3770,2026-08-08 10:58:11.189091,Instagram,Getting snacks ready for the #SportsEvent.,"#Finals,#ChampionshipGame",2576,279,313,62500
POST_01556,user_4917,2026-08-09 02:20:11.189091,Reddit,Anyone getting the new #GadgetReview? I can't decide.,"#TechLaunch,#Smartphone2024",24,6,1,22947
POST_01557,user_2717,2026-07-22 05:27:11.189091,Instagram,What a thrilling finish to the #ChampionshipGame! Unbelievable! 🏆🔥,"#Finals,#SportsEvent",8138,1732,568,80935
POST_01558,user_660,2026-08-03 09:51:11.189091,Instagram,What a waste of time. #MovieRelease was completely boring. 🥱 @user_660 ,#Blockbuster,834,132,52,23875
POST_01559,user_2839,2026-07-23 15:05:11.189091,Instagram,Who do you think will win the #Finals?,"#Finals,#ChampionshipGame",1628,170,214,92930
POST_01560,user_1749,2026-07-26 13:11:11.189091,Twitter,The new #GadgetReview phone is absolutely amazing! The camera is unreal! 📱✨,#Smartphone2024,1360,172,335,48509
POST_01561,user_2212,2026-07-20 23:07:11.189091,Reddit,Comparing the #Smartphone2024 with other models.,"#GadgetReview,#TechLaunch,#Smartphone2024",20,2,5,2568
POST_01562,user_1169,2026-07-31 07:25:11.189091,Instagram,Finally got my hands on the #GadgetReview device. Loving the battery life. 😍,#Smartphone2024,3675,806,302,56047
POST_01563,user_3654,2026-08-10 06:02:11.189091,Reddit,The broadcast quality for the #ChampionshipGame is awful. 😡,"#SportsEvent,#Finals",4033,801,468,56082
POST_01564,user_1997,2026-07-23 04:33:11.189091,Reddit,Comparing the #TechLaunch with other models. https://example.com/link,"#Smartphone2024,#GadgetReview",1499,218,161,61414
POST_01565,user_4656,2026-07-16 03:26:11.189091,Twitter,What a thrilling finish to the #Finals! Unbelievable! 🏆🔥,"#ChampionshipGame,#SportsEvent",1045,348,259,33594
POST_01566,user_4977,2026-07-28 00:36:11.189091,Instagram,Getting snacks ready for the #ChampionshipGame. https://example.com/link,"#ChampionshipGame,#Finals,#SportsEvent",2097,816,276,72909
POST_01567,user_2693,2026-08-01 03:39:11.189091,Reddit,Just saw the specs for the #TechLaunch phone. They seem okay. @user_2693 ,"#TechLaunch,#Smartphone2024",2415,387,284,73342
POST_01568,user_408,2026-07-29 15:21:11.189091,Reddit,"#Cinema had some decent moments, but overall average.","#MovieRelease,#Cinema,#Blockbuster",1396,519,281,91462
POST_01569,user_4698,2026-07-19 17:06:11.189091,Instagram,Going to see #Cinema tonight. Hope it's good.,"#Cinema,#Blockbuster",2670,993,683,55309
POST_01570,user_162,2026-07-27 20:26:11.189091,Reddit,The visual effects in #Blockbuster blew my mind. 10/10.,#MovieRelease,3273,745,410,38617
POST_01571,user_682,2026-08-10 19:57:11.189091,Instagram,Incredible display of skill at the #ChampionshipGame today.,#Finals,10437,2415,1964,97851
POST_01572,user_3134,2026-08-05 12:09:11.189091,Twitter,The broadcast quality for the #ChampionshipGame is awful. 😡,"#Finals,#ChampionshipGame,#SportsEvent",1054,208,295,85198
POST_01573,user_2216,2026-08-07 16:56:11.189091,Twitter,Just saw the specs for the #TechLaunch phone. They seem okay. @user_2216  https://example.com/link,"#Smartphone2024,#GadgetReview",1341,294,149,70881
POST_01574,user_1698,2026-07-17 02:27:11.189091,Instagram,"Tickets for #Cinema were expensive, hope it's worth it. https://example.com/link",#Blockbuster,2333,608,179,85340
POST_01575,user_247,2026-07-25 23:11:11.189091,Reddit,Finally got my hands on the #Smartphone2024 device. Loving the battery life. 😍,"#GadgetReview,#TechLaunch,#Smartphone2024",397,113,94,6749
POST_01576,user_4152,2026-08-02 08:52:11.189091,Twitter,What a thrilling finish to the #SportsEvent! Unbelievable! 🏆🔥,"#SportsEvent,#Finals,#ChampionshipGame",153,51,44,16110
POST_01577,user_163,2026-07-19 13:14:11.189091,Instagram,Getting snacks ready for the #SportsEvent. @user_163  https://example.com/link,#SportsEvent,1016,319,113,29411
POST_01578,user_351,2026-08-05 04:51:11.189091,Twitter,What a waste of time. #Blockbuster was completely boring. 🥱,#Cinema,241,74,68,93044
POST_01579,user_4784,2026-08-01 13:57:11.189091,Reddit,Just watched the new #Blockbuster. Best movie of the year! 🍿🎬 https://example.com/link,"#Cinema,#MovieRelease",4969,865,1412,82554
POST_01580,user_1707,2026-07-23 18:37:11.189091,Instagram,"Wow, the screen on the #GadgetReview is stunning. https://example.com/link","#Smartphone2024,#TechLaunch,#GadgetReview",2422,943,298,28277
POST_01581,user_4458,2026-07-15 01:54:11.189091,Instagram,"Wow, the screen on the #GadgetReview is stunning. @user_4458 ","#Smartphone2024,#TechLaunch",1832,344,420,83504
POST_01582,user_585,2026-07-18 05:16:11.189091,Instagram,Incredible display of skill at the #SportsEvent today.,"#SportsEvent,#ChampionshipGame,#Finals",1044,208,150,15603
POST_01583,user_3903,2026-07-16 22:59:11.189091,Reddit,My team finally won the #Finals! Best day ever!,#ChampionshipGame,979,266,105,23190
POST_01584,user_2960,2026-08-10 18:36:11.189091,Twitter,Just saw the specs for the #GadgetReview phone. They seem okay.,"#GadgetReview,#Smartphone2024",3086,955,262,75059
POST_01585,user_2493,2026-08-03 02:30:11.189091,Twitter,Terrible refereeing ruined the #ChampionshipGame. Absolutely rigged. 🗑️,"#Finals,#SportsEvent,#ChampionshipGame",218,82,39,33387
POST_01586,user_3092,2026-08-11 15:52:11.189091,Reddit,Just watched the new #Cinema. Best movie of the year! 🍿🎬,#MovieRelease,7995,2562,554,80011
POST_01587,user_755,2026-07-31 14:00:11.189091,Twitter,What a thrilling finish to the #ChampionshipGame! Unbelievable! 🏆🔥,#Finals,2606,893,150,22053
POST_01588,user_2102,2026-07-18 11:45:11.189091,Reddit,"Tickets for #MovieRelease were expensive, hope it's worth it.",#Cinema,1243,231,139,65801
POST_01589,user_1165,2026-08-06 12:01:11.189091,Instagram,Worst ending ever. #MovieRelease completely ruined the franchise.,"#MovieRelease,#Blockbuster,#Cinema",648,207,162,21205
POST_01590,user_2358,2026-08-09 00:07:11.189091,Reddit,Who do you think will win the #ChampionshipGame?,"#Finals,#ChampionshipGame",2163,656,595,50965
POST_01591,user_3865,2026-07-21 04:52:11.189091,Reddit,Will wait for the reviews before buying the #TechLaunch device.,#GadgetReview,3088,914,654,90377
POST_01592,user_127,2026-07-24 01:10:11.189091,Reddit,Anyone getting the new #TechLaunch? I can't decide.,"#TechLaunch,#Smartphone2024",529,103,94,48541
POST_01593,user_971,2026-07-28 04:28:11.189091,Twitter,Watching #MovieRelease with my friends this weekend.,"#Cinema,#Blockbuster,#MovieRelease",1022,397,264,30524
POST_01594,user_3663,2026-07-17 14:59:11.189091,Reddit,I was on the edge of my seat during #Cinema!,"#Blockbuster,#Cinema,#MovieRelease",3660,778,291,69999
POST_01595,user_2887,2026-07-17 23:44:11.189091,Twitter,Worst ending ever. #MovieRelease completely ruined the franchise. @user_2887 ,#Cinema,6054,730,1317,96353
POST_01596,user_1170,2026-07-22 12:58:11.189091,Twitter,Incredible display of skill at the #ChampionshipGame today.,"#SportsEvent,#ChampionshipGame,#Finals",1764,407,370,49544
POST_01597,user_2483,2026-08-07 12:26:11.189091,Reddit,Terrible customer service when I tried to return my #TechLaunch. Never again. https://example.com/link,#Smartphone2024,4294,817,323,62730
POST_01598,user_4160,2026-07-20 17:06:11.189091,Instagram,"Wow, the screen on the #GadgetReview is stunning.","#Smartphone2024,#TechLaunch",2951,451,394,51403
POST_01599,user_741,2026-08-07 11:24:11.189091,Reddit,Going to see #Blockbuster tonight. Hope it's good.,"#Blockbuster,#MovieRelease",631,152,37,84267
POST_01600,user_2072,2026-07-20 23:58:11.189091,Instagram,What a thrilling finish to the #ChampionshipGame! Unbelievable! 🏆🔥,#SportsEvent,334,85,81,19031
POST_01601,user_2926,2026-07-31 12:33:11.189091,Instagram,The broadcast quality for the #Finals is awful. 😡,"#ChampionshipGame,#SportsEvent,#Finals",33,10,9,8013
POST_01602,user_262,2026-08-07 01:42:11.189091,Twitter,Terrible customer service when I tried to return my #TechLaunch. Never again.,"#Smartphone2024,#GadgetReview",633,215,187,54817
POST_01603,user_3070,2026-07-12 06:19:11.189091,Instagram,Watching #MovieRelease with my friends this weekend.,"#Cinema,#MovieRelease,#Blockbuster",847,312,82,78534
POST_01604,user_1083,2026-08-02 13:43:11.189091,Twitter,What a thrilling finish to the #Finals! Unbelievable! 🏆🔥,#ChampionshipGame,11,3,0,3059
POST_01605,user_4761,2026-08-05 06:52:11.189091,Reddit,Finally got my hands on the #Smartphone2024 device. Loving the battery life. 😍,"#TechLaunch,#GadgetReview",4865,1477,1241,75816
POST_01606,user_350,2026-08-01 19:52:11.189091,Twitter,Can't believe we lost the #Finals. So heartbroken right now. @user_350 ,"#ChampionshipGame,#SportsEvent",605,85,160,60095
POST_01607,user_1287,2026-08-04 13:53:11.189091,Reddit,Watching #Blockbuster with my friends this weekend. @user_1287  https://example.com/link,"#Cinema,#Blockbuster",317,87,25,76063
POST_01608,user_3450,2026-07-14 03:58:11.189091,Instagram,What a waste of time. #Cinema was completely boring. 🥱 @user_3450  https://example.com/link,"#Cinema,#Blockbuster",259,34,57,15944
POST_01609,user_4168,2026-08-03 18:34:11.189091,Reddit,Worst performance by my team in the #SportsEvent. Embarrassing.,"#Finals,#ChampionshipGame",20,2,1,8200
POST_01610,user_4926,2026-07-20 06:20:11.189091,Twitter,Watching #Cinema with my friends this weekend.,"#Cinema,#Blockbuster",1120,320,112,32778
POST_01611,user_3723,2026-08-02 07:12:11.189091,Instagram,The new #TechLaunch phone is absolutely amazing! The camera is unreal! 📱✨,"#GadgetReview,#TechLaunch,#Smartphone2024",157,31,22,44594
POST_01612,user_3531,2026-08-10 01:32:11.189091,Instagram,My team finally won the #ChampionshipGame! Best day ever! @user_3531 ,"#Finals,#SportsEvent,#ChampionshipGame",2428,703,637,73639
POST_01613,user_3238,2026-07-17 16:26:11.189091,Instagram,What a waste of time. #MovieRelease was completely boring. 🥱,"#MovieRelease,#Cinema,#Blockbuster",6340,1634,583,69946
POST_01614,user_2638,2026-08-05 02:26:11.189091,Instagram,"Tickets for #Cinema were expensive, hope it's worth it. https://example.com/link","#MovieRelease,#Blockbuster,#Cinema",80,26,11,38858
POST_01615,user_3655,2026-08-03 05:27:11.189091,Twitter,I was on the edge of my seat during #Blockbuster! https://example.com/link,#Blockbuster,1581,206,467,43409
POST_01616,user_207,2026-08-03 03:37:11.189091,Instagram,The broadcast quality for the #SportsEvent is awful. 😡,#SportsEvent,1890,247,498,74164
POST_01617,user_4456,2026-08-05 03:57:11.189091,Reddit,"Wow, the screen on the #GadgetReview is stunning.",#TechLaunch,2669,732,637,36135
POST_01618,user_774,2026-07-21 13:54:11.189091,Reddit,Just watched the new #Cinema. Best movie of the year! 🍿🎬,#Cinema,1077,371,229,40472
POST_01619,user_1294,2026-07-30 05:29:11.189091,Instagram,Going to see #Cinema tonight. Hope it's good. @user_1294 ,#Blockbuster,7,1,1,183
POST_01620,user_1733,2026-08-07 18:53:11.189091,Reddit,I fell asleep halfway through #Cinema. @user_1733 ,"#Blockbuster,#Cinema,#MovieRelease",6317,2104,942,89632
POST_01621,user_4722,2026-08-01 13:04:11.189091,Reddit,Getting snacks ready for the #Finals.,"#ChampionshipGame,#SportsEvent",766,129,92,80832
POST_01622,user_3027,2026-07-22 14:13:11.189091,Reddit,Can't stop thinking about that game winning play at the #SportsEvent!,"#Finals,#ChampionshipGame",1300,504,230,32329
POST_01623,user_2767,2026-08-09 18:49:11.189091,Reddit,Terrible refereeing ruined the #Finals. Absolutely rigged. 🗑️,"#SportsEvent,#Finals",3744,930,683,40138
POST_01624,user_2926,2026-07-14 04:24:11.189091,Instagram,Watching the #ChampionshipGame with friends. Game is tied. @user_2926 ,"#Finals,#ChampionshipGame,#SportsEvent",392,103,23,8491
POST_01625,user_752,2026-08-01 21:31:11.189091,Reddit,Just saw the specs for the #TechLaunch phone. They seem okay. https://example.com/link,"#GadgetReview,#TechLaunch",3105,618,451,82498
POST_01626,user_3731,2026-08-08 03:38:11.189091,Twitter,Best #Smartphone2024 I have ever used. Highly recommend! https://example.com/link,#Smartphone2024,178,54,46,6554
POST_01627,user_1249,2026-07-17 18:45:11.189091,Instagram,I fell asleep halfway through #Blockbuster. @user_1249 ,"#Cinema,#Blockbuster",950,312,269,37977
POST_01628,user_2760,2026-07-30 06:06:11.189091,Reddit,Incredible display of skill at the #Finals today.,#Finals,1020,235,303,17648
POST_01629,user_4500,2026-07-21 15:55:11.189091,Instagram,Getting snacks ready for the #ChampionshipGame.,"#SportsEvent,#ChampionshipGame,#Finals",8,2,0,1063
POST_01630,user_3656,2026-07-27 17:33:11.189091,Twitter,Anyone getting the new #Smartphone2024? I can't decide. https://example.com/link,"#TechLaunch,#GadgetReview",919,148,47,32096
POST_01631,user_1369,2026-08-07 07:38:11.189091,Twitter,Anyone getting the new #GadgetReview? I can't decide.,#Smartphone2024,2283,538,264,87321
POST_01632,user_3495,2026-08-06 10:37:11.189091,Instagram,The plot in #Cinema made no sense. Avoid at all costs. https://example.com/link,"#Cinema,#MovieRelease",273,49,45,64787
POST_01633,user_1406,2026-08-07 02:19:11.189091,Twitter,"#Blockbuster had some decent moments, but overall average.",#Cinema,970,360,242,36520
POST_01634,user_2247,2026-07-17 20:03:11.189091,Instagram,Getting snacks ready for the #SportsEvent.,#SportsEvent,1881,400,283,46368
POST_01635,user_3221,2026-08-04 13:13:11.189091,Twitter,What a thrilling finish to the #ChampionshipGame! Unbelievable! 🏆🔥 @user_3221 ,"#Finals,#ChampionshipGame,#SportsEvent",410,45,120,20266
POST_01636,user_1512,2026-07-18 21:38:11.189091,Instagram,What a thrilling finish to the #Finals! Unbelievable! 🏆🔥,"#SportsEvent,#ChampionshipGame,#Finals",1956,374,414,57226
POST_01637,user_2383,2026-08-08 23:45:11.189091,Instagram,Watching #MovieRelease with my friends this weekend. @user_2383  https://example.com/link,#Blockbuster,1126,229,299,31082
POST_01638,user_4345,2026-08-01 01:54:11.189091,Instagram,Just watched the new #Cinema. Best movie of the year! 🍿🎬 @user_4345 ,#Cinema,3556,458,622,47309
POST_01639,user_2333,2026-08-07 08:28:11.189091,Instagram,Incredible performance by the lead actor in #Blockbuster! A must watch!,#Blockbuster,46,6,5,1223
POST_01640,user_3672,2026-07-13 20:26:11.189091,Instagram,The battery life on this #Smartphone2024 is a joke. 🗑️,"#TechLaunch,#Smartphone2024",593,207,146,11937
POST_01641,user_4767,2026-08-03 20:45:11.189091,Reddit,Incredible performance by the lead actor in #Cinema! A must watch! @user_4767  https://example.com/link,#Cinema,3561,644,190,66901
POST_01642,user_1445,2026-07-22 06:32:11.189091,Instagram,Finally got my hands on the #Smartphone2024 device. Loving the battery life. 😍,#TechLaunch,2055,696,121,77439
POST_01643,user_1519,2026-08-08 20:18:11.189091,Reddit,"Wow, the screen on the #GadgetReview is stunning.",#Smartphone2024,2350,886,596,24648
POST_01644,user_3274,2026-08-04 18:59:11.189091,Reddit,Watching #Cinema with my friends this weekend.,"#MovieRelease,#Cinema,#Blockbuster",91,11,22,2074
POST_01645,user_2572,2026-07-23 20:27:11.189091,Twitter,Who do you think will win the #SportsEvent?,"#ChampionshipGame,#Finals,#SportsEvent",132,20,28,61307
POST_01646,user_2415,2026-08-02 02:40:11.189091,Twitter,Incredible display of skill at the #ChampionshipGame today. https://example.com/link,"#SportsEvent,#Finals",1687,383,271,19793
POST_01647,user_4849,2026-07-12 08:28:11.189091,Reddit,Incredible display of skill at the #Finals today.,"#Finals,#ChampionshipGame",481,79,75,34319
POST_01648,user_2232,2026-08-05 03:39:11.189091,Twitter,The broadcast quality for the #ChampionshipGame is awful. 😡,#Finals,2,0,0,777
POST_01649,user_765,2026-07-14 12:37:11.189091,Instagram,Just watched the new #Cinema. Best movie of the year! 🍿🎬 https://example.com/link,"#MovieRelease,#Cinema,#Blockbuster",1420,566,356,68550
POST_01650,user_1856,2026-08-01 04:02:11.189091,Twitter,What a thrilling finish to the #Finals! Unbelievable! 🏆🔥,#SportsEvent,183,43,46,23287
POST_01651,user_4916,2026-07-31 07:59:11.189091,Instagram,Anyone getting the new #TechLaunch? I can't decide. https://example.com/link,"#TechLaunch,#GadgetReview,#Smartphone2024",1191,344,202,63693
POST_01652,user_2410,2026-07-26 18:36:11.189091,Twitter,Terrible refereeing ruined the #ChampionshipGame. Absolutely rigged. 🗑️ https://example.com/link,"#ChampionshipGame,#SportsEvent",1892,235,215,79389
POST_01653,user_3851,2026-07-26 07:48:11.189091,Instagram,Best #TechLaunch I have ever used. Highly recommend! @user_3851 ,"#GadgetReview,#TechLaunch,#Smartphone2024",4887,1345,456,91805
POST_01654,user_1722,2026-07-27 23:24:11.189091,Twitter,Incredible performance by the lead actor in #Blockbuster! A must watch!,"#Cinema,#Blockbuster",468,116,108,24289
POST_01655,user_1633,2026-08-11 13:39:11.189091,Twitter,Worst ending ever. #MovieRelease completely ruined the franchise. @user_1633 ,"#Blockbuster,#MovieRelease",570,214,57,37905
POST_01656,user_3073,2026-07-21 09:22:11.189091,Reddit,My team finally won the #Finals! Best day ever! @user_3073 ,"#ChampionshipGame,#SportsEvent,#Finals",1421,551,175,39325
POST_01657,user_1321,2026-07-22 10:16:11.189091,Reddit,Extremely disappointed with the #TechLaunch phone. Overheating issues are terrible. 😡 @user_1321 ,#Smartphone2024,485,50,25,10395
POST_01658,user_4615,2026-07-22 06:01:11.189091,Instagram,Worst ending ever. #MovieRelease completely ruined the franchise.,#Blockbuster,2502,665,445,32666
POST_01659,user_298,2026-07-14 21:41:11.189091,Reddit,What a waste of time. #Blockbuster was completely boring. 🥱,#Cinema,2456,342,535,57125
POST_01660,user_792,2026-08-03 22:00:11.189091,Twitter,Watching #MovieRelease with my friends this weekend.,"#MovieRelease,#Blockbuster,#Cinema",2,0,0,2222
POST_01661,user_4282,2026-07-14 10:58:11.189091,Twitter,The visual effects in #Cinema blew my mind. 10/10.,"#Cinema,#Blockbuster,#MovieRelease",5898,1886,1161,65558
POST_01662,user_3229,2026-08-07 23:45:11.189091,Twitter,Watching the #ChampionshipGame with friends. Game is tied. https://example.com/link,"#SportsEvent,#ChampionshipGame,#Finals",427,62,120,91297
POST_01663,user_303,2026-07-30 12:04:11.189091,Instagram,The plot in #Blockbuster made no sense. Avoid at all costs. @user_303 ,"#MovieRelease,#Blockbuster,#Cinema",4479,926,817,70109
POST_01664,user_3554,2026-08-02 19:10:11.189091,Reddit,Terrible customer service when I tried to return my #Smartphone2024. Never again.,"#GadgetReview,#Smartphone2024",462,124,56,14212
POST_01665,user_4727,2026-07-19 00:21:11.189091,Reddit,Just watched the new #Cinema. Best movie of the year! 🍿🎬 @user_4727 ,#Blockbuster,6892,854,1557,91429
POST_01666,user_3874,2026-07-13 14:44:11.189091,Twitter,The #Finals is pretty competitive this year. https://example.com/link,"#Finals,#ChampionshipGame,#SportsEvent",170,61,40,74947
POST_01667,user_1234,2026-08-09 14:26:11.189091,Reddit,Comparing the #Smartphone2024 with other models. @user_1234 ,"#GadgetReview,#Smartphone2024",2976,720,489,87444
POST_01668,user_1739,2026-08-01 05:39:11.189091,Instagram,Can't stop thinking about that game winning play at the #ChampionshipGame! @user_1739  https://example.com/link,"#SportsEvent,#ChampionshipGame,#Finals",46,8,9,11617
POST_01669,user_1331,2026-07-30 19:44:11.189091,Instagram,I fell asleep halfway through #MovieRelease.,"#MovieRelease,#Cinema",313,66,57,20416
POST_01670,user_1640,2026-08-10 16:04:11.189091,Reddit,What a thrilling finish to the #ChampionshipGame! Unbelievable! 🏆🔥 @user_1640  https://example.com/link,#Finals,1349,213,359,24426
POST_01671,user_2406,2026-07-18 01:28:11.189091,Instagram,Worst ending ever. #Blockbuster completely ruined the franchise. https://example.com/link,#Blockbuster,1693,455,238,25268
POST_01672,user_3150,2026-07-13 06:28:11.189091,Instagram,Terrible refereeing ruined the #Finals. Absolutely rigged. 🗑️,"#SportsEvent,#ChampionshipGame,#Finals",5644,831,782,98601
POST_01673,user_2549,2026-07-14 11:32:11.189091,Twitter,The battery life on this #GadgetReview is a joke. 🗑️,"#GadgetReview,#TechLaunch",45,15,11,8719
POST_01674,user_1237,2026-07-20 08:53:11.189091,Twitter,Going to see #MovieRelease tonight. Hope it's good.,"#Blockbuster,#Cinema",554,121,146,25159
POST_01675,user_4088,2026-08-05 04:09:11.189091,Reddit,Anyone getting the new #GadgetReview? I can't decide.,"#Smartphone2024,#TechLaunch,#GadgetReview",1616,557,408,91154
POST_01676,user_272,2026-08-06 08:00:11.189091,Instagram,Getting snacks ready for the #Finals.,#ChampionshipGame,2413,429,213,65655
POST_01677,user_2900,2026-08-03 17:57:11.189091,Twitter,Terrible refereeing ruined the #Finals. Absolutely rigged. 🗑️,#SportsEvent,597,159,108,13687
POST_01678,user_4940,2026-07-12 13:35:11.189091,Instagram,Will wait for the reviews before buying the #GadgetReview device.,"#GadgetReview,#TechLaunch",649,108,73,87622
POST_01679,user_3311,2026-07-13 11:37:11.189091,Reddit,Terrible customer service when I tried to return my #TechLaunch. Never again. @user_3311 ,"#Smartphone2024,#TechLaunch",1144,236,286,21867
POST_01680,user_4460,2026-08-01 00:12:11.189091,Reddit,Comparing the #TechLaunch with other models. https://example.com/link,"#GadgetReview,#Smartphone2024",2615,362,644,91077
POST_01681,user_694,2026-08-06 04:18:11.189091,Reddit,My team finally won the #Finals! Best day ever!,"#ChampionshipGame,#SportsEvent,#Finals",4194,620,626,40699
POST_01682,user_2177,2026-08-03 21:52:11.189091,Reddit,Just watched the new #Cinema. Best movie of the year! 🍿🎬,#Blockbuster,6949,2505,962,87926
POST_01683,user_1330,2026-07-25 09:00:11.189091,Instagram,"#Cinema had some decent moments, but overall average.","#Blockbuster,#Cinema,#MovieRelease",41,4,10,3935
POST_01684,user_4734,2026-07-26 23:54:11.189091,Instagram,The battery life on this #GadgetReview is a joke. 🗑️,"#Smartphone2024,#TechLaunch,#GadgetReview",623,111,76,48178
POST_01685,user_2426,2026-07-29 16:28:11.189091,Instagram,Worst ending ever. #Blockbuster completely ruined the franchise. https://example.com/link,#Cinema,292,38,17,15225
POST_01686,user_2183,2026-07-29 23:16:11.189091,Reddit,What a thrilling finish to the #Finals! Unbelievable! 🏆🔥 https://example.com/link,"#ChampionshipGame,#SportsEvent,#Finals",2504,292,209,82992
POST_01687,user_2367,2026-07-24 14:00:11.189091,Instagram,The battery life on this #Smartphone2024 is a joke. 🗑️,"#GadgetReview,#TechLaunch,#Smartphone2024",3336,457,177,46884
POST_01688,user_1829,2026-07-26 03:29:11.189091,Instagram,Comparing the #GadgetReview with other models. https://example.com/link,"#TechLaunch,#GadgetReview",600,78,140,14185
POST_01689,user_752,2026-07-21 04:06:11.189091,Twitter,Worst performance by my team in the #SportsEvent. Embarrassing. @user_752 ,"#ChampionshipGame,#SportsEvent",974,160,147,20333
POST_01690,user_2717,2026-08-08 10:19:11.189091,Twitter,Will wait for the reviews before buying the #TechLaunch device.,#GadgetReview,3098,867,492,69696
POST_01691,user_605,2026-07-19 18:51:11.189091,Twitter,Watching the #ChampionshipGame with friends. Game is tied.,"#ChampionshipGame,#SportsEvent,#Finals",2174,352,650,72841
POST_01692,user_3401,2026-07-31 02:36:11.189091,Twitter,"Tickets for #Cinema were expensive, hope it's worth it. @user_3401 ","#Cinema,#Blockbuster",1418,362,202,44552
POST_01693,user_4295,2026-07-13 10:11:11.189091,Reddit,Worst ending ever. #Blockbuster completely ruined the franchise.,"#Blockbuster,#Cinema",8540,3326,2528,92674
POST_01694,user_704,2026-07-21 00:26:11.189091,Instagram,Can't believe we lost the #ChampionshipGame. So heartbroken right now.,#Finals,3554,1405,1064,75703
POST_01695,user_4686,2026-07-25 06:35:11.189091,Reddit,Best #GadgetReview I have ever used. Highly recommend! @user_4686  https://example.com/link,"#GadgetReview,#TechLaunch",5411,1663,1113,89521
POST_01696,user_1264,2026-07-14 18:07:11.189091,Twitter,I fell asleep halfway through #Blockbuster. @user_1264 ,#Blockbuster,144,57,23,8211
POST_01697,user_2097,2026-08-01 03:00:11.189091,Reddit,The #ChampionshipGame is pretty competitive this year.,"#ChampionshipGame,#SportsEvent,#Finals",676,166,92,17686
POST_01698,user_150,2026-08-06 04:17:11.189091,Reddit,What a waste of time. #MovieRelease was completely boring. 🥱,#MovieRelease,2047,685,429,51806
POST_01699,user_3593,2026-07-15 17:35:11.189091,Instagram,Terrible refereeing ruined the #SportsEvent. Absolutely rigged. 🗑️,"#SportsEvent,#Finals,#ChampionshipGame",2,0,0,817
POST_01700,user_2028,2026-07-21 13:35:11.189091,Reddit,Just watched the new #MovieRelease. Best movie of the year! 🍿🎬,"#MovieRelease,#Blockbuster",3332,471,668,91527
POST_01701,user_1193,2026-07-30 19:02:11.189091,Twitter,The new #Smartphone2024 phone is absolutely amazing! The camera is unreal! 📱✨,#Smartphone2024,184,33,50,51958
POST_01702,user_434,2026-07-19 10:43:11.189091,Reddit,I fell asleep halfway through #Blockbuster.,"#MovieRelease,#Cinema",488,129,125,6219
POST_01703,user_2392,2026-08-07 07:52:11.189091,Instagram,The #SportsEvent is pretty competitive this year. https://example.com/link,#ChampionshipGame,1166,224,87,38180
POST_01704,user_1396,2026-07-17 19:05:11.189091,Reddit,Worst performance by my team in the #SportsEvent. Embarrassing.,#ChampionshipGame,1116,339,182,18994
POST_01705,user_786,2026-07-27 22:48:11.189091,Reddit,Incredible performance by the lead actor in #Cinema! A must watch!,#Blockbuster,2103,226,520,73943
POST_01706,user_1996,2026-08-06 11:02:11.189091,Twitter,Best #Smartphone2024 I have ever used. Highly recommend!,"#Smartphone2024,#TechLaunch",4226,465,369,70856
POST_01707,user_2185,2026-08-10 15:32:11.189091,Twitter,Can't stop thinking about that game winning play at the #ChampionshipGame!,"#Finals,#SportsEvent",3260,625,806,39442
POST_01708,user_2769,2026-07-24 07:57:11.189091,Instagram,Not worth the upgrade. #GadgetReview is just a rehash of last year's model.,#TechLaunch,1297,153,256,78008
POST_01709,user_1696,2026-07-16 03:34:11.189091,Instagram,Worst performance by my team in the #Finals. Embarrassing. @user_1696  https://example.com/link,#Finals,2085,419,419,35888
POST_01710,user_3062,2026-07-24 05:18:11.189091,Instagram,Incredible display of skill at the #ChampionshipGame today. https://example.com/link,"#Finals,#SportsEvent",440,59,130,34275
POST_01711,user_2042,2026-07-12 23:05:11.189091,Reddit,My team finally won the #ChampionshipGame! Best day ever! @user_2042 ,"#Finals,#ChampionshipGame,#SportsEvent",2181,674,578,44198
POST_01712,user_4642,2026-07-22 23:22:11.189091,Reddit,Going to see #MovieRelease tonight. Hope it's good.,#Cinema,529,163,93,39209
POST_01713,user_919,2026-08-09 00:28:11.189091,Twitter,"Wow, the screen on the #GadgetReview is stunning. @user_919 ","#TechLaunch,#Smartphone2024",134,17,29,16516
POST_01714,user_4190,2026-07-26 08:10:11.189091,Twitter,Comparing the #Smartphone2024 with other models.,"#Smartphone2024,#GadgetReview,#TechLaunch",1369,148,133,27850
POST_01715,user_265,2026-07-22 09:40:11.189091,Instagram,The visual effects in #MovieRelease blew my mind. 10/10. @user_265  https://example.com/link,#Cinema,1179,273,98,17052
POST_01716,user_4297,2026-08-05 01:07:11.189091,Instagram,The visual effects in #MovieRelease blew my mind. 10/10.,"#Cinema,#MovieRelease",3479,1198,191,34415
POST_01717,user_1393,2026-08-06 17:21:11.189091,Instagram,Terrible refereeing ruined the #Finals. Absolutely rigged. 🗑️,#SportsEvent,1950,462,376,68268
POST_01718,user_642,2026-08-03 12:27:11.189091,Instagram,Best #GadgetReview I have ever used. Highly recommend!,"#Smartphone2024,#TechLaunch,#GadgetReview",5421,564,921,83492
POST_01719,user_3642,2026-07-31 13:25:11.189091,Instagram,The new #GadgetReview phone is absolutely amazing! The camera is unreal! 📱✨ https://example.com/link,"#Smartphone2024,#GadgetReview",1507,438,233,22140
POST_01720,user_4065,2026-07-20 05:50:11.189091,Instagram,The broadcast quality for the #Finals is awful. 😡 @user_4065 ,#Finals,4891,640,973,56311
POST_01721,user_4662,2026-07-17 22:36:11.189091,Twitter,Comparing the #Smartphone2024 with other models.,#GadgetReview,141,20,18,49267
POST_01722,user_4526,2026-07-28 22:05:11.189091,Instagram,Anyone getting the new #GadgetReview? I can't decide. @user_4526 ,"#Smartphone2024,#GadgetReview",1290,227,284,55791
POST_01723,user_1127,2026-08-05 11:20:11.189091,Instagram,Not worth the upgrade. #Smartphone2024 is just a rehash of last year's model.,"#TechLaunch,#Smartphone2024,#GadgetReview",292,116,53,96418
POST_01724,user_1620,2026-07-22 04:32:11.189091,Instagram,Incredible display of skill at the #Finals today.,"#SportsEvent,#ChampionshipGame,#Finals",851,177,100,59010
POST_01725,user_2256,2026-07-14 13:10:11.189091,Instagram,Watching the #Finals with friends. Game is tied. https://example.com/link,"#Finals,#SportsEvent,#ChampionshipGame",3768,915,193,85922
POST_01726,user_2987,2026-08-11 09:13:11.189091,Twitter,Will wait for the reviews before buying the #GadgetReview device.,"#Smartphone2024,#TechLaunch",1355,246,199,53936
POST_01727,user_2152,2026-07-18 03:42:11.189091,Reddit,What a waste of time. #MovieRelease was completely boring. 🥱,"#Blockbuster,#MovieRelease",2574,534,313,47382
POST_01728,user_952,2026-07-28 06:18:11.189091,Instagram,Getting snacks ready for the #Finals.,"#ChampionshipGame,#Finals",208,77,57,32842
POST_01729,user_4913,2026-07-30 02:07:11.189091,Reddit,Comparing the #GadgetReview with other models. https://example.com/link,#Smartphone2024,302,87,40,25731
POST_01730,user_2235,2026-07-15 09:22:11.189091,Reddit,Finally got my hands on the #GadgetReview device. Loving the battery life. 😍 @user_2235 ,"#Smartphone2024,#GadgetReview",1531,586,264,32046
POST_01731,user_1346,2026-07-20 15:11:11.189091,Twitter,Watching the #ChampionshipGame with friends. Game is tied. @user_1346 ,"#SportsEvent,#ChampionshipGame",1688,591,295,57922
POST_01732,user_4660,2026-07-15 18:21:11.189091,Twitter,Just saw the specs for the #GadgetReview phone. They seem okay.,#Smartphone2024,2436,377,701,51420
POST_01733,user_1273,2026-07-11 19:30:11.189091,Twitter,I was on the edge of my seat during #Cinema! @user_1273 ,"#Cinema,#MovieRelease,#Blockbuster",7175,2261,2088,95322
POST_01734,user_2750,2026-08-04 12:06:11.189091,Instagram,Worst performance by my team in the #ChampionshipGame. Embarrassing. @user_2750 ,#Finals,3632,960,559,50439
POST_01735,user_4192,2026-07-29 20:42:11.189091,Twitter,Watching the #SportsEvent with friends. Game is tied.,"#ChampionshipGame,#Finals,#SportsEvent",764,230,130,18443
POST_01736,user_2067,2026-08-11 04:42:11.189091,Reddit,What a waste of time. #Blockbuster was completely boring. 🥱,"#Cinema,#Blockbuster",3425,943,551,61656
POST_01737,user_1956,2026-07-19 07:52:11.189091,Instagram,"#Blockbuster had some decent moments, but overall average.",#MovieRelease,159,49,43,7661
POST_01738,user_1450,2026-08-03 02:56:11.189091,Twitter,"Wow, the screen on the #TechLaunch is stunning. @user_1450 ",#GadgetReview,650,214,169,10085
POST_01739,user_3073,2026-07-29 21:08:11.189091,Twitter,Just saw the specs for the #Smartphone2024 phone. They seem okay.,"#Smartphone2024,#TechLaunch,#GadgetReview",2529,968,237,73987
POST_01740,user_2346,2026-07-31 21:51:11.189091,Reddit,Best #GadgetReview I have ever used. Highly recommend! https://example.com/link,#TechLaunch,1778,688,531,37703
POST_01741,user_4809,2026-08-07 15:05:11.189091,Instagram,Terrible customer service when I tried to return my #TechLaunch. Never again.,"#Smartphone2024,#TechLaunch,#GadgetReview",1579,245,344,60514
POST_01742,user_718,2026-07-16 17:10:11.189091,Reddit,I fell asleep halfway through #Cinema.,"#Blockbuster,#Cinema,#MovieRelease",41,11,9,1500
POST_01743,user_3104,2026-07-20 05:17:11.189091,Reddit,Can't believe we lost the #SportsEvent. So heartbroken right now.,"#ChampionshipGame,#Finals,#SportsEvent",2275,448,557,92355
POST_01744,user_3921,2026-07-30 19:56:11.189091,Twitter,Best #TechLaunch I have ever used. Highly recommend! @user_3921 ,"#Smartphone2024,#TechLaunch",908,191,133,14274
POST_01745,user_471,2026-07-22 00:53:11.189091,Instagram,Watching #Cinema with my friends this weekend.,"#Cinema,#Blockbuster,#MovieRelease",949,260,154,20786
POST_01746,user_1067,2026-07-20 20:20:11.189091,Instagram,What a thrilling finish to the #SportsEvent! Unbelievable! 🏆🔥,"#SportsEvent,#Finals",3619,1177,227,41987
POST_01747,user_4865,2026-08-09 14:20:11.189091,Twitter,The visual effects in #MovieRelease blew my mind. 10/10.,#Blockbuster,1560,549,79,58588
POST_01748,user_242,2026-08-01 18:23:11.189091,Reddit,Getting snacks ready for the #SportsEvent. https://example.com/link,"#ChampionshipGame,#SportsEvent,#Finals",4253,928,407,93755
POST_01749,user_4626,2026-07-18 19:03:11.189091,Reddit,My team finally won the #ChampionshipGame! Best day ever!,"#SportsEvent,#Finals,#ChampionshipGame",69,21,14,1788
POST_01750,user_1164,2026-07-23 05:30:11.189091,Instagram,My team finally won the #Finals! Best day ever!,#ChampionshipGame,2042,238,319,31129
POST_01751,user_602,2026-07-15 12:19:11.189091,Instagram,Watching the #SportsEvent with friends. Game is tied. https://example.com/link,"#Finals,#ChampionshipGame,#SportsEvent",1479,261,340,55722
POST_01752,user_2835,2026-07-28 17:43:11.189091,Instagram,What a thrilling finish to the #Finals! Unbelievable! 🏆🔥,"#Finals,#SportsEvent",1358,282,217,98559
POST_01753,user_395,2026-08-11 06:54:11.189091,Twitter,Watching #Blockbuster with my friends this weekend.,"#Cinema,#MovieRelease",1584,614,262,81561
POST_01754,user_715,2026-07-14 01:54:11.189091,Reddit,Going to see #MovieRelease tonight. Hope it's good.,"#Blockbuster,#MovieRelease,#Cinema",3524,846,780,87032
POST_01755,user_3837,2026-07-12 22:36:11.189091,Instagram,The visual effects in #Cinema blew my mind. 10/10. @user_3837 ,#Blockbuster,623,122,147,58070
POST_01756,user_4023,2026-08-07 05:57:11.189091,Reddit,My team finally won the #Finals! Best day ever! @user_4023 ,"#SportsEvent,#Finals,#ChampionshipGame",2506,862,301,48146
POST_01757,user_4131,2026-07-17 10:36:11.189091,Reddit,"Tickets for #MovieRelease were expensive, hope it's worth it.","#MovieRelease,#Blockbuster",2167,258,216,93018
POST_01758,user_3341,2026-08-05 10:15:11.189091,Reddit,Getting snacks ready for the #SportsEvent.,"#Finals,#ChampionshipGame,#SportsEvent",793,161,221,41844
POST_01759,user_521,2026-07-27 16:16:11.189091,Instagram,"Wow, the screen on the #TechLaunch is stunning.",#Smartphone2024,873,332,50,62014
POST_01760,user_562,2026-08-10 09:11:11.189091,Reddit,"#MovieRelease had some decent moments, but overall average. https://example.com/link","#Cinema,#MovieRelease,#Blockbuster",291,115,52,28309
POST_01761,user_1671,2026-08-10 22:28:11.189091,Twitter,The visual effects in #Cinema blew my mind. 10/10.,"#Blockbuster,#MovieRelease",1878,334,519,42940
POST_01762,user_2047,2026-07-26 14:18:11.189091,Reddit,The plot in #Blockbuster made no sense. Avoid at all costs.,"#Blockbuster,#Cinema",2679,845,496,88552
POST_01763,user_1565,2026-07-15 13:29:11.189091,Instagram,The battery life on this #GadgetReview is a joke. 🗑️ @user_1565  https://example.com/link,"#TechLaunch,#Smartphone2024",770,137,172,34084
POST_01764,user_3322,2026-08-01 09:54:11.189091,Instagram,"Tickets for #Cinema were expensive, hope it's worth it.","#Blockbuster,#Cinema,#MovieRelease",2681,518,189,97478
POST_01765,user_1845,2026-07-28 14:03:11.189091,Instagram,Comparing the #TechLaunch with other models.,"#Smartphone2024,#GadgetReview",2634,1028,725,82296
POST_01766,user_2336,2026-07-27 03:42:11.189091,Instagram,I fell asleep halfway through #MovieRelease.,"#Blockbuster,#Cinema,#MovieRelease",1491,420,188,56444
POST_01767,user_1788,2026-07-18 01:34:11.189091,Twitter,Getting snacks ready for the #Finals. @user_1788  https://example.com/link,#SportsEvent,1397,424,404,66899
POST_01768,user_1215,2026-07-30 03:15:11.189091,Reddit,Watching #MovieRelease with my friends this weekend.,"#MovieRelease,#Blockbuster,#Cinema",2240,628,637,80343
POST_01769,user_2199,2026-08-05 18:04:11.189091,Instagram,Anyone getting the new #TechLaunch? I can't decide. @user_2199 ,"#Smartphone2024,#TechLaunch,#GadgetReview",1650,422,109,46451
POST_01770,user_1357,2026-07-25 08:53:11.189091,Reddit,Getting snacks ready for the #ChampionshipGame.,#Finals,2163,665,433,52998
POST_01771,user_2999,2026-07-23 22:58:11.189091,Reddit,The plot in #MovieRelease made no sense. Avoid at all costs.,"#MovieRelease,#Blockbuster",841,168,228,72947
POST_01772,user_4914,2026-07-27 19:33:11.189091,Instagram,Just watched the new #Cinema. Best movie of the year! 🍿🎬,"#Cinema,#MovieRelease",353,38,74,45375
POST_01773,user_354,2026-08-05 10:22:11.189091,Instagram,What a waste of time. #Blockbuster was completely boring. 🥱,"#Blockbuster,#Cinema",1849,314,210,37487
POST_01774,user_519,2026-07-22 10:48:11.189091,Reddit,What a waste of time. #Blockbuster was completely boring. 🥱 @user_519 ,#Blockbuster,2750,964,243,63887
POST_01775,user_229,2026-07-27 21:48:11.189091,Twitter,The new #TechLaunch phone is absolutely amazing! The camera is unreal! 📱✨,#GadgetReview,111,33,32,36251
POST_01776,user_3451,2026-08-06 17:18:11.189091,Reddit,"Wow, the screen on the #TechLaunch is stunning. https://example.com/link","#TechLaunch,#Smartphone2024",2760,494,179,48085
POST_01777,user_4420,2026-07-18 08:56:11.189091,Twitter,Can't believe we lost the #ChampionshipGame. So heartbroken right now. https://example.com/link,#ChampionshipGame,1931,474,393,95186
POST_01778,user_4136,2026-08-02 04:15:11.189091,Instagram,The #SportsEvent is pretty competitive this year.,"#SportsEvent,#Finals,#ChampionshipGame",1706,272,396,78932
POST_01779,user_4690,2026-08-06 22:54:11.189091,Reddit,Comparing the #GadgetReview with other models. https://example.com/link,"#TechLaunch,#Smartphone2024",1200,264,352,27903
POST_01780,user_4085,2026-08-07 12:20:11.189091,Twitter,Terrible customer service when I tried to return my #GadgetReview. Never again.,"#Smartphone2024,#TechLaunch",1022,152,157,18174
POST_01781,user_4181,2026-07-25 22:24:11.189091,Twitter,"Wow, the screen on the #TechLaunch is stunning.","#GadgetReview,#TechLaunch",638,241,36,12326
POST_01782,user_3385,2026-07-21 01:52:11.189091,Instagram,Who do you think will win the #Finals?,"#Finals,#SportsEvent",473,97,25,28429
POST_01783,user_3423,2026-07-28 01:41:11.189091,Twitter,I was on the edge of my seat during #Cinema!,"#MovieRelease,#Cinema,#Blockbuster",2753,884,203,85464
POST_01784,user_2952,2026-07-20 02:59:11.189091,Twitter,Terrible customer service when I tried to return my #Smartphone2024. Never again.,#Smartphone2024,7318,2215,733,99834
POST_01785,user_1440,2026-08-06 00:01:11.189091,Instagram,The visual effects in #MovieRelease blew my mind. 10/10. @user_1440 ,#MovieRelease,2213,587,173,87266
POST_01786,user_1803,2026-07-23 04:08:11.189091,Instagram,What a thrilling finish to the #SportsEvent! Unbelievable! 🏆🔥,#Finals,1775,381,92,23277
POST_01787,user_1353,2026-07-21 09:50:11.189091,Twitter,My team finally won the #ChampionshipGame! Best day ever! https://example.com/link,#ChampionshipGame,239,26,34,5386
POST_01788,user_3044,2026-08-02 09:53:11.189091,Twitter,Can't stop thinking about that game winning play at the #SportsEvent!,#ChampionshipGame,6174,2353,470,94963
POST_01789,user_2209,2026-08-02 11:25:11.189091,Instagram,I was on the edge of my seat during #Blockbuster! @user_2209  https://example.com/link,"#Blockbuster,#MovieRelease",576,65,75,20945
POST_01790,user_2331,2026-07-22 00:17:11.189091,Twitter,Going to see #Cinema tonight. Hope it's good.,"#Blockbuster,#MovieRelease,#Cinema",3444,1088,937,69525
POST_01791,user_4162,2026-07-13 22:34:11.189091,Instagram,What a waste of time. #MovieRelease was completely boring. 🥱,#MovieRelease,3435,1187,632,75894
POST_01792,user_2555,2026-08-11 15:02:11.189091,Reddit,Incredible display of skill at the #SportsEvent today.,"#Finals,#ChampionshipGame",117,15,24,3022
POST_01793,user_335,2026-07-25 11:09:11.189091,Reddit,Watching the #Finals with friends. Game is tied. @user_335 ,#SportsEvent,52,9,12,13187
POST_01794,user_3559,2026-07-26 16:25:11.189091,Twitter,Getting snacks ready for the #ChampionshipGame. @user_3559 ,#Finals,2584,891,200,58017
POST_01795,user_3157,2026-07-31 07:04:11.189091,Twitter,Will wait for the reviews before buying the #TechLaunch device.,#GadgetReview,452,91,66,34586
POST_01796,user_1164,2026-07-13 14:31:11.189091,Twitter,Getting snacks ready for the #Finals. @user_1164 ,"#ChampionshipGame,#Finals",3314,612,796,90981
POST_01797,user_1964,2026-07-30 19:32:11.189091,Twitter,The plot in #Blockbuster made no sense. Avoid at all costs. @user_1964 ,"#Blockbuster,#Cinema",837,106,83,11779
POST_01798,user_2637,2026-07-15 08:26:11.189091,Twitter,Watching the #SportsEvent with friends. Game is tied.,"#ChampionshipGame,#Finals",1687,302,277,57118
POST_01799,user_4934,2026-07-24 07:42:11.189091,Twitter,Watching #MovieRelease with my friends this weekend.,"#Cinema,#Blockbuster",2173,359,165,72929
POST_01800,user_3805,2026-07-29 08:12:11.189091,Twitter,Best #TechLaunch I have ever used. Highly recommend! @user_3805 ,#GadgetReview,1172,373,341,64105
POST_01801,user_1315,2026-07-14 17:26:11.189091,Instagram,Worst performance by my team in the #Finals. Embarrassing.,"#SportsEvent,#Finals,#ChampionshipGame",607,157,44,10231
POST_01802,user_1766,2026-07-25 10:48:11.189091,Instagram,Just saw the specs for the #GadgetReview phone. They seem okay. https://example.com/link,#Smartphone2024,429,136,72,39837
POST_01803,user_1603,2026-07-13 17:20:11.189091,Instagram,The battery life on this #TechLaunch is a joke. 🗑️ @user_1603 ,"#Smartphone2024,#GadgetReview,#TechLaunch",937,287,203,50359
POST_01804,user_3704,2026-07-22 19:30:11.189091,Instagram,"Wow, the screen on the #GadgetReview is stunning.","#Smartphone2024,#GadgetReview,#TechLaunch",2744,968,728,82830
POST_01805,user_290,2026-07-29 04:47:11.189091,Reddit,Just saw the specs for the #GadgetReview phone. They seem okay.,"#TechLaunch,#GadgetReview,#Smartphone2024",778,113,94,17379
POST_01806,user_2238,2026-07-13 22:33:11.189091,Reddit,Comparing the #Smartphone2024 with other models.,#GadgetReview,88,34,6,47838
POST_01807,user_1036,2026-07-20 06:04:11.189091,Twitter,Anyone getting the new #GadgetReview? I can't decide. https://example.com/link,"#TechLaunch,#GadgetReview,#Smartphone2024",2981,417,251,73745
POST_01808,user_955,2026-07-21 05:30:11.189091,Twitter,Not worth the upgrade. #Smartphone2024 is just a rehash of last year's model.,#GadgetReview,1433,281,228,75878
POST_01809,user_2968,2026-08-08 14:37:11.189091,Twitter,"Tickets for #Blockbuster were expensive, hope it's worth it. @user_2968 ","#MovieRelease,#Blockbuster,#Cinema",392,65,105,31013
POST_01810,user_3661,2026-07-12 11:17:11.189091,Twitter,Best #GadgetReview I have ever used. Highly recommend! @user_3661  https://example.com/link,"#GadgetReview,#Smartphone2024",1381,516,171,27631
POST_01811,user_2466,2026-07-12 21:16:11.189091,Twitter,Terrible customer service when I tried to return my #Smartphone2024. Never again.,"#Smartphone2024,#TechLaunch,#GadgetReview",5684,613,1253,73886
POST_01812,user_751,2026-07-15 21:19:11.189091,Twitter,Getting snacks ready for the #ChampionshipGame.,#ChampionshipGame,1984,258,400,88548
POST_01813,user_2410,2026-07-30 18:42:11.189091,Reddit,Getting snacks ready for the #Finals. @user_2410 ,"#SportsEvent,#Finals,#ChampionshipGame",1151,229,104,39824
POST_01814,user_4840,2026-08-11 09:08:11.189091,Reddit,Incredible display of skill at the #ChampionshipGame today.,#SportsEvent,4506,519,1286,91122
POST_01815,user_3780,2026-07-26 07:04:11.189091,Instagram,Getting snacks ready for the #Finals. @user_3780 ,"#SportsEvent,#Finals,#ChampionshipGame",1228,342,217,43858
POST_01816,user_1176,2026-07-16 18:26:11.189091,Twitter,I was on the edge of my seat during #Blockbuster!,"#MovieRelease,#Cinema,#Blockbuster",3788,434,966,98240
POST_01817,user_4080,2026-07-15 09:37:11.189091,Twitter,Watching #Blockbuster with my friends this weekend.,#MovieRelease,284,64,53,8844
POST_01818,user_2270,2026-08-08 10:05:11.189091,Instagram,Going to see #MovieRelease tonight. Hope it's good. https://example.com/link,"#Blockbuster,#MovieRelease",1144,400,120,32890
POST_01819,user_2042,2026-08-10 20:00:11.189091,Twitter,Worst performance by my team in the #Finals. Embarrassing.,"#SportsEvent,#ChampionshipGame",1891,619,466,63093
POST_01820,user_1544,2026-07-25 03:59:11.189091,Reddit,Just watched the new #Blockbuster. Best movie of the year! 🍿🎬,"#Blockbuster,#Cinema",131,20,15,37689
POST_01821,user_713,2026-07-27 22:37:11.189091,Twitter,Just saw the specs for the #TechLaunch phone. They seem okay.,#GadgetReview,3,0,0,453
POST_01822,user_1659,2026-08-10 16:48:11.189091,Reddit,Terrible customer service when I tried to return my #GadgetReview. Never again.,#Smartphone2024,1497,461,223,38455
POST_01823,user_854,2026-08-07 21:01:11.189091,Twitter,Terrible customer service when I tried to return my #TechLaunch. Never again.,"#TechLaunch,#Smartphone2024,#GadgetReview",885,148,225,97735
POST_01824,user_2452,2026-07-23 05:18:11.189091,Twitter,Worst ending ever. #MovieRelease completely ruined the franchise.,#Cinema,167,21,17,7006
POST_01825,user_3076,2026-08-10 03:58:11.189091,Instagram,Finally got my hands on the #GadgetReview device. Loving the battery life. 😍 @user_3076 ,#TechLaunch,39,13,9,18194
POST_01826,user_2670,2026-07-16 17:08:11.189091,Reddit,Can't stop thinking about that game winning play at the #ChampionshipGame!,#SportsEvent,90,14,5,69626
POST_01827,user_1485,2026-08-08 22:11:11.189091,Reddit,Terrible customer service when I tried to return my #TechLaunch. Never again.,#TechLaunch,213,71,61,37581
POST_01828,user_3018,2026-07-22 22:50:11.189091,Twitter,Best #GadgetReview I have ever used. Highly recommend!,#GadgetReview,3094,857,323,57248
POST_01829,user_3493,2026-07-21 08:29:11.189091,Instagram,Worst performance by my team in the #SportsEvent. Embarrassing.,#Finals,6013,2382,1546,65831
POST_01830,user_4075,2026-07-25 19:25:11.189091,Twitter,Terrible customer service when I tried to return my #GadgetReview. Never again.,"#TechLaunch,#Smartphone2024,#GadgetReview",1527,259,328,29060
POST_01831,user_1078,2026-07-23 08:13:11.189091,Instagram,Finally got my hands on the #TechLaunch device. Loving the battery life. 😍,"#GadgetReview,#Smartphone2024",2705,662,776,98504
POST_01832,user_3536,2026-08-02 04:40:11.189091,Reddit,Watching the #ChampionshipGame with friends. Game is tied.,"#Finals,#ChampionshipGame,#SportsEvent",983,120,264,20273
POST_01833,user_2598,2026-07-16 06:07:11.189091,Reddit,Incredible display of skill at the #Finals today.,"#SportsEvent,#Finals",614,221,109,27539
POST_01834,user_2128,2026-07-21 12:18:11.189091,Reddit,Can't believe we lost the #SportsEvent. So heartbroken right now.,"#SportsEvent,#Finals,#ChampionshipGame",266,69,76,8832
POST_01835,user_3085,2026-07-31 00:12:11.189091,Instagram,Just saw the specs for the #GadgetReview phone. They seem okay. @user_3085 ,"#Smartphone2024,#TechLaunch",140,31,27,36142
POST_01836,user_1838,2026-07-12 06:50:11.189091,Instagram,Can't stop thinking about that game winning play at the #Finals! @user_1838 ,"#SportsEvent,#Finals,#ChampionshipGame",3440,1008,818,40409
POST_01837,user_859,2026-07-12 17:15:11.189091,Instagram,Watching #Cinema with my friends this weekend.,#MovieRelease,294,47,43,6221
POST_01838,user_4260,2026-08-11 09:28:11.189091,Twitter,Incredible performance by the lead actor in #Blockbuster! A must watch! @user_4260 ,#MovieRelease,1622,616,231,23262
POST_01839,user_554,2026-07-21 19:20:11.189091,Reddit,Best #Smartphone2024 I have ever used. Highly recommend!,"#GadgetReview,#TechLaunch",3566,807,1011,78605
POST_01840,user_883,2026-07-22 07:46:11.189091,Instagram,The #ChampionshipGame is pretty competitive this year.,"#ChampionshipGame,#Finals,#SportsEvent",2902,880,201,91825
POST_01841,user_197,2026-07-29 12:15:11.189091,Reddit,I fell asleep halfway through #Cinema.,#MovieRelease,565,194,49,32160
POST_01842,user_1047,2026-07-20 14:54:11.189091,Twitter,"#Cinema had some decent moments, but overall average.","#Cinema,#MovieRelease",572,72,66,74218
POST_01843,user_1695,2026-08-02 11:13:11.189091,Instagram,Comparing the #Smartphone2024 with other models.,"#TechLaunch,#GadgetReview",711,221,207,80016
POST_01844,user_2944,2026-07-19 05:06:11.189091,Reddit,Just watched the new #MovieRelease. Best movie of the year! 🍿🎬 @user_2944 ,#Blockbuster,753,218,202,24073
POST_01845,user_1467,2026-07-12 10:06:11.189091,Instagram,"#Cinema had some decent moments, but overall average.",#Cinema,1818,672,222,77672
POST_01846,user_2360,2026-08-08 00:19:11.189091,Reddit,Worst ending ever. #Cinema completely ruined the franchise.,"#Cinema,#Blockbuster",3539,1037,368,77827
POST_01847,user_2311,2026-08-07 09:07:11.189091,Twitter,What a thrilling finish to the #SportsEvent! Unbelievable! 🏆🔥,"#SportsEvent,#Finals",7042,1251,1580,76422
POST_01848,user_3868,2026-08-10 01:47:11.189091,Twitter,Incredible display of skill at the #SportsEvent today. https://example.com/link,#SportsEvent,2226,625,120,27227
POST_01849,user_4177,2026-07-23 20:56:11.189091,Reddit,The plot in #Blockbuster made no sense. Avoid at all costs. https://example.com/link,"#Blockbuster,#Cinema",1412,346,177,16469
POST_01850,user_717,2026-08-04 18:43:11.189091,Twitter,Extremely disappointed with the #Smartphone2024 phone. Overheating issues are terrible. 😡 @user_717  https://example.com/link,#GadgetReview,8162,1906,566,96561
POST_01851,user_978,2026-08-10 02:40:11.189091,Reddit,Can't believe we lost the #SportsEvent. So heartbroken right now. https://example.com/link,#Finals,5511,1394,324,84101
POST_01852,user_1958,2026-08-10 10:57:11.189091,Reddit,I was on the edge of my seat during #MovieRelease!,#Cinema,988,354,140,11014
POST_01853,user_3462,2026-08-09 18:11:11.189091,Instagram,Who do you think will win the #Finals?,"#SportsEvent,#Finals",2036,479,271,46978
POST_01854,user_3224,2026-08-07 10:56:11.189091,Instagram,Anyone getting the new #GadgetReview? I can't decide.,"#Smartphone2024,#GadgetReview",699,122,136,53991
POST_01855,user_1976,2026-08-02 05:48:11.189091,Reddit,Will wait for the reviews before buying the #TechLaunch device. https://example.com/link,#TechLaunch,3519,937,651,72979
POST_01856,user_1895,2026-07-27 22:07:11.189091,Twitter,"Tickets for #Blockbuster were expensive, hope it's worth it.",#Cinema,2204,848,619,59026
POST_01857,user_3003,2026-07-12 00:51:11.189091,Instagram,Getting snacks ready for the #Finals.,"#Finals,#SportsEvent,#ChampionshipGame",3530,418,641,90351
POST_01858,user_2226,2026-07-18 23:04:11.189091,Instagram,"Wow, the screen on the #Smartphone2024 is stunning.","#TechLaunch,#Smartphone2024",2196,279,162,45611
POST_01859,user_3710,2026-08-08 10:03:11.189091,Twitter,Watching #Cinema with my friends this weekend. https://example.com/link,#Blockbuster,706,215,137,17497
POST_01860,user_182,2026-08-03 20:57:11.189091,Instagram,I was on the edge of my seat during #Blockbuster!,"#MovieRelease,#Blockbuster,#Cinema",4518,1152,440,60779
POST_01861,user_661,2026-07-14 02:18:11.189091,Reddit,Getting snacks ready for the #ChampionshipGame.,#ChampionshipGame,2022,474,342,78058
POST_01862,user_1307,2026-07-30 04:13:11.189091,Twitter,Incredible display of skill at the #SportsEvent today.,"#Finals,#ChampionshipGame,#SportsEvent",1011,205,218,14429
POST_01863,user_3282,2026-07-13 13:19:11.189091,Instagram,Terrible refereeing ruined the #SportsEvent. Absolutely rigged. 🗑️ https://example.com/link,"#SportsEvent,#ChampionshipGame",5061,1238,665,75630
POST_01864,user_958,2026-07-19 12:59:11.189091,Twitter,Watching #Blockbuster with my friends this weekend.,"#Cinema,#MovieRelease,#Blockbuster",607,193,107,61262
POST_01865,user_804,2026-07-29 16:34:11.189091,Instagram,Terrible refereeing ruined the #ChampionshipGame. Absolutely rigged. 🗑️,"#ChampionshipGame,#Finals,#SportsEvent",1623,522,160,46807
POST_01866,user_4361,2026-07-26 06:21:11.189091,Instagram,I fell asleep halfway through #Blockbuster.,"#MovieRelease,#Cinema",1217,159,208,60074
POST_01867,user_1980,2026-07-20 17:36:11.189091,Twitter,"Tickets for #Blockbuster were expensive, hope it's worth it.",#Cinema,3269,1162,674,69263
POST_01868,user_4302,2026-08-09 16:17:11.189091,Reddit,Terrible refereeing ruined the #SportsEvent. Absolutely rigged. 🗑️ @user_4302 ,"#ChampionshipGame,#SportsEvent",578,214,155,10857
POST_01869,user_1120,2026-08-08 07:41:11.189091,Reddit,Not worth the upgrade. #Smartphone2024 is just a rehash of last year's model. https://example.com/link,#TechLaunch,1122,195,185,66667
POST_01870,user_3671,2026-07-12 02:59:11.189091,Instagram,The plot in #Cinema made no sense. Avoid at all costs. @user_3671 ,#Cinema,1706,558,215,79862
POST_01871,user_4802,2026-07-11 19:14:11.189091,Instagram,The plot in #Cinema made no sense. Avoid at all costs.,#MovieRelease,2415,669,693,82805
POST_01872,user_3232,2026-08-10 06:15:11.189091,Instagram,I fell asleep halfway through #Blockbuster.,#Cinema,1692,437,409,28214
POST_01873,user_4048,2026-07-18 02:05:11.189091,Reddit,The #ChampionshipGame is pretty competitive this year.,"#ChampionshipGame,#Finals,#SportsEvent",1172,428,143,31604
POST_01874,user_1092,2026-08-04 18:56:11.189091,Reddit,Can't believe we lost the #SportsEvent. So heartbroken right now.,"#Finals,#SportsEvent,#ChampionshipGame",2253,513,236,81002
POST_01875,user_4089,2026-07-31 23:08:11.189091,Instagram,Watching the #Finals with friends. Game is tied.,#ChampionshipGame,77,8,14,50204
POST_01876,user_4114,2026-07-14 21:13:11.189091,Twitter,Finally got my hands on the #TechLaunch device. Loving the battery life. 😍 https://example.com/link,#Smartphone2024,6380,2142,362,81862
POST_01877,user_4883,2026-07-29 09:44:11.189091,Twitter,The new #Smartphone2024 phone is absolutely amazing! The camera is unreal! 📱✨,#TechLaunch,4305,1187,245,95442
POST_01878,user_4472,2026-07-20 08:07:11.189091,Instagram,Incredible performance by the lead actor in #Cinema! A must watch! @user_4472 ,"#Blockbuster,#Cinema,#MovieRelease",156,59,26,70274
POST_01879,user_3398,2026-07-20 20:26:11.189091,Reddit,Extremely disappointed with the #Smartphone2024 phone. Overheating issues are terrible. 😡 https://example.com/link,"#GadgetReview,#TechLaunch,#Smartphone2024",2238,297,538,84122
POST_01880,user_2350,2026-07-30 07:27:11.189091,Twitter,The broadcast quality for the #ChampionshipGame is awful. 😡,"#ChampionshipGame,#SportsEvent",465,51,103,13657
POST_01881,user_4012,2026-07-21 16:36:11.189091,Instagram,Not worth the upgrade. #TechLaunch is just a rehash of last year's model.,#Smartphone2024,6237,1836,815,74764
POST_01882,user_4536,2026-08-06 20:37:11.189091,Instagram,Comparing the #GadgetReview with other models. @user_4536 ,"#TechLaunch,#Smartphone2024,#GadgetReview",441,44,48,33353
POST_01883,user_3470,2026-07-19 19:08:11.189091,Twitter,I was on the edge of my seat during #MovieRelease!,#MovieRelease,9612,3585,2152,86095
POST_01884,user_3046,2026-08-03 01:06:11.189091,Reddit,I was on the edge of my seat during #Cinema!,"#Cinema,#MovieRelease,#Blockbuster",1683,249,247,17373
POST_01885,user_1406,2026-07-30 01:40:11.189091,Twitter,Incredible display of skill at the #ChampionshipGame today. @user_1406 ,"#ChampionshipGame,#SportsEvent,#Finals",224,45,40,7285
POST_01886,user_10,2026-07-23 08:07:11.189091,Instagram,"Tickets for #Cinema were expensive, hope it's worth it.","#MovieRelease,#Blockbuster",3092,373,846,63283
POST_01887,user_355,2026-07-23 10:22:11.189091,Reddit,The #ChampionshipGame is pretty competitive this year. https://example.com/link,#SportsEvent,139,24,21,5648
POST_01888,user_1652,2026-07-31 03:06:11.189091,Instagram,Best #TechLaunch I have ever used. Highly recommend!,#TechLaunch,4232,649,418,55551
POST_01889,user_4273,2026-07-15 14:01:11.189091,Instagram,"Tickets for #Cinema were expensive, hope it's worth it. @user_4273  https://example.com/link",#Cinema,721,121,149,62193
POST_01890,user_1311,2026-07-29 07:28:11.189091,Twitter,Worst ending ever. #Blockbuster completely ruined the franchise.,#Cinema,6354,1816,481,96182
POST_01891,user_2740,2026-07-23 17:49:11.189091,Reddit,The broadcast quality for the #ChampionshipGame is awful. 😡,#ChampionshipGame,58,20,13,949
POST_01892,user_2627,2026-08-08 04:27:11.189091,Reddit,The battery life on this #Smartphone2024 is a joke. 🗑️,"#Smartphone2024,#TechLaunch",5058,1539,1258,87059
POST_01893,user_2122,2026-07-21 08:41:11.189091,Reddit,What a thrilling finish to the #SportsEvent! Unbelievable! 🏆🔥 https://example.com/link,"#Finals,#ChampionshipGame",866,260,258,71648
POST_01894,user_3426,2026-07-28 08:26:11.189091,Twitter,Will wait for the reviews before buying the #TechLaunch device.,#Smartphone2024,7,2,1,3086
POST_01895,user_4924,2026-07-29 00:06:11.189091,Twitter,Worst ending ever. #MovieRelease completely ruined the franchise.,"#Blockbuster,#MovieRelease",168,40,47,22184
POST_01896,user_1999,2026-08-04 14:47:11.189091,Instagram,Watching the #Finals with friends. Game is tied.,"#SportsEvent,#Finals",104,36,7,2405
POST_01897,user_483,2026-07-13 00:53:11.189091,Twitter,The new #Smartphone2024 phone is absolutely amazing! The camera is unreal! 📱✨,"#TechLaunch,#GadgetReview,#Smartphone2024",1561,257,394,32502
POST_01898,user_1831,2026-07-29 05:02:11.189091,Twitter,The visual effects in #Cinema blew my mind. 10/10.,"#MovieRelease,#Cinema",1831,569,392,90305
POST_01899,user_3710,2026-08-05 00:25:11.189091,Reddit,What a thrilling finish to the #Finals! Unbelievable! 🏆🔥,#ChampionshipGame,816,300,138,63267
POST_01900,user_2108,2026-08-04 22:13:11.189091,Instagram,Incredible display of skill at the #Finals today. @user_2108 ,"#ChampionshipGame,#Finals",52,13,15,12807
POST_01901,user_428,2026-07-26 15:00:11.189091,Twitter,What a thrilling finish to the #SportsEvent! Unbelievable! 🏆🔥,"#SportsEvent,#Finals",4091,1407,830,75273
POST_01902,user_4194,2026-08-04 23:08:11.189091,Twitter,The visual effects in #Cinema blew my mind. 10/10. @user_4194 ,"#Cinema,#Blockbuster",2235,730,150,74211
POST_01903,user_1842,2026-08-05 10:12:11.189091,Twitter,Can't believe we lost the #Finals. So heartbroken right now. @user_1842 ,"#Finals,#ChampionshipGame,#SportsEvent",206,50,11,4312
POST_01904,user_2928,2026-08-04 04:06:11.189091,Instagram,I was on the edge of my seat during #Cinema! @user_2928 ,#Blockbuster,5573,896,681,85420
POST_01905,user_2098,2026-08-03 01:14:11.189091,Reddit,Watching #Cinema with my friends this weekend.,"#MovieRelease,#Cinema",298,99,37,11803
POST_01906,user_1516,2026-08-06 23:52:11.189091,Reddit,Watching #Blockbuster with my friends this weekend. @user_1516 ,#MovieRelease,4,0,1,2477
POST_01907,user_2298,2026-07-17 18:06:11.189091,Twitter,Can't stop thinking about that game winning play at the #Finals!,#Finals,444,141,93,20663
POST_01908,user_3287,2026-08-03 02:11:11.189091,Reddit,Can't believe we lost the #Finals. So heartbroken right now.,"#ChampionshipGame,#SportsEvent,#Finals",58,16,12,992
POST_01909,user_4055,2026-08-02 18:38:11.189091,Instagram,"Tickets for #MovieRelease were expensive, hope it's worth it.","#Cinema,#Blockbuster",1576,546,196,32287
POST_01910,user_4279,2026-07-28 01:44:11.189091,Twitter,Who do you think will win the #Finals? https://example.com/link,"#ChampionshipGame,#SportsEvent,#Finals",95,25,14,5538
POST_01911,user_2048,2026-07-21 14:49:11.189091,Twitter,Will wait for the reviews before buying the #TechLaunch device.,#GadgetReview,1208,276,355,74814
POST_01912,user_1497,2026-08-10 05:37:11.189091,Instagram,"#Cinema had some decent moments, but overall average.",#Cinema,797,124,184,85089
POST_01913,user_306,2026-07-25 15:22:11.189091,Reddit,Watching #Cinema with my friends this weekend. https://example.com/link,#MovieRelease,1191,283,62,46469
POST_01914,user_2099,2026-07-22 02:08:11.189091,Instagram,Terrible customer service when I tried to return my #Smartphone2024. Never again. https://example.com/link,#TechLaunch,1808,605,244,98292
POST_01915,user_2299,2026-08-08 21:18:11.189091,Instagram,Just saw the specs for the #GadgetReview phone. They seem okay.,"#TechLaunch,#GadgetReview",1275,269,253,55666
POST_01916,user_381,2026-08-02 14:31:11.189091,Twitter,Terrible refereeing ruined the #ChampionshipGame. Absolutely rigged. 🗑️,"#SportsEvent,#Finals",525,157,41,10409
POST_01917,user_3007,2026-08-03 01:44:11.189091,Twitter,"#Blockbuster had some decent moments, but overall average. @user_3007 ",#Cinema,2363,382,413,67812
POST_01918,user_235,2026-07-15 16:52:11.189091,Twitter,Not worth the upgrade. #GadgetReview is just a rehash of last year's model. https://example.com/link,#TechLaunch,858,187,148,17455
POST_01919,user_2166,2026-07-31 17:27:11.189091,Instagram,Not worth the upgrade. #GadgetReview is just a rehash of last year's model.,#TechLaunch,2048,518,191,24493
POST_01920,user_4387,2026-07-12 09:42:11.189091,Instagram,The visual effects in #Cinema blew my mind. 10/10. @user_4387  https://example.com/link,"#Cinema,#Blockbuster",3,0,0,646
POST_01921,user_1351,2026-07-25 00:39:11.189091,Instagram,Terrible refereeing ruined the #Finals. Absolutely rigged. 🗑️ @user_1351 ,"#Finals,#SportsEvent",1038,157,69,54301
POST_01922,user_1280,2026-07-17 23:39:11.189091,Reddit,Best #TechLaunch I have ever used. Highly recommend! @user_1280  https://example.com/link,#GadgetReview,5382,1806,1026,77552
POST_01923,user_546,2026-08-10 06:58:11.189091,Instagram,"Tickets for #MovieRelease were expensive, hope it's worth it.",#MovieRelease,2649,292,717,64876
POST_01924,user_4735,2026-07-24 19:20:11.189091,Reddit,My team finally won the #SportsEvent! Best day ever!,"#ChampionshipGame,#Finals,#SportsEvent",2063,611,473,32913
POST_01925,user_2920,2026-07-20 03:33:11.189091,Reddit,I fell asleep halfway through #MovieRelease. https://example.com/link,"#Blockbuster,#MovieRelease,#Cinema",1896,309,197,27840
POST_01926,user_4335,2026-07-20 11:29:11.189091,Twitter,The battery life on this #Smartphone2024 is a joke. 🗑️,"#Smartphone2024,#TechLaunch,#GadgetReview",3958,613,551,71005
POST_01927,user_1981,2026-07-29 06:01:11.189091,Instagram,Worst ending ever. #MovieRelease completely ruined the franchise.,"#MovieRelease,#Cinema,#Blockbuster",3652,1030,355,88729
POST_01928,user_402,2026-07-25 12:25:11.189091,Reddit,The broadcast quality for the #ChampionshipGame is awful. 😡,"#SportsEvent,#Finals,#ChampionshipGame",26,3,2,1392
POST_01929,user_3330,2026-08-03 00:13:11.189091,Twitter,Getting snacks ready for the #ChampionshipGame. https://example.com/link,#ChampionshipGame,903,339,256,29705
POST_01930,user_1421,2026-08-07 00:46:11.189091,Instagram,What a thrilling finish to the #SportsEvent! Unbelievable! 🏆🔥,"#ChampionshipGame,#Finals",734,106,126,17063
POST_01931,user_1964,2026-08-08 18:55:11.189091,Reddit,Worst performance by my team in the #ChampionshipGame. Embarrassing.,"#ChampionshipGame,#Finals,#SportsEvent",1054,196,121,76083
POST_01932,user_2801,2026-07-22 16:17:11.189091,Twitter,Comparing the #TechLaunch with other models.,"#GadgetReview,#TechLaunch",4042,1427,904,81199
POST_01933,user_3816,2026-08-11 09:21:11.189091,Reddit,Anyone getting the new #Smartphone2024? I can't decide.,"#GadgetReview,#TechLaunch,#Smartphone2024",1113,352,181,47305
POST_01934,user_900,2026-07-22 08:02:11.189091,Twitter,Can't stop thinking about that game winning play at the #SportsEvent!,"#ChampionshipGame,#SportsEvent,#Finals",2206,571,424,34060
POST_01935,user_3109,2026-08-03 06:03:11.189091,Instagram,Incredible display of skill at the #Finals today.,#SportsEvent,553,144,56,22267
POST_01936,user_1188,2026-07-25 17:01:11.189091,Twitter,The #SportsEvent is pretty competitive this year.,#ChampionshipGame,363,143,96,28977
POST_01937,user_610,2026-07-12 13:21:11.189091,Twitter,Anyone getting the new #TechLaunch? I can't decide.,"#GadgetReview,#TechLaunch",2889,623,634,97089
POST_01938,user_1845,2026-07-17 22:42:11.189091,Reddit,Can't stop thinking about that game winning play at the #ChampionshipGame!,"#ChampionshipGame,#SportsEvent,#Finals",2247,665,296,52132
POST_01939,user_4527,2026-07-25 21:46:11.189091,Instagram,Comparing the #Smartphone2024 with other models.,#GadgetReview,694,168,203,33292
POST_01940,user_1417,2026-07-19 15:47:11.189091,Reddit,Going to see #Cinema tonight. Hope it's good.,"#Blockbuster,#MovieRelease,#Cinema",1023,333,213,81107
POST_01941,user_3822,2026-07-23 19:49:11.189091,Instagram,Just watched the new #Blockbuster. Best movie of the year! 🍿🎬,#Blockbuster,1092,220,233,38002
POST_01942,user_1003,2026-07-28 14:52:11.189091,Instagram,Will wait for the reviews before buying the #Smartphone2024 device. https://example.com/link,"#TechLaunch,#Smartphone2024,#GadgetReview",416,165,76,70940
POST_01943,user_3035,2026-08-11 15:02:11.189091,Reddit,The visual effects in #Cinema blew my mind. 10/10.,"#Cinema,#Blockbuster,#MovieRelease",1691,626,319,72387
POST_01944,user_4338,2026-07-20 23:33:11.189091,Twitter,Terrible refereeing ruined the #SportsEvent. Absolutely rigged. 🗑️ @user_4338 ,"#ChampionshipGame,#SportsEvent,#Finals",524,200,141,31503
POST_01945,user_2210,2026-08-06 07:36:11.189091,Twitter,Incredible display of skill at the #Finals today.,#Finals,49,12,7,32790
POST_01946,user_3593,2026-08-02 21:31:11.189091,Instagram,I was on the edge of my seat during #Cinema!,"#MovieRelease,#Cinema,#Blockbuster",95,11,16,15762
POST_01947,user_1928,2026-07-26 20:24:11.189091,Twitter,Best #GadgetReview I have ever used. Highly recommend!,"#Smartphone2024,#GadgetReview",7032,2437,524,89011
POST_01948,user_4522,2026-07-28 20:08:11.189091,Instagram,Anyone getting the new #GadgetReview? I can't decide.,"#Smartphone2024,#GadgetReview",1853,289,533,78215
POST_01949,user_4173,2026-08-06 00:51:11.189091,Reddit,Extremely disappointed with the #GadgetReview phone. Overheating issues are terrible. 😡,"#GadgetReview,#Smartphone2024,#TechLaunch",3268,1006,759,85129
POST_01950,user_4232,2026-08-04 07:25:11.189091,Reddit,Will wait for the reviews before buying the #Smartphone2024 device.,#Smartphone2024,687,224,93,58499
POST_01951,user_344,2026-07-30 07:22:11.189091,Reddit,Best #TechLaunch I have ever used. Highly recommend!,"#Smartphone2024,#TechLaunch",9547,1538,1504,80472
POST_01952,user_1665,2026-07-24 17:11:11.189091,Twitter,Worst performance by my team in the #ChampionshipGame. Embarrassing.,#ChampionshipGame,1524,484,359,70255
POST_01953,user_76,2026-07-29 10:12:11.189091,Reddit,Best #Smartphone2024 I have ever used. Highly recommend! @user_76 ,#Smartphone2024,4378,1749,916,93874
POST_01954,user_2370,2026-07-26 03:57:11.189091,Instagram,"Wow, the screen on the #GadgetReview is stunning. @user_2370 ",#Smartphone2024,1786,560,116,45366
POST_01955,user_1380,2026-07-14 09:04:11.189091,Reddit,Not worth the upgrade. #TechLaunch is just a rehash of last year's model.,"#Smartphone2024,#TechLaunch",2325,368,624,32969
POST_01956,user_568,2026-08-09 01:18:11.189091,Reddit,The battery life on this #Smartphone2024 is a joke. 🗑️,#Smartphone2024,580,123,110,62887
POST_01957,user_1742,2026-07-31 04:56:11.189091,Reddit,Can't believe we lost the #ChampionshipGame. So heartbroken right now.,#ChampionshipGame,513,85,112,22054
POST_01958,user_2875,2026-08-07 00:41:11.189091,Instagram,I was on the edge of my seat during #Cinema! @user_2875 ,"#Blockbuster,#Cinema",470,66,45,11984
POST_01959,user_4440,2026-08-10 23:48:11.189091,Instagram,Can't stop thinking about that game winning play at the #SportsEvent!,#SportsEvent,2636,828,728,41283
POST_01960,user_3939,2026-07-31 03:58:11.189091,Reddit,The #SportsEvent is pretty competitive this year.,"#ChampionshipGame,#SportsEvent",487,190,77,10012
POST_01961,user_2294,2026-08-04 08:26:11.189091,Twitter,Extremely disappointed with the #GadgetReview phone. Overheating issues are terrible. 😡 @user_2294  https://example.com/link,"#TechLaunch,#GadgetReview",2540,713,505,74963
POST_01962,user_2640,2026-07-16 03:31:11.189091,Reddit,Watching #Blockbuster with my friends this weekend.,#Blockbuster,126,18,33,5307
POST_01963,user_2416,2026-08-04 14:54:11.189091,Twitter,Watching the #Finals with friends. Game is tied. @user_2416 ,"#Finals,#SportsEvent",629,126,113,16216
POST_01964,user_998,2026-07-24 04:09:11.189091,Reddit,Will wait for the reviews before buying the #Smartphone2024 device.,"#TechLaunch,#GadgetReview,#Smartphone2024",1465,157,267,30020
POST_01965,user_3573,2026-07-20 11:27:11.189091,Twitter,Can't believe we lost the #SportsEvent. So heartbroken right now.,"#Finals,#ChampionshipGame",829,281,167,99816
POST_01966,user_2654,2026-08-08 23:28:11.189091,Twitter,My team finally won the #ChampionshipGame! Best day ever!,"#ChampionshipGame,#Finals,#SportsEvent",996,273,57,41190
POST_01967,user_3655,2026-07-31 03:34:11.189091,Instagram,The plot in #Cinema made no sense. Avoid at all costs.,"#MovieRelease,#Cinema",484,181,91,60751
POST_01968,user_726,2026-07-17 19:22:11.189091,Twitter,Will wait for the reviews before buying the #Smartphone2024 device.,#Smartphone2024,548,154,36,18600
POST_01969,user_537,2026-08-02 04:13:11.189091,Instagram,Just watched the new #Blockbuster. Best movie of the year! 🍿🎬,#Cinema,635,230,123,88258
POST_01970,user_1971,2026-08-10 11:38:11.189091,Instagram,"#Blockbuster had some decent moments, but overall average.",#Blockbuster,1040,117,309,59414
POST_01971,user_1409,2026-08-03 02:42:11.189091,Instagram,The new #GadgetReview phone is absolutely amazing! The camera is unreal! 📱✨,"#TechLaunch,#GadgetReview,#Smartphone2024",1006,153,211,10697
POST_01972,user_4753,2026-07-15 03:40:11.189091,Reddit,"Wow, the screen on the #Smartphone2024 is stunning.","#GadgetReview,#TechLaunch,#Smartphone2024",1155,199,61,53855
POST_01973,user_4380,2026-08-09 19:34:11.189091,Reddit,Going to see #MovieRelease tonight. Hope it's good.,"#Blockbuster,#MovieRelease",646,93,85,76272
POST_01974,user_251,2026-08-01 14:56:11.189091,Twitter,I was on the edge of my seat during #Cinema!,"#Blockbuster,#Cinema",4407,887,256,59550
POST_01975,user_4833,2026-08-01 10:01:11.189091,Instagram,What a thrilling finish to the #Finals! Unbelievable! 🏆🔥 https://example.com/link,#ChampionshipGame,1772,543,145,46762
POST_01976,user_2202,2026-07-24 00:27:11.189091,Instagram,The visual effects in #MovieRelease blew my mind. 10/10.,"#MovieRelease,#Cinema,#Blockbuster",5868,1600,1243,93746
POST_01977,user_3568,2026-07-19 14:05:11.189091,Twitter,The visual effects in #Blockbuster blew my mind. 10/10.,"#MovieRelease,#Cinema",421,77,124,3786
POST_01978,user_351,2026-07-14 18:38:11.189091,Instagram,Terrible refereeing ruined the #ChampionshipGame. Absolutely rigged. 🗑️,"#SportsEvent,#ChampionshipGame",1067,384,84,29922
POST_01979,user_2583,2026-08-06 21:30:11.189091,Reddit,Extremely disappointed with the #GadgetReview phone. Overheating issues are terrible. 😡,"#Smartphone2024,#GadgetReview",3736,977,958,77806
POST_01980,user_3986,2026-07-14 02:48:11.189091,Instagram,What a waste of time. #Cinema was completely boring. 🥱,"#MovieRelease,#Cinema",1342,418,360,69875
POST_01981,user_1763,2026-07-25 01:01:11.189091,Instagram,Worst performance by my team in the #SportsEvent. Embarrassing.,#ChampionshipGame,710,246,114,10546
POST_01982,user_4894,2026-08-07 13:03:11.189091,Reddit,Can't believe we lost the #Finals. So heartbroken right now.,"#ChampionshipGame,#SportsEvent",6023,1769,1420,78133
POST_01983,user_3994,2026-08-10 00:22:11.189091,Twitter,Can't believe we lost the #ChampionshipGame. So heartbroken right now. @user_3994 ,"#ChampionshipGame,#SportsEvent",6849,1863,1349,91989
POST_01984,user_600,2026-08-02 10:00:11.189091,Reddit,"Tickets for #Blockbuster were expensive, hope it's worth it.",#MovieRelease,1849,421,446,63258
POST_01985,user_743,2026-08-06 10:42:11.189091,Reddit,"Wow, the screen on the #GadgetReview is stunning.","#TechLaunch,#GadgetReview,#Smartphone2024",443,157,87,10728
POST_01986,user_4606,2026-07-26 02:04:11.189091,Reddit,Anyone getting the new #Smartphone2024? I can't decide. @user_4606 ,"#TechLaunch,#GadgetReview,#Smartphone2024",4593,1124,514,97599
POST_01987,user_3658,2026-07-21 23:50:11.189091,Instagram,Will wait for the reviews before buying the #TechLaunch device. https://example.com/link,#GadgetReview,642,247,164,20216
POST_01988,user_3506,2026-08-08 04:08:11.189091,Instagram,Just saw the specs for the #Smartphone2024 phone. They seem okay.,"#GadgetReview,#TechLaunch",355,82,80,25413
POST_01989,user_185,2026-07-27 09:45:11.189091,Instagram,The plot in #Cinema made no sense. Avoid at all costs.,"#Cinema,#Blockbuster",3601,697,973,52668
POST_01990,user_927,2026-07-17 16:22:11.189091,Twitter,Worst ending ever. #MovieRelease completely ruined the franchise.,"#MovieRelease,#Cinema",117,40,30,23079
POST_01991,user_747,2026-07-22 23:08:11.189091,Twitter,Going to see #MovieRelease tonight. Hope it's good. https://example.com/link,"#MovieRelease,#Cinema",389,110,43,67886
POST_01992,user_871,2026-07-27 13:26:11.189091,Twitter,Can't stop thinking about that game winning play at the #ChampionshipGame!,#SportsEvent,2440,713,649,25447
POST_01993,user_1059,2026-07-26 00:24:11.189091,Twitter,Worst ending ever. #MovieRelease completely ruined the franchise.,"#MovieRelease,#Cinema",1993,340,313,42450
POST_01994,user_4918,2026-08-09 11:05:11.189091,Reddit,What a thrilling finish to the #Finals! Unbelievable! 🏆🔥,#SportsEvent,1826,676,439,62752
POST_01995,user_837,2026-08-10 19:41:11.189091,Twitter,Getting snacks ready for the #SportsEvent.,#ChampionshipGame,571,204,153,15447
POST_01996,user_1560,2026-07-13 22:30:11.189091,Reddit,Terrible refereeing ruined the #ChampionshipGame. Absolutely rigged. 🗑️,"#SportsEvent,#ChampionshipGame,#Finals",1174,162,225,22387
POST_01997,user_4904,2026-07-11 18:39:11.189091,Twitter,Going to see #Blockbuster tonight. Hope it's good.,"#Blockbuster,#MovieRelease",1124,209,242,86004
POST_01998,user_4925,2026-07-26 02:34:11.189091,Instagram,Anyone getting the new #Smartphone2024? I can't decide.,#GadgetReview,2326,492,429,63394
POST_01999,user_4412,2026-07-27 22:16:11.189091,Twitter,Comparing the #TechLaunch with other models.,#Smartphone2024,128,16,30,2620
