post_id,username,timestamp,platform,text,hashtags,likes,shares,comments,followers_count,cleaned_text,sentiment_score,sentiment_label,total_engagement,engagement_rate
POST_00000,user_4705,2026-08-05 11:56:11.189091,Instagram,My team finally won the #Finals! Best day ever!,"#Finals,#SportsEvent,#ChampionshipGame",1018,297,229,60859,My team finally won the #Finals! Best day ever!,0.8585,positive,1544,2.53697009530069
POST_00001,user_924,2026-07-19 22:43:11.189091,Reddit,What a thrilling finish to the #Finals! Unbelievable! 🏆🔥 @user_924  https://example.com/link,#SportsEvent,3881,907,568,85057,What a thrilling finish to the #Finals! Unbelievable!,0.6688,positive,5356,6.2968797761527435
POST_00002,user_696,2026-07-11 17:41:11.189091,Instagram,"Tickets for #Cinema were expensive, hope it's worth it. https://example.com/link","#Blockbuster,#MovieRelease,#Cinema",1023,148,60,57782,"Tickets for #Cinema were expensive, hope it's worth it.",0.5859,positive,1231,2.1303843691051
POST_00003,user_552,2026-07-15 01:15:11.189091,Instagram,My team finally won the #Finals! Best day ever! @user_552 ,"#Finals,#ChampionshipGame",932,259,159,9652,My team finally won the #Finals! Best day ever!,0.8585,positive,1350,13.985289547290996
POST_00004,user_2458,2026-08-09 21:49:11.189091,Instagram,Going to see #MovieRelease tonight. Hope it's good.,#MovieRelease,1756,362,98,35172,Going to see #MovieRelease tonight. Hope it's good.,0.7003,positive,2216,6.300287152076878
POST_00005,user_633,2026-08-10 00:17:11.189091,Instagram,Worst ending ever. #Blockbuster completely ruined the franchise.,"#Cinema,#MovieRelease,#Blockbuster",3290,1257,843,57655,Worst ending ever. #Blockbuster completely ruined the franchise.,-0.5563,negative,5390,9.348550020813098
POST_00006,user_1976,2026-08-10 19:59:11.189091,Twitter,Best #TechLaunch I have ever used. Highly recommend! @user_1976 ,#GadgetReview,2636,670,298,75914,Best #TechLaunch I have ever used. Highly recommend!,0.8066,positive,3604,4.7474148718962
POST_00007,user_4572,2026-08-10 09:21:11.189091,Reddit,The visual effects in #Cinema blew my mind. 10/10. https://example.com/link,"#MovieRelease,#Cinema",3209,972,273,54470,The visual effects in #Cinema blew my mind. 10/10.,0.0,neutral,4454,8.176828036937085
POST_00008,user_4894,2026-08-07 04:20:11.189091,Twitter,Watching the #Finals with friends. Game is tied.,"#ChampionshipGame,#Finals",92,21,14,8223,Watching the #Finals with friends. Game is tied.,0.4767,positive,127,1.5442607003891051
POST_00009,user_4682,2026-08-05 17:35:11.189091,Instagram,Terrible refereeing ruined the #SportsEvent. Absolutely rigged. 🗑️,"#ChampionshipGame,#Finals,#SportsEvent",1030,150,101,92483,Terrible refereeing ruined the #SportsEvent. Absolutely rigged.,-0.8399,negative,1281,1.3851044504995458
POST_00010,user_2995,2026-07-17 00:27:11.189091,Twitter,Watching #Cinema with my friends this weekend.,"#MovieRelease,#Blockbuster,#Cinema",1665,563,258,45951,Watching #Cinema with my friends this weekend.,0.4767,positive,2486,5.4099930362116995
POST_00011,user_4879,2026-07-25 20:45:11.189091,Instagram,The plot in #MovieRelease made no sense. Avoid at all costs. https://example.com/link,"#Cinema,#MovieRelease,#Blockbuster",2438,406,273,74675,The plot in #MovieRelease made no sense. Avoid at all costs.,-0.0803,negative,3117,4.17403181745139
POST_00012,user_287,2026-07-18 03:41:11.189091,Twitter,Can't stop thinking about that game winning play at the #ChampionshipGame! https://example.com/link,"#Finals,#SportsEvent",1721,456,132,23485,Can't stop thinking about that game winning play at the #ChampionshipGame!,0.7894,positive,2309,9.831388912543643
POST_00013,user_2531,2026-08-10 22:47:11.189091,Twitter,Worst performance by my team in the #SportsEvent. Embarrassing. @user_2531  https://example.com/link,"#ChampionshipGame,#Finals,#SportsEvent",344,116,70,28793,Worst performance by my team in the #SportsEvent. Embarrassing.,-0.7717,negative,530,1.8406612488712928
POST_00014,user_1621,2026-08-03 04:02:11.189091,Twitter,I was on the edge of my seat during #Cinema!,#MovieRelease,896,329,62,70867,I was on the edge of my seat during #Cinema!,0.0,neutral,1287,1.8160523790709489
POST_00015,user_1536,2026-07-30 04:57:11.189091,Instagram,I was on the edge of my seat during #Cinema!,"#Cinema,#Blockbuster,#MovieRelease",1928,610,183,22019,I was on the edge of my seat during #Cinema!,0.0,neutral,2721,12.356948228882834
POST_00016,user_828,2026-08-08 02:57:11.189091,Instagram,Will wait for the reviews before buying the #GadgetReview device.,"#Smartphone2024,#GadgetReview,#TechLaunch",3109,444,423,83457,Will wait for the reviews before buying the #GadgetReview device.,0.0,neutral,3976,4.76407294687148
POST_00017,user_3396,2026-07-26 22:33:11.189091,Reddit,Just watched the new #Blockbuster. Best movie of the year! 🍿🎬,"#Cinema,#Blockbuster",1476,275,125,34800,Just watched the new #Blockbuster. Best movie of the year!,0.8553,positive,1876,5.390649693974311
POST_00018,user_992,2026-07-18 23:27:11.189091,Instagram,The battery life on this #GadgetReview is a joke. 🗑️,"#TechLaunch,#GadgetReview",1072,245,310,86428,The battery life on this #GadgetReview is a joke.,0.296,positive,1627,1.8824700042809703
POST_00019,user_4499,2026-07-24 11:34:11.189091,Twitter,Worst performance by my team in the #Finals. Embarrassing.,"#ChampionshipGame,#Finals,#SportsEvent",718,126,189,85969,Worst performance by my team in the #Finals. Embarrassing.,-0.7717,negative,1033,1.2015819471908806
POST_00020,user_1598,2026-08-04 01:28:11.189091,Twitter,The visual effects in #Blockbuster blew my mind. 10/10.,#MovieRelease,219,68,48,3306,The visual effects in #Blockbuster blew my mind. 10/10.,0.5994,positive,335,10.130027214998488
POST_00021,user_1395,2026-07-12 06:59:11.189091,Reddit,Comparing the #Smartphone2024 with other models. @user_1395 ,"#TechLaunch,#GadgetReview",1334,434,102,26920,Comparing the #Smartphone2024 with other models.,0.0,neutral,1870,6.94625013929646
POST_00022,user_3615,2026-07-17 13:42:11.189091,Twitter,Just saw the specs for the #Smartphone2024 phone. They seem okay.,"#Smartphone2024,#TechLaunch,#GadgetReview",334,70,80,10799,Just saw the specs for the #Smartphone2024 phone. They seem okay.,0.2263,positive,484,4.481481481481482
POST_00023,user_4703,2026-08-01 07:55:11.189091,Twitter,The broadcast quality for the #ChampionshipGame is awful. 😡,"#ChampionshipGame,#Finals,#SportsEvent",1645,509,174,95245,The broadcast quality for the #ChampionshipGame is awful.,-0.4588,negative,2328,2.444197131638074
POST_00024,user_2079,2026-07-29 20:07:11.189091,Reddit,What a waste of time. #Blockbuster was completely boring. 🥱 https://example.com/link,"#MovieRelease,#Cinema",5460,574,837,67036,What a waste of time. #Blockbuster was completely boring.,-0.1263,negative,6871,10.249563673792085
POST_00025,user_1477,2026-07-18 06:53:11.189091,Reddit,Finally got my hands on the #Smartphone2024 device. Loving the battery life. 😍,#TechLaunch,2640,1051,191,82857,Finally got my hands on the #Smartphone2024 device. Loving the battery life.,0.5994,positive,3882,4.685123946993651
POST_00026,user_2077,2026-08-10 03:40:11.189091,Reddit,Finally got my hands on the #TechLaunch device. Loving the battery life. 😍,#TechLaunch,6700,2574,644,85694,Finally got my hands on the #TechLaunch device. Loving the battery life.,0.5994,positive,9918,11.573604060913706
POST_00027,user_993,2026-07-13 18:19:11.189091,Instagram,Just saw the specs for the #TechLaunch phone. They seem okay.,"#Smartphone2024,#TechLaunch,#GadgetReview",2789,946,228,62740,Just saw the specs for the #TechLaunch phone. They seem okay.,0.2263,positive,3963,6.316443792735213
POST_00028,user_2352,2026-08-06 22:38:11.189091,Instagram,I was on the edge of my seat during #Blockbuster! @user_2352 ,"#MovieRelease,#Cinema,#Blockbuster",662,172,177,26765,I was on the edge of my seat during #Blockbuster!,0.636,positive,1011,3.7771800044833
POST_00029,user_341,2026-07-12 23:21:11.189091,Reddit,Not worth the upgrade. #Smartphone2024 is just a rehash of last year's model.,"#TechLaunch,#Smartphone2024",553,78,39,25831,Not worth the upgrade. #Smartphone2024 is just a rehash of last year's model.,-0.1695,negative,670,2.5936822545679776
POST_00030,user_1107,2026-08-08 12:17:11.189091,Reddit,I was on the edge of my seat during #MovieRelease! @user_1107 ,#MovieRelease,4700,1238,1186,73362,I was on the edge of my seat during #MovieRelease!,0.0,neutral,7124,9.710617068549542
POST_00031,user_3243,2026-08-04 04:33:11.189091,Reddit,I fell asleep halfway through #Blockbuster. @user_3243  https://example.com/link,"#Cinema,#Blockbuster",1717,624,180,43373,I fell asleep halfway through #Blockbuster.,0.5994,positive,2521,5.812237746115184
POST_00032,user_4366,2026-08-10 17:13:11.189091,Instagram,Just saw the specs for the #GadgetReview phone. They seem okay. https://example.com/link,"#GadgetReview,#TechLaunch",542,140,161,82058,Just saw the specs for the #GadgetReview phone. They seem okay.,0.2263,positive,843,1.027309618688992
POST_00033,user_126,2026-07-16 11:13:11.189091,Twitter,Can't stop thinking about that game winning play at the #ChampionshipGame! @user_126 ,"#ChampionshipGame,#Finals,#SportsEvent",3124,1181,899,81660,Can't stop thinking about that game winning play at the #ChampionshipGame!,0.7894,positive,5204,6.3726870844099395
POST_00034,user_3452,2026-07-23 10:34:11.189091,Reddit,Can't believe we lost the #Finals. So heartbroken right now.,"#Finals,#SportsEvent",1831,521,532,47996,Can't believe we lost the #Finals. So heartbroken right now.,-0.6735,negative,2884,6.008708877638186
POST_00035,user_3557,2026-07-17 23:49:11.189091,Twitter,Best #Smartphone2024 I have ever used. Highly recommend!,"#TechLaunch,#GadgetReview,#Smartphone2024",353,100,75,67952,Best #Smartphone2024 I have ever used. Highly recommend!,0.8066,positive,528,0.7770076376318926
POST_00036,user_3296,2026-07-15 23:24:11.189091,Reddit,The new #TechLaunch phone is absolutely amazing! The camera is unreal! 📱✨,"#TechLaunch,#GadgetReview",2055,805,359,71299,The new #TechLaunch phone is absolutely amazing! The camera is unreal!,0.6885,positive,3219,4.514726507713885
POST_00037,user_3984,2026-07-12 18:04:11.189091,Reddit,Worst ending ever. #Cinema completely ruined the franchise. https://example.com/link,#MovieRelease,1211,415,247,43575,Worst ending ever. #Cinema completely ruined the franchise.,-0.8173,negative,1873,4.298237561960713
POST_00038,user_991,2026-08-08 21:35:11.189091,Reddit,Just watched the new #Cinema. Best movie of the year! 🍿🎬,"#Cinema,#Blockbuster,#MovieRelease",273,69,67,18399,Just watched the new #Cinema. Best movie of the year!,0.6696,positive,409,2.222826086956522
POST_00039,user_1570,2026-07-24 07:56:11.189091,Reddit,Worst performance by my team in the #SportsEvent. Embarrassing. @user_1570 ,"#Finals,#SportsEvent",979,167,90,38164,Worst performance by my team in the #SportsEvent. Embarrassing.,-0.7717,negative,1236,3.238569369841478
POST_00040,user_2301,2026-07-15 05:11:11.189091,Twitter,"Wow, the screen on the #TechLaunch is stunning. https://example.com/link","#GadgetReview,#Smartphone2024,#TechLaunch",3879,1471,834,69297,"Wow, the screen on the #TechLaunch is stunning.",0.7506,positive,6184,8.923778464024936
POST_00041,user_4831,2026-07-16 21:51:11.189091,Twitter,Just saw the specs for the #TechLaunch phone. They seem okay.,#GadgetReview,1320,498,378,45054,Just saw the specs for the #TechLaunch phone. They seem okay.,0.2263,positive,2196,4.874042836533126
POST_00042,user_3211,2026-07-14 00:37:11.189091,Twitter,Who do you think will win the #SportsEvent? https://example.com/link,"#SportsEvent,#ChampionshipGame",2043,349,347,45664,Who do you think will win the #SportsEvent?,0.5859,positive,2739,5.998029125150553
POST_00043,user_4949,2026-07-12 04:58:11.189091,Reddit,Just watched the new #Blockbuster. Best movie of the year! 🍿🎬,#Cinema,748,294,141,11434,Just watched the new #Blockbuster. Best movie of the year!,0.8553,positive,1183,10.345430695233931
POST_00044,user_4186,2026-07-29 15:05:11.189091,Reddit,The visual effects in #MovieRelease blew my mind. 10/10. @user_4186 ,"#MovieRelease,#Cinema,#Blockbuster",3608,665,991,31358,The visual effects in #MovieRelease blew my mind. 10/10.,0.0,neutral,5264,16.786249561529385
POST_00045,user_1580,2026-07-28 04:26:11.189091,Twitter,The battery life on this #Smartphone2024 is a joke. 🗑️ @user_1580 ,"#GadgetReview,#Smartphone2024,#TechLaunch",2474,601,692,87214,The battery life on this #Smartphone2024 is a joke.,0.296,positive,3767,4.319211144871868
POST_00046,user_4716,2026-07-26 05:54:11.189091,Twitter,My team finally won the #SportsEvent! Best day ever!,#Finals,6840,1411,1584,89328,My team finally won the #SportsEvent! Best day ever!,0.8585,positive,9835,11.009862418699415
POST_00047,user_3567,2026-08-02 08:46:11.189091,Twitter,Incredible display of skill at the #SportsEvent today.,#SportsEvent,2992,665,355,44710,Incredible display of skill at the #SportsEvent today.,0.0,neutral,4012,8.973183332960568
POST_00048,user_1550,2026-07-11 18:23:11.189091,Reddit,Terrible refereeing ruined the #SportsEvent. Absolutely rigged. 🗑️,"#ChampionshipGame,#SportsEvent",3437,739,718,68251,Terrible refereeing ruined the #SportsEvent. Absolutely rigged.,-0.8399,negative,4894,7.1704858465685986
POST_00049,user_1497,2026-07-22 21:41:11.189091,Twitter,Extremely disappointed with the #Smartphone2024 phone. Overheating issues are terrible. 😡 @user_1497 ,#TechLaunch,2243,639,140,24914,Extremely disappointed with the #Smartphone2024 phone. Overheating issues are terrible.,-0.7574,negative,3022,12.129239414007625
POST_00050,user_408,2026-08-07 09:02:11.189091,Reddit,My team finally won the #Finals! Best day ever!,"#Finals,#ChampionshipGame",3212,475,841,56656,My team finally won the #Finals! Best day ever!,0.8585,positive,4528,7.991951568208694
POST_00051,user_4580,2026-07-18 23:37:11.189091,Reddit,The plot in #Blockbuster made no sense. Avoid at all costs. @user_4580 ,"#Cinema,#Blockbuster,#MovieRelease",5209,521,1417,57781,The plot in #Blockbuster made no sense. Avoid at all costs.,0.5556,positive,7147,12.36890381087536
POST_00052,user_1362,2026-08-08 12:54:11.189091,Instagram,Not worth the upgrade. #TechLaunch is just a rehash of last year's model. @user_1362 ,#GadgetReview,3275,455,961,93323,Not worth the upgrade. #TechLaunch is just a rehash of last year's model.,-0.1695,negative,4691,5.026574085980027
POST_00053,user_1414,2026-08-05 16:56:11.189091,Twitter,Can't stop thinking about that game winning play at the #ChampionshipGame!,"#Finals,#SportsEvent",2697,320,347,47588,Can't stop thinking about that game winning play at the #ChampionshipGame!,0.7894,positive,3364,7.068860450944546
POST_00054,user_2519,2026-07-22 05:14:11.189091,Reddit,"Tickets for #MovieRelease were expensive, hope it's worth it. @user_2519 ","#Blockbuster,#MovieRelease",1598,211,165,36387,"Tickets for #MovieRelease were expensive, hope it's worth it.",0.5859,positive,1974,5.424865340222052
POST_00055,user_1993,2026-08-05 15:38:11.189091,Instagram,The new #Smartphone2024 phone is absolutely amazing! The camera is unreal! 📱✨,#Smartphone2024,4165,887,696,63232,The new #Smartphone2024 phone is absolutely amazing! The camera is unreal!,0.6885,positive,5748,9.090190248762513
POST_00056,user_4931,2026-08-03 06:17:11.189091,Instagram,Incredible display of skill at the #ChampionshipGame today.,#ChampionshipGame,252,45,70,33334,Incredible display of skill at the #ChampionshipGame today.,0.0,neutral,367,1.1009449527523623
POST_00057,user_1302,2026-07-26 22:25:11.189091,Instagram,The battery life on this #Smartphone2024 is a joke. 🗑️ https://example.com/link,"#Smartphone2024,#GadgetReview",842,116,122,33119,The battery life on this #Smartphone2024 is a joke.,0.296,positive,1080,3.260869565217391
POST_00058,user_3702,2026-07-13 00:21:11.189091,Reddit,The plot in #Cinema made no sense. Avoid at all costs. @user_3702 ,"#Blockbuster,#MovieRelease",10410,1698,3077,90450,The plot in #Cinema made no sense. Avoid at all costs.,-0.0803,negative,15185,16.78809521177212
POST_00059,user_1298,2026-07-14 02:15:11.189091,Reddit,Watching #Blockbuster with my friends this weekend.,"#MovieRelease,#Blockbuster,#Cinema",3451,803,429,81933,Watching #Blockbuster with my friends this weekend.,0.7906,positive,4683,5.715575951375498
POST_00060,user_1586,2026-07-19 10:27:11.189091,Instagram,Just saw the specs for the #Smartphone2024 phone. They seem okay.,#Smartphone2024,1030,186,264,38682,Just saw the specs for the #Smartphone2024 phone. They seem okay.,0.2263,positive,1480,3.8259700643693613
POST_00061,user_1212,2026-08-09 18:46:11.189091,Reddit,The battery life on this #TechLaunch is a joke. 🗑️,"#Smartphone2024,#GadgetReview",2092,230,399,48592,The battery life on this #TechLaunch is a joke.,0.296,positive,2721,5.599571954808305
POST_00062,user_2075,2026-07-26 13:57:11.189091,Twitter,"Wow, the screen on the #Smartphone2024 is stunning.","#TechLaunch,#Smartphone2024,#GadgetReview",222,88,33,4127,"Wow, the screen on the #Smartphone2024 is stunning.",0.7506,positive,343,8.309108527131782
POST_00063,user_1706,2026-07-12 23:01:11.189091,Twitter,The broadcast quality for the #SportsEvent is awful. 😡 https://example.com/link,#Finals,292,60,31,6758,The broadcast quality for the #SportsEvent is awful.,-0.4588,negative,383,5.666518715786359
POST_00064,user_3407,2026-08-01 06:09:11.189091,Reddit,Can't believe we lost the #ChampionshipGame. So heartbroken right now.,"#Finals,#SportsEvent",1095,228,298,23761,Can't believe we lost the #ChampionshipGame. So heartbroken right now.,-0.6735,negative,1621,6.821816345425469
POST_00065,user_440,2026-07-25 12:02:11.189091,Reddit,The visual effects in #Cinema blew my mind. 10/10. @user_440 ,"#Blockbuster,#MovieRelease",3783,1449,891,51177,The visual effects in #Cinema blew my mind. 10/10.,0.0,neutral,6123,11.964125210051193
POST_00066,user_260,2026-07-20 00:26:11.189091,Twitter,Worst performance by my team in the #Finals. Embarrassing.,#ChampionshipGame,414,84,57,48396,Worst performance by my team in the #Finals. Embarrassing.,-0.7717,negative,555,1.1467652953695477
POST_00067,user_4367,2026-07-13 09:26:11.189091,Twitter,The new #TechLaunch phone is absolutely amazing! The camera is unreal! 📱✨ https://example.com/link,"#GadgetReview,#TechLaunch",2136,390,114,29727,The new #TechLaunch phone is absolutely amazing! The camera is unreal!,0.6885,positive,2640,8.880516684607104
POST_00068,user_3713,2026-08-11 10:44:11.189091,Reddit,Will wait for the reviews before buying the #GadgetReview device. @user_3713 ,#GadgetReview,4022,848,518,95593,Will wait for the reviews before buying the #GadgetReview device.,0.0,neutral,5388,5.636337008598867
POST_00069,user_1500,2026-07-21 08:26:11.189091,Instagram,I was on the edge of my seat during #Blockbuster! @user_1500 ,"#Blockbuster,#MovieRelease,#Cinema",2910,984,430,55902,I was on the edge of my seat during #Blockbuster!,0.636,positive,4324,7.73482639572116
POST_00070,user_4810,2026-07-30 12:53:11.189091,Instagram,I was on the edge of my seat during #MovieRelease!,#Cinema,235,51,56,19273,I was on the edge of my seat during #MovieRelease!,0.0,neutral,342,1.7744111237937117
POST_00071,user_4680,2026-08-10 05:24:11.189091,Instagram,Who do you think will win the #SportsEvent?,#ChampionshipGame,753,188,184,55979,Who do you think will win the #SportsEvent?,0.5859,positive,1125,2.009646302250804
POST_00072,user_2722,2026-08-11 01:26:11.189091,Reddit,What a waste of time. #MovieRelease was completely boring. 🥱,"#Cinema,#Blockbuster",4742,942,936,78791,What a waste of time. #MovieRelease was completely boring.,-0.659,negative,6620,8.401868209970557
POST_00073,user_969,2026-07-30 17:16:11.189091,Reddit,Finally got my hands on the #Smartphone2024 device. Loving the battery life. 😍 @user_969 ,"#Smartphone2024,#GadgetReview,#TechLaunch",147,34,18,20195,Finally got my hands on the #Smartphone2024 device. Loving the battery life.,0.5994,positive,199,0.9853436324024559
POST_00074,user_4087,2026-08-04 18:53:11.189091,Twitter,"#Blockbuster had some decent moments, but overall average.",#Blockbuster,1539,445,441,34974,"#Blockbuster had some decent moments, but overall average.",0.3506,positive,2425,6.933523945675482
POST_00075,user_1127,2026-07-14 23:08:11.189091,Reddit,Comparing the #TechLaunch with other models. https://example.com/link,"#TechLaunch,#GadgetReview,#Smartphone2024",1122,163,246,29226,Comparing the #TechLaunch with other models.,0.0,neutral,1531,5.238307044855784
POST_00076,user_1067,2026-07-16 09:53:11.189091,Reddit,Can't believe we lost the #Finals. So heartbroken right now.,#SportsEvent,7266,1705,695,60982,Can't believe we lost the #Finals. So heartbroken right now.,-0.6735,negative,9666,15.85031894134431
POST_00077,user_4514,2026-08-05 09:22:11.189091,Instagram,Worst ending ever. #MovieRelease completely ruined the franchise.,"#MovieRelease,#Blockbuster",9425,993,1444,89848,Worst ending ever. #MovieRelease completely ruined the franchise.,-0.8173,negative,11862,13.202150274349187
POST_00078,user_3561,2026-07-30 06:40:11.189091,Twitter,My team finally won the #SportsEvent! Best day ever! https://example.com/link,"#SportsEvent,#ChampionshipGame,#Finals",3873,1324,806,69986,My team finally won the #SportsEvent! Best day ever!,0.8585,positive,6003,8.577307214196923
POST_00079,user_4329,2026-07-31 02:00:11.189091,Reddit,Extremely disappointed with the #TechLaunch phone. Overheating issues are terrible. 😡 https://example.com/link,"#Smartphone2024,#TechLaunch,#GadgetReview",306,66,70,7059,Extremely disappointed with the #TechLaunch phone. Overheating issues are terrible.,-0.7574,negative,442,6.260623229461756
POST_00080,user_51,2026-07-25 20:53:11.189091,Twitter,The broadcast quality for the #Finals is awful. 😡,#SportsEvent,5728,716,1093,74013,The broadcast quality for the #Finals is awful.,-0.4588,negative,7537,10.183208582160132
POST_00081,user_3642,2026-07-19 06:34:11.189091,Instagram,I was on the edge of my seat during #MovieRelease!,#MovieRelease,6280,753,694,69924,I was on the edge of my seat during #MovieRelease!,0.0,neutral,7727,11.050411154808723
POST_00082,user_1477,2026-08-08 00:29:11.189091,Twitter,Incredible performance by the lead actor in #Cinema! A must watch!,"#Blockbuster,#Cinema,#MovieRelease",5566,1895,1357,51138,Incredible performance by the lead actor in #Cinema! A must watch!,0.0,neutral,8818,17.243199906138173
POST_00083,user_406,2026-07-21 02:31:11.189091,Reddit,The #SportsEvent is pretty competitive this year.,#ChampionshipGame,3541,941,801,90899,The #SportsEvent is pretty competitive this year.,0.5994,positive,5283,5.811881188118813
POST_00084,user_3185,2026-07-24 02:51:11.189091,Instagram,"Wow, the screen on the #Smartphone2024 is stunning. https://example.com/link",#Smartphone2024,1913,260,324,49241,"Wow, the screen on the #Smartphone2024 is stunning.",0.7506,positive,2497,5.0708744567645505
POST_00085,user_3875,2026-07-31 23:47:11.189091,Twitter,Extremely disappointed with the #GadgetReview phone. Overheating issues are terrible. 😡,#TechLaunch,2012,661,181,59750,Extremely disappointed with the #GadgetReview phone. Overheating issues are terrible.,-0.7574,negative,2854,4.776489096416796
POST_00086,user_3271,2026-08-03 12:46:11.189091,Twitter,Extremely disappointed with the #Smartphone2024 phone. Overheating issues are terrible. 😡,"#GadgetReview,#Smartphone2024,#TechLaunch",6351,692,967,96585,Extremely disappointed with the #Smartphone2024 phone. Overheating issues are terrible.,-0.7574,negative,8010,8.293127368355663
POST_00087,user_4389,2026-07-22 07:46:11.189091,Reddit,The new #GadgetReview phone is absolutely amazing! The camera is unreal! 📱✨ https://example.com/link,"#GadgetReview,#TechLaunch,#Smartphone2024",7579,2046,445,86931,The new #GadgetReview phone is absolutely amazing! The camera is unreal!,0.6885,positive,10070,11.583766622187456
POST_00088,user_1901,2026-07-23 13:13:11.189091,Reddit,Watching the #ChampionshipGame with friends. Game is tied.,"#ChampionshipGame,#Finals",2545,329,606,56740,Watching the #ChampionshipGame with friends. Game is tied.,0.4767,positive,3480,6.133131245483865
POST_00089,user_1994,2026-08-02 09:15:11.189091,Reddit,My team finally won the #Finals! Best day ever!,"#Finals,#SportsEvent,#ChampionshipGame",2839,943,365,69247,My team finally won the #Finals! Best day ever!,0.8585,positive,4147,5.988620609981516
POST_00090,user_3723,2026-07-11 20:37:11.189091,Twitter,I fell asleep halfway through #Blockbuster. @user_3723 ,#Blockbuster,2891,465,202,81569,I fell asleep halfway through #Blockbuster.,0.5994,positive,3558,4.361897756528135
POST_00091,user_4132,2026-07-29 21:50:11.189091,Twitter,What a waste of time. #Cinema was completely boring. 🥱,#MovieRelease,3438,811,761,98347,What a waste of time. #Cinema was completely boring.,-0.659,negative,5010,5.0941554480009765
POST_00092,user_1540,2026-08-10 03:43:11.189091,Twitter,Will wait for the reviews before buying the #GadgetReview device. https://example.com/link,"#TechLaunch,#Smartphone2024",223,24,51,22190,Will wait for the reviews before buying the #GadgetReview device.,0.0,neutral,298,1.342886755892028
POST_00093,user_3122,2026-07-19 16:53:11.189091,Twitter,"Wow, the screen on the #TechLaunch is stunning.",#Smartphone2024,202,80,54,3866,"Wow, the screen on the #TechLaunch is stunning.",0.7506,positive,336,8.688906128782001
POST_00094,user_2823,2026-07-18 22:44:11.189091,Instagram,Incredible performance by the lead actor in #Cinema! A must watch!,#MovieRelease,3569,779,567,52778,Incredible performance by the lead actor in #Cinema! A must watch!,0.0,neutral,4915,9.312415922999678
POST_00095,user_3932,2026-07-29 03:02:11.189091,Twitter,Not worth the upgrade. #GadgetReview is just a rehash of last year's model. https://example.com/link,#GadgetReview,1972,635,555,46617,Not worth the upgrade. #GadgetReview is just a rehash of last year's model.,-0.1695,negative,3162,6.7827877643828565
POST_00096,user_1868,2026-08-01 10:31:11.189091,Twitter,Watching #Blockbuster with my friends this weekend. @user_1868 ,#MovieRelease,3748,701,1043,76475,Watching #Blockbuster with my friends this weekend.,0.7906,positive,5492,7.181337936084524
POST_00097,user_4006,2026-07-31 13:35:11.189091,Twitter,The broadcast quality for the #ChampionshipGame is awful. 😡,#Finals,706,200,79,20150,The broadcast quality for the #ChampionshipGame is awful.,-0.4588,negative,985,4.888094883628604
POST_00098,user_3357,2026-08-10 11:12:11.189091,Reddit,"#MovieRelease had some decent moments, but overall average. https://example.com/link","#Blockbuster,#Cinema,#MovieRelease",2880,1098,298,63434,"#MovieRelease had some decent moments, but overall average.",0.0,neutral,4276,6.740758256483013
POST_00099,user_4032,2026-07-22 00:44:11.189091,Reddit,I fell asleep halfway through #Blockbuster.,"#MovieRelease,#Blockbuster,#Cinema",2278,662,592,39055,I fell asleep halfway through #Blockbuster.,0.5994,positive,3532,9.043424825891028
POST_00100,user_3795,2026-07-25 15:57:11.189091,Twitter,Can't stop thinking about that game winning play at the #ChampionshipGame!,"#Finals,#ChampionshipGame",1095,337,222,37869,Can't stop thinking about that game winning play at the #ChampionshipGame!,0.7894,positive,1654,4.367573277000264
POST_00101,user_1124,2026-07-28 20:13:11.189091,Twitter,I was on the edge of my seat during #MovieRelease! https://example.com/link,"#MovieRelease,#Blockbuster",4196,1214,562,97449,I was on the edge of my seat during #MovieRelease!,0.0,neutral,5972,6.128270908158029
POST_00102,user_2228,2026-07-20 21:52:11.189091,Reddit,Who do you think will win the #ChampionshipGame?,"#SportsEvent,#ChampionshipGame",3015,359,641,94033,Who do you think will win the #ChampionshipGame?,0.5859,positive,4015,4.269732224514537
POST_00103,user_1250,2026-07-31 02:26:11.189091,Instagram,Who do you think will win the #ChampionshipGame? https://example.com/link,"#Finals,#SportsEvent,#ChampionshipGame",13,1,1,3505,Who do you think will win the #ChampionshipGame?,0.5859,positive,15,0.4278379920136908
POST_00104,user_3288,2026-08-10 08:16:11.189091,Twitter,Getting snacks ready for the #ChampionshipGame.,"#SportsEvent,#Finals,#ChampionshipGame",973,161,188,37281,Getting snacks ready for the #ChampionshipGame.,0.3612,positive,1322,3.5459471058419614
POST_00105,user_4145,2026-07-13 16:52:11.189091,Instagram,I was on the edge of my seat during #MovieRelease!,#Blockbuster,2164,223,551,30825,I was on the edge of my seat during #MovieRelease!,0.0,neutral,2938,9.530915460974503
POST_00106,user_3960,2026-07-26 21:22:11.189091,Instagram,Incredible display of skill at the #SportsEvent today.,"#ChampionshipGame,#SportsEvent",169,60,30,11044,Incredible display of skill at the #SportsEvent today.,0.0,neutral,259,2.3449524671797195
POST_00107,user_280,2026-07-23 20:24:11.189091,Instagram,I fell asleep halfway through #MovieRelease. @user_280 ,"#Blockbuster,#MovieRelease",3282,465,623,98342,I fell asleep halfway through #MovieRelease.,0.0,neutral,4370,4.443630965091567
POST_00108,user_131,2026-07-15 02:32:11.189091,Instagram,Watching #Cinema with my friends this weekend.,"#MovieRelease,#Blockbuster,#Cinema",164,36,23,9937,Watching #Cinema with my friends this weekend.,0.4767,positive,223,2.24391225598712
POST_00109,user_4369,2026-07-12 23:59:11.189091,Twitter,Can't believe we lost the #SportsEvent. So heartbroken right now. @user_4369  https://example.com/link,"#Finals,#ChampionshipGame,#SportsEvent",2594,778,405,51382,Can't believe we lost the #SportsEvent. So heartbroken right now.,-0.6735,negative,3777,7.3506801860537525
POST_00110,user_3972,2026-07-20 16:10:11.189091,Instagram,What a thrilling finish to the #ChampionshipGame! Unbelievable! 🏆🔥,#Finals,2825,937,433,29603,What a thrilling finish to the #ChampionshipGame! Unbelievable!,0.6688,positive,4195,14.170382380759358
POST_00111,user_2771,2026-07-25 09:01:11.189091,Twitter,Finally got my hands on the #GadgetReview device. Loving the battery life. 😍 @user_2771 ,"#Smartphone2024,#TechLaunch",3345,1147,444,93733,Finally got my hands on the #GadgetReview device. Loving the battery life.,0.5994,positive,4936,5.265965391426803
POST_00112,user_3418,2026-07-26 00:04:11.189091,Reddit,What a thrilling finish to the #Finals! Unbelievable! 🏆🔥,"#ChampionshipGame,#Finals",4466,1074,1302,55110,What a thrilling finish to the #Finals! Unbelievable!,0.6688,positive,6842,12.414944384968518
POST_00113,user_3304,2026-08-10 01:43:11.189091,Twitter,Going to see #Cinema tonight. Hope it's good. @user_3304 ,"#Blockbuster,#Cinema,#MovieRelease",817,287,93,35007,Going to see #Cinema tonight. Hope it's good.,0.7003,positive,1197,3.419218464351006
POST_00114,user_2600,2026-07-31 09:24:11.189091,Twitter,Incredible display of skill at the #Finals today.,"#Finals,#SportsEvent",1706,409,194,28580,Incredible display of skill at the #Finals today.,0.0,neutral,2309,8.078793604142612
POST_00115,user_597,2026-07-27 04:58:11.189091,Instagram,Watching the #Finals with friends. Game is tied. https://example.com/link,#Finals,972,260,220,77263,Watching the #Finals with friends. Game is tied.,0.4767,positive,1452,1.879271070615034
POST_00116,user_61,2026-07-24 22:20:11.189091,Instagram,Can't believe we lost the #ChampionshipGame. So heartbroken right now.,#Finals,1249,345,83,26694,Can't believe we lost the #ChampionshipGame. So heartbroken right now.,-0.6735,negative,1677,6.282075294999063
POST_00117,user_2211,2026-07-27 07:12:11.189091,Instagram,Incredible performance by the lead actor in #Blockbuster! A must watch! https://example.com/link,"#MovieRelease,#Cinema",5071,1866,1057,52667,Incredible performance by the lead actor in #Blockbuster! A must watch!,0.6688,positive,7994,15.178096757044127
POST_00118,user_1390,2026-07-13 02:43:11.189091,Instagram,"#Blockbuster had some decent moments, but overall average.",#MovieRelease,1737,342,505,60261,"#Blockbuster had some decent moments, but overall average.",0.3506,positive,2584,4.287942650426471
POST_00119,user_4905,2026-07-22 14:10:11.189091,Twitter,Best #Smartphone2024 I have ever used. Highly recommend!,"#GadgetReview,#Smartphone2024,#TechLaunch",1141,313,314,23200,Best #Smartphone2024 I have ever used. Highly recommend!,0.8066,positive,1768,7.62036119132796
POST_00120,user_221,2026-07-29 16:04:11.189091,Twitter,Will wait for the reviews before buying the #TechLaunch device. https://example.com/link,"#GadgetReview,#TechLaunch",147,31,14,24862,Will wait for the reviews before buying the #TechLaunch device.,0.0,neutral,192,0.7722318304307606
POST_00121,user_1050,2026-07-13 00:27:11.189091,Instagram,Anyone getting the new #TechLaunch? I can't decide.,"#TechLaunch,#Smartphone2024",473,131,99,32328,Anyone getting the new #TechLaunch? I can't decide.,0.0,neutral,703,2.174518234402549
POST_00122,user_1668,2026-07-12 21:40:11.189091,Instagram,Finally got my hands on the #TechLaunch device. Loving the battery life. 😍,"#GadgetReview,#TechLaunch",87,31,22,1443,Finally got my hands on the #TechLaunch device. Loving the battery life.,0.5994,positive,140,9.695290858725762
POST_00123,user_4670,2026-07-27 17:17:11.189091,Reddit,The new #Smartphone2024 phone is absolutely amazing! The camera is unreal! 📱✨,"#Smartphone2024,#GadgetReview,#TechLaunch",228,83,59,9307,The new #Smartphone2024 phone is absolutely amazing! The camera is unreal!,0.6885,positive,370,3.975075204125483
POST_00124,user_2794,2026-08-05 12:46:11.189091,Reddit,What a thrilling finish to the #Finals! Unbelievable! 🏆🔥 @user_2794  https://example.com/link,"#SportsEvent,#ChampionshipGame,#Finals",2144,388,556,97361,What a thrilling finish to the #Finals! Unbelievable!,0.6688,positive,3088,3.1716686181467098
POST_00125,user_3932,2026-07-18 17:34:11.189091,Instagram,Just saw the specs for the #TechLaunch phone. They seem okay. @user_3932  https://example.com/link,"#GadgetReview,#Smartphone2024,#TechLaunch",2499,349,744,74618,Just saw the specs for the #TechLaunch phone. They seem okay.,0.2263,positive,3592,4.813787373189134
POST_00126,user_1051,2026-07-21 16:21:11.189091,Reddit,Will wait for the reviews before buying the #GadgetReview device.,"#TechLaunch,#Smartphone2024",1107,149,187,49962,Will wait for the reviews before buying the #GadgetReview device.,0.0,neutral,1443,2.8881372215439427
POST_00127,user_2830,2026-07-20 00:25:11.189091,Instagram,Not worth the upgrade. #GadgetReview is just a rehash of last year's model.,"#GadgetReview,#TechLaunch",2272,853,525,86457,Not worth the upgrade. #GadgetReview is just a rehash of last year's model.,-0.1695,negative,3650,4.221703023433343
POST_00128,user_3896,2026-08-11 11:50:11.189091,Reddit,The visual effects in #Blockbuster blew my mind. 10/10. https://example.com/link,"#Blockbuster,#MovieRelease",2593,268,730,87070,The visual effects in #Blockbuster blew my mind. 10/10.,0.5994,positive,3591,4.12422046375946
POST_00129,user_3044,2026-07-25 23:08:11.189091,Twitter,Just watched the new #MovieRelease. Best movie of the year! 🍿🎬,#MovieRelease,359,117,18,9435,Just watched the new #MovieRelease. Best movie of the year!,0.6696,positive,494,5.235269181856719
POST_00130,user_87,2026-07-31 00:37:11.189091,Twitter,What a waste of time. #MovieRelease was completely boring. 🥱 @user_87 ,#Cinema,6543,1864,1563,97609,What a waste of time. #MovieRelease was completely boring.,-0.659,negative,9970,10.214117406003483
POST_00131,user_2127,2026-07-23 00:05:11.189091,Reddit,Best #GadgetReview I have ever used. Highly recommend!,#GadgetReview,267,89,39,80764,Best #GadgetReview I have ever used. Highly recommend!,0.8066,positive,395,0.489073237169566
POST_00132,user_4032,2026-07-27 22:52:11.189091,Twitter,Getting snacks ready for the #Finals.,"#ChampionshipGame,#SportsEvent,#Finals",1112,391,180,94380,Getting snacks ready for the #Finals.,0.3612,positive,1683,1.7831978894057066
POST_00133,user_3595,2026-08-02 15:30:11.189091,Twitter,Incredible display of skill at the #SportsEvent today.,"#SportsEvent,#Finals,#ChampionshipGame",318,100,22,9587,Incredible display of skill at the #SportsEvent today.,0.0,neutral,440,4.58906967042136
POST_00134,user_2133,2026-07-18 02:57:11.189091,Twitter,Can't believe we lost the #Finals. So heartbroken right now. @user_2133  https://example.com/link,"#SportsEvent,#Finals,#ChampionshipGame",2479,777,263,38941,Can't believe we lost the #Finals. So heartbroken right now.,-0.6735,negative,3519,9.036515844075806
POST_00135,user_4035,2026-07-23 12:31:11.189091,Instagram,Terrible customer service when I tried to return my #Smartphone2024. Never again.,#GadgetReview,169,17,12,12575,Terrible customer service when I tried to return my #Smartphone2024. Never again.,-0.4767,negative,198,1.5744274809160304
POST_00136,user_256,2026-07-13 07:45:11.189091,Twitter,Can't believe we lost the #ChampionshipGame. So heartbroken right now.,#Finals,1192,141,210,20545,Can't believe we lost the #ChampionshipGame. So heartbroken right now.,-0.6735,negative,1543,7.509977611213861
POST_00137,user_2727,2026-08-02 06:35:11.189091,Twitter,Worst ending ever. #Blockbuster completely ruined the franchise.,"#MovieRelease,#Cinema,#Blockbuster",34,11,8,4010,Worst ending ever. #Blockbuster completely ruined the franchise.,-0.5563,negative,53,1.3213662428322115
POST_00138,user_1198,2026-07-15 15:44:11.189091,Instagram,Worst ending ever. #MovieRelease completely ruined the franchise.,"#MovieRelease,#Blockbuster",2198,814,608,20176,Worst ending ever. #MovieRelease completely ruined the franchise.,-0.8173,negative,3620,17.94122020121921
POST_00139,user_4706,2026-07-29 16:55:11.189091,Reddit,Can't believe we lost the #Finals. So heartbroken right now. @user_4706 ,"#ChampionshipGame,#Finals",1858,620,404,98112,Can't believe we lost the #Finals. So heartbroken right now.,-0.6735,negative,2882,2.9374292907158073
POST_00140,user_1824,2026-07-25 02:43:11.189091,Twitter,Watching #MovieRelease with my friends this weekend. @user_1824 ,"#MovieRelease,#Cinema,#Blockbuster",122,36,8,24669,Watching #MovieRelease with my friends this weekend.,0.4767,positive,166,0.6728820429671666
POST_00141,user_1342,2026-07-21 16:34:11.189091,Reddit,Worst performance by my team in the #ChampionshipGame. Embarrassing.,"#SportsEvent,#Finals,#ChampionshipGame",2266,890,226,42386,Worst performance by my team in the #ChampionshipGame. Embarrassing.,-0.7717,negative,3382,7.97886144336707
POST_00142,user_2045,2026-07-22 20:46:11.189091,Reddit,The visual effects in #Blockbuster blew my mind. 10/10.,#Blockbuster,398,99,113,89346,The visual effects in #Blockbuster blew my mind. 10/10.,0.5994,positive,610,0.6827313731854455
POST_00143,user_1057,2026-08-11 12:05:11.189091,Reddit,Extremely disappointed with the #GadgetReview phone. Overheating issues are terrible. 😡,"#TechLaunch,#Smartphone2024",5756,2200,1034,64689,Extremely disappointed with the #GadgetReview phone. Overheating issues are terrible.,-0.7574,negative,8990,13.897047457103106
POST_00144,user_3992,2026-07-13 07:27:11.189091,Twitter,Finally got my hands on the #Smartphone2024 device. Loving the battery life. 😍 @user_3992 ,"#Smartphone2024,#GadgetReview,#TechLaunch",3107,365,430,39508,Finally got my hands on the #Smartphone2024 device. Loving the battery life.,0.5994,positive,3902,9.876230732238223
POST_00145,user_4052,2026-07-17 16:16:11.189091,Instagram,Getting snacks ready for the #Finals. https://example.com/link,"#SportsEvent,#ChampionshipGame,#Finals",1536,584,196,72420,Getting snacks ready for the #Finals.,0.3612,positive,2316,3.197967440383314
POST_00146,user_828,2026-08-05 18:56:11.189091,Reddit,What a waste of time. #Cinema was completely boring. 🥱,#Blockbuster,6313,1618,960,83467,What a waste of time. #Cinema was completely boring.,-0.659,negative,8891,10.65198638999377
POST_00147,user_3644,2026-07-31 05:12:11.189091,Twitter,Can't believe we lost the #ChampionshipGame. So heartbroken right now.,#SportsEvent,1652,168,363,68574,Can't believe we lost the #ChampionshipGame. So heartbroken right now.,-0.6735,negative,2183,3.183375865840321
POST_00148,user_3730,2026-08-07 04:52:11.189091,Reddit,The battery life on this #TechLaunch is a joke. 🗑️ https://example.com/link,"#TechLaunch,#GadgetReview",1273,159,346,29415,The battery life on this #TechLaunch is a joke.,0.296,positive,1778,6.044329616535219
POST_00149,user_473,2026-07-25 16:29:11.189091,Instagram,Just watched the new #Blockbuster. Best movie of the year! 🍿🎬,#Cinema,198,41,20,82633,Just watched the new #Blockbuster. Best movie of the year!,0.8553,positive,259,0.3134303071374979
POST_00150,user_418,2026-07-13 22:13:11.189091,Reddit,What a thrilling finish to the #Finals! Unbelievable! 🏆🔥,#Finals,5310,665,379,91766,What a thrilling finish to the #Finals! Unbelievable!,0.6688,positive,6354,6.924057667789074
POST_00151,user_4366,2026-07-14 21:32:11.189091,Reddit,Not worth the upgrade. #Smartphone2024 is just a rehash of last year's model. https://example.com/link,#TechLaunch,1121,328,150,59377,Not worth the upgrade. #Smartphone2024 is just a rehash of last year's model.,-0.1695,negative,1599,2.6929165684260163
POST_00152,user_2083,2026-08-04 09:31:11.189091,Instagram,Worst ending ever. #MovieRelease completely ruined the franchise.,"#Blockbuster,#MovieRelease,#Cinema",114,40,19,2851,Worst ending ever. #MovieRelease completely ruined the franchise.,-0.8173,negative,173,6.065918653576437
POST_00153,user_4941,2026-08-06 08:21:11.189091,Twitter,Can't stop thinking about that game winning play at the #Finals!,"#Finals,#ChampionshipGame",4159,1392,923,73983,Can't stop thinking about that game winning play at the #Finals!,0.7894,positive,6474,8.750540657439448
POST_00154,user_3515,2026-07-27 01:41:11.189091,Twitter,The #ChampionshipGame is pretty competitive this year.,"#SportsEvent,#ChampionshipGame",2721,780,281,66333,The #ChampionshipGame is pretty competitive this year.,0.5994,positive,3782,5.701450236681039
POST_00155,user_3411,2026-07-29 03:57:11.189091,Reddit,Getting snacks ready for the #SportsEvent.,"#Finals,#ChampionshipGame",3456,679,961,82415,Getting snacks ready for the #SportsEvent.,0.3612,positive,5096,6.183265385362065
POST_00156,user_4485,2026-07-14 10:15:11.189091,Instagram,I was on the edge of my seat during #Blockbuster! @user_4485 ,"#Cinema,#MovieRelease",841,128,154,9128,I was on the edge of my seat during #Blockbuster!,0.636,positive,1123,12.301456895607405
POST_00157,user_743,2026-07-18 20:43:11.189091,Instagram,The visual effects in #Cinema blew my mind. 10/10.,#MovieRelease,281,105,74,4306,The visual effects in #Cinema blew my mind. 10/10.,0.0,neutral,460,10.680287903413047
POST_00158,user_1710,2026-07-31 23:02:11.189091,Instagram,Incredible performance by the lead actor in #MovieRelease! A must watch! https://example.com/link,#MovieRelease,5844,1019,335,84346,Incredible performance by the lead actor in #MovieRelease! A must watch!,0.0,neutral,7198,8.533794918610027
POST_00159,user_882,2026-08-05 08:30:11.189091,Instagram,Can't believe we lost the #ChampionshipGame. So heartbroken right now.,#SportsEvent,3909,906,662,57246,Can't believe we lost the #ChampionshipGame. So heartbroken right now.,-0.6735,negative,5477,9.567313571016822
POST_00160,user_4443,2026-08-07 12:45:11.189091,Reddit,Just watched the new #Cinema. Best movie of the year! 🍿🎬 https://example.com/link,"#Blockbuster,#Cinema,#MovieRelease",4456,1654,1204,47750,Just watched the new #Cinema. Best movie of the year!,0.6696,positive,7314,15.316956712948421
POST_00161,user_4315,2026-07-22 05:16:11.189091,Instagram,Will wait for the reviews before buying the #Smartphone2024 device.,"#TechLaunch,#GadgetReview",4570,1448,393,91545,Will wait for the reviews before buying the #Smartphone2024 device.,0.0,neutral,6411,7.003036724706704
POST_00162,user_742,2026-08-02 14:34:11.189091,Twitter,Incredible display of skill at the #Finals today.,"#SportsEvent,#ChampionshipGame",2890,505,388,66165,Incredible display of skill at the #Finals today.,0.0,neutral,3783,5.717437959072635
POST_00163,user_3119,2026-07-29 01:04:11.189091,Twitter,Incredible performance by the lead actor in #MovieRelease! A must watch!,"#MovieRelease,#Blockbuster",5147,787,992,73519,Incredible performance by the lead actor in #MovieRelease! A must watch!,0.0,neutral,6926,9.42056583242655
POST_00164,user_1661,2026-07-14 05:09:11.189091,Twitter,Terrible customer service when I tried to return my #Smartphone2024. Never again.,"#Smartphone2024,#TechLaunch,#GadgetReview",5704,2161,1563,85859,Terrible customer service when I tried to return my #Smartphone2024. Never again.,-0.4767,negative,9428,10.980666200791987
POST_00165,user_3235,2026-07-14 09:05:11.189091,Twitter,"#MovieRelease had some decent moments, but overall average. https://example.com/link","#Blockbuster,#Cinema,#MovieRelease",1654,236,113,83974,"#MovieRelease had some decent moments, but overall average.",0.0,neutral,2003,2.385233700506103
POST_00166,user_980,2026-07-30 10:20:11.189091,Twitter,Worst ending ever. #Cinema completely ruined the franchise. @user_980 ,#MovieRelease,4728,547,670,88177,Worst ending ever. #Cinema completely ruined the franchise.,-0.8173,negative,5945,6.742044500895915
POST_00167,user_2074,2026-07-31 02:03:11.189091,Instagram,Incredible performance by the lead actor in #Blockbuster! A must watch!,"#MovieRelease,#Blockbuster,#Cinema",805,80,118,49167,Incredible performance by the lead actor in #Blockbuster! A must watch!,0.6688,positive,1003,2.0399446794663194
POST_00168,user_2649,2026-07-11 20:39:11.189091,Reddit,Worst ending ever. #Blockbuster completely ruined the franchise. @user_2649 ,"#Blockbuster,#MovieRelease,#Cinema",2428,337,138,52873,Worst ending ever. #Blockbuster completely ruined the franchise.,-0.5563,negative,2903,5.490411166168627
POST_00169,user_131,2026-07-15 21:37:11.189091,Reddit,Going to see #Cinema tonight. Hope it's good.,"#Blockbuster,#MovieRelease,#Cinema",1484,469,205,82518,Going to see #Cinema tonight. Hope it's good.,0.7003,positive,2158,2.6151552975678327
POST_00170,user_1142,2026-07-22 22:59:11.189091,Instagram,Getting snacks ready for the #ChampionshipGame. https://example.com/link,"#ChampionshipGame,#Finals,#SportsEvent",141,39,15,14921,Getting snacks ready for the #ChampionshipGame.,0.3612,positive,195,1.3067953357458786
POST_00171,user_14,2026-07-20 15:37:11.189091,Reddit,"Wow, the screen on the #Smartphone2024 is stunning. https://example.com/link","#TechLaunch,#Smartphone2024",673,163,80,41850,"Wow, the screen on the #Smartphone2024 is stunning.",0.7506,positive,916,2.1887171154811114
POST_00172,user_4340,2026-07-18 04:43:11.189091,Twitter,Just watched the new #Blockbuster. Best movie of the year! 🍿🎬,"#Cinema,#Blockbuster",1681,599,380,24217,Just watched the new #Blockbuster. Best movie of the year!,0.8553,positive,2660,10.983565942687257
POST_00173,user_2781,2026-07-18 10:23:11.189091,Reddit,"#MovieRelease had some decent moments, but overall average. https://example.com/link","#Blockbuster,#Cinema,#MovieRelease",732,276,97,27791,"#MovieRelease had some decent moments, but overall average.",0.0,neutral,1105,3.975964306275187
POST_00174,user_731,2026-08-10 12:59:11.189091,Instagram,"Tickets for #Blockbuster were expensive, hope it's worth it.",#Blockbuster,208,68,21,8011,"Tickets for #Blockbuster were expensive, hope it's worth it.",0.8271,positive,297,3.7069395906140787
POST_00175,user_2542,2026-08-03 00:52:11.189091,Twitter,"#MovieRelease had some decent moments, but overall average.","#Blockbuster,#MovieRelease,#Cinema",294,102,79,15320,"#MovieRelease had some decent moments, but overall average.",0.0,neutral,475,3.1003198224658965
POST_00176,user_4780,2026-07-30 08:47:11.189091,Twitter,Worst performance by my team in the #SportsEvent. Embarrassing. @user_4780 ,"#SportsEvent,#ChampionshipGame",81,19,19,41479,Worst performance by my team in the #SportsEvent. Embarrassing.,-0.7717,negative,119,0.28688524590163933
POST_00177,user_4959,2026-07-28 05:35:11.189091,Twitter,Terrible refereeing ruined the #ChampionshipGame. Absolutely rigged. 🗑️,#Finals,712,167,63,21190,Terrible refereeing ruined the #ChampionshipGame. Absolutely rigged.,-0.8399,negative,942,4.445283375017696
POST_00178,user_3081,2026-07-22 04:10:11.189091,Instagram,Finally got my hands on the #GadgetReview device. Loving the battery life. 😍,"#Smartphone2024,#TechLaunch,#GadgetReview",294,110,21,7222,Finally got my hands on the #GadgetReview device. Loving the battery life.,0.5994,positive,425,5.883981725044995
POST_00179,user_1584,2026-07-23 13:46:11.189091,Twitter,Worst performance by my team in the #Finals. Embarrassing.,"#Finals,#ChampionshipGame,#SportsEvent",556,113,98,41100,Worst performance by my team in the #Finals. Embarrassing.,-0.7717,negative,767,1.8661346439259385
POST_00180,user_2658,2026-07-28 18:49:11.189091,Twitter,Worst ending ever. #Blockbuster completely ruined the franchise. @user_2658 ,"#Blockbuster,#Cinema,#MovieRelease",2249,317,364,53583,Worst ending ever. #Blockbuster completely ruined the franchise.,-0.5563,negative,2930,5.468050164228128
POST_00181,user_2693,2026-08-03 01:34:11.189091,Instagram,Can't believe we lost the #ChampionshipGame. So heartbroken right now.,"#Finals,#SportsEvent",3678,588,1038,40120,Can't believe we lost the #ChampionshipGame. So heartbroken right now.,-0.6735,negative,5304,13.22000947134917
POST_00182,user_2458,2026-07-21 21:42:11.189091,Instagram,Worst ending ever. #Cinema completely ruined the franchise.,"#MovieRelease,#Cinema",733,228,181,20990,Worst ending ever. #Cinema completely ruined the franchise.,-0.8173,negative,1142,5.44042684960221
POST_00183,user_378,2026-08-09 06:50:11.189091,Reddit,Getting snacks ready for the #SportsEvent. https://example.com/link,"#ChampionshipGame,#Finals,#SportsEvent",1915,374,124,47207,Getting snacks ready for the #SportsEvent.,0.3612,positive,2413,5.111421792916455
POST_00184,user_1148,2026-07-25 10:44:11.189091,Instagram,Getting snacks ready for the #ChampionshipGame.,"#Finals,#SportsEvent",549,204,35,95811,Getting snacks ready for the #ChampionshipGame.,0.3612,positive,788,0.822443952740784
POST_00185,user_4000,2026-07-13 02:51:11.189091,Instagram,Best #Smartphone2024 I have ever used. Highly recommend!,"#TechLaunch,#GadgetReview",400,61,77,7764,Best #Smartphone2024 I have ever used. Highly recommend!,0.8066,positive,538,6.928525434642626
POST_00186,user_4242,2026-08-04 12:11:11.189091,Instagram,Finally got my hands on the #Smartphone2024 device. Loving the battery life. 😍,#GadgetReview,1304,241,300,12566,Finally got my hands on the #Smartphone2024 device. Loving the battery life.,0.5994,positive,1845,14.681308188111721
POST_00187,user_3606,2026-07-31 05:38:11.189091,Instagram,Just saw the specs for the #GadgetReview phone. They seem okay.,#Smartphone2024,1244,261,297,75009,Just saw the specs for the #GadgetReview phone. They seem okay.,0.2263,positive,1802,2.4023463538194907
POST_00188,user_4987,2026-07-13 23:02:11.189091,Instagram,What a thrilling finish to the #ChampionshipGame! Unbelievable! 🏆🔥,"#Finals,#ChampionshipGame",147,46,35,36330,What a thrilling finish to the #ChampionshipGame! Unbelievable!,0.6688,positive,228,0.6275632380061105
POST_00189,user_3739,2026-08-08 12:58:11.189091,Twitter,What a thrilling finish to the #Finals! Unbelievable! 🏆🔥,#SportsEvent,3106,819,440,34643,What a thrilling finish to the #Finals! Unbelievable!,0.6688,positive,4365,12.599584343609283
POST_00190,user_1720,2026-08-07 12:57:11.189091,Reddit,Best #GadgetReview I have ever used. Highly recommend!,"#Smartphone2024,#TechLaunch",995,227,199,38506,Best #GadgetReview I have ever used. Highly recommend!,0.8066,positive,1421,3.690238138520269
POST_00191,user_3710,2026-08-06 01:50:11.189091,Reddit,Anyone getting the new #GadgetReview? I can't decide.,#GadgetReview,126,30,12,25099,Anyone getting the new #GadgetReview? I can't decide.,0.0,neutral,168,0.6693227091633466
POST_00192,user_605,2026-07-22 23:36:11.189091,Twitter,Watching #Cinema with my friends this weekend.,#Cinema,700,271,80,94985,Watching #Cinema with my friends this weekend.,0.4767,positive,1051,1.1064788495146654
POST_00193,user_596,2026-07-27 11:37:11.189091,Instagram,Best #GadgetReview I have ever used. Highly recommend!,"#TechLaunch,#GadgetReview,#Smartphone2024",2638,338,325,52686,Best #GadgetReview I have ever used. Highly recommend!,0.8066,positive,3301,6.265302636323951
POST_00194,user_2759,2026-07-24 20:13:11.189091,Reddit,Going to see #MovieRelease tonight. Hope it's good. @user_2759 ,"#Cinema,#Blockbuster,#MovieRelease",935,296,183,53064,Going to see #MovieRelease tonight. Hope it's good.,0.7003,positive,1414,2.6646565532837085
POST_00195,user_1139,2026-07-29 17:09:11.189091,Instagram,Watching #Cinema with my friends this weekend. https://example.com/link,"#Cinema,#MovieRelease,#Blockbuster",1098,232,258,38585,Watching #Cinema with my friends this weekend.,0.4767,positive,1588,4.115482299279531
POST_00196,user_510,2026-07-28 00:33:11.189091,Instagram,Finally got my hands on the #Smartphone2024 device. Loving the battery life. 😍,#TechLaunch,4544,1071,644,83083,Finally got my hands on the #Smartphone2024 device. Loving the battery life.,0.5994,positive,6259,7.533339752539598
POST_00197,user_3609,2026-08-01 09:46:11.189091,Instagram,The #SportsEvent is pretty competitive this year. https://example.com/link,"#ChampionshipGame,#Finals",855,334,130,30254,The #SportsEvent is pretty competitive this year.,0.5994,positive,1319,4.359609981821187
POST_00198,user_267,2026-07-20 13:55:11.189091,Twitter,The broadcast quality for the #SportsEvent is awful. 😡 @user_267 ,"#Finals,#SportsEvent",4048,1562,386,57013,The broadcast quality for the #SportsEvent is awful.,-0.4588,negative,5996,10.516715192759673
POST_00199,user_3932,2026-07-28 23:32:11.189091,Reddit,Terrible refereeing ruined the #ChampionshipGame. Absolutely rigged. 🗑️,#SportsEvent,3483,778,198,55157,Terrible refereeing ruined the #ChampionshipGame. Absolutely rigged.,-0.8399,negative,4459,8.084049457920882
POST_00200,user_1344,2026-07-12 18:03:11.189091,Twitter,Incredible display of skill at the #ChampionshipGame today.,#ChampionshipGame,2799,655,818,70942,Incredible display of skill at the #ChampionshipGame today.,0.0,neutral,4272,6.021735759694403
POST_00201,user_3500,2026-07-31 03:51:11.189091,Twitter,Extremely disappointed with the #GadgetReview phone. Overheating issues are terrible. 😡,#GadgetReview,5984,1815,841,95605,Extremely disappointed with the #GadgetReview phone. Overheating issues are terrible.,-0.7574,negative,8640,9.03708972240236
POST_00202,user_703,2026-07-18 05:35:11.189091,Instagram,The battery life on this #Smartphone2024 is a joke. 🗑️ https://example.com/link,#GadgetReview,214,65,45,41271,The battery life on this #Smartphone2024 is a joke.,0.296,positive,324,0.7850358596627253
POST_00203,user_3483,2026-07-14 06:56:11.189091,Instagram,Worst performance by my team in the #ChampionshipGame. Embarrassing.,#Finals,389,104,20,63287,Worst performance by my team in the #ChampionshipGame. Embarrassing.,-0.7717,negative,513,0.810580204778157
POST_00204,user_2539,2026-07-23 03:36:11.189091,Reddit,"#Blockbuster had some decent moments, but overall average. https://example.com/link",#Cinema,36,11,2,1091,"#Blockbuster had some decent moments, but overall average.",0.3506,positive,49,4.487179487179487
POST_00205,user_2750,2026-08-07 03:17:11.189091,Reddit,I was on the edge of my seat during #Cinema!,"#MovieRelease,#Blockbuster",1270,252,332,39652,I was on the edge of my seat during #Cinema!,0.0,neutral,1854,4.675560487226692
POST_00206,user_4080,2026-07-20 22:27:11.189091,Instagram,Worst performance by my team in the #ChampionshipGame. Embarrassing. @user_4080 ,"#SportsEvent,#ChampionshipGame,#Finals",5003,1695,624,63592,Worst performance by my team in the #ChampionshipGame. Embarrassing.,-0.7717,negative,7322,11.513845863538439
POST_00207,user_2466,2026-07-25 23:31:11.189091,Reddit,My team finally won the #Finals! Best day ever!,"#Finals,#SportsEvent,#ChampionshipGame",4792,1308,1433,75020,My team finally won the #Finals! Best day ever!,0.8585,positive,7533,10.041188467229176
POST_00208,user_3259,2026-08-02 10:58:11.189091,Reddit,The #Finals is pretty competitive this year.,"#ChampionshipGame,#SportsEvent,#Finals",2345,249,552,52110,The #Finals is pretty competitive this year.,0.5994,positive,3146,6.037113085528967
POST_00209,user_2990,2026-07-19 11:30:11.189091,Instagram,Just saw the specs for the #Smartphone2024 phone. They seem okay. @user_2990 ,"#GadgetReview,#Smartphone2024",116,38,12,9847,Just saw the specs for the #Smartphone2024 phone. They seem okay.,0.2263,positive,166,1.6856214459788788
POST_00210,user_4049,2026-07-30 00:36:11.189091,Instagram,Terrible customer service when I tried to return my #Smartphone2024. Never again. https://example.com/link,#Smartphone2024,3103,416,265,65415,Terrible customer service when I tried to return my #Smartphone2024. Never again.,-0.4767,negative,3784,5.784517549223431
POST_00211,user_4768,2026-08-11 07:30:11.189091,Reddit,The battery life on this #TechLaunch is a joke. 🗑️,#TechLaunch,3088,488,682,43487,The battery life on this #TechLaunch is a joke.,0.296,positive,4258,9.79120676968359
POST_00212,user_4468,2026-07-20 16:56:11.189091,Reddit,Just saw the specs for the #GadgetReview phone. They seem okay. https://example.com/link,#TechLaunch,284,89,51,9200,Just saw the specs for the #GadgetReview phone. They seem okay.,0.2263,positive,424,4.608194761438974
POST_00213,user_1083,2026-07-17 16:05:11.189091,Twitter,The new #GadgetReview phone is absolutely amazing! The camera is unreal! 📱✨,"#Smartphone2024,#GadgetReview,#TechLaunch",146,18,20,9817,The new #GadgetReview phone is absolutely amazing! The camera is unreal!,0.6885,positive,184,1.8741087797922182
POST_00214,user_1681,2026-08-04 13:03:11.189091,Reddit,Who do you think will win the #ChampionshipGame?,"#ChampionshipGame,#Finals,#SportsEvent",2897,469,523,79729,Who do you think will win the #ChampionshipGame?,0.5859,positive,3889,4.877712278941428
POST_00215,user_3438,2026-08-06 22:01:11.189091,Reddit,Anyone getting the new #GadgetReview? I can't decide.,"#Smartphone2024,#GadgetReview,#TechLaunch",2502,467,323,58792,Anyone getting the new #GadgetReview? I can't decide.,0.0,neutral,3292,5.599306039834675
POST_00216,user_4734,2026-07-21 14:19:11.189091,Twitter,Getting snacks ready for the #Finals.,"#SportsEvent,#ChampionshipGame,#Finals",1552,271,171,53588,Getting snacks ready for the #Finals.,0.3612,positive,1994,3.7209128739106907
POST_00217,user_1954,2026-08-05 22:27:11.189091,Instagram,Will wait for the reviews before buying the #Smartphone2024 device.,"#GadgetReview,#Smartphone2024,#TechLaunch",653,76,107,43207,Will wait for the reviews before buying the #Smartphone2024 device.,0.0,neutral,836,1.9348268839103868
POST_00218,user_2231,2026-07-20 20:53:11.189091,Reddit,The visual effects in #Blockbuster blew my mind. 10/10.,"#MovieRelease,#Cinema",476,122,100,33336,The visual effects in #Blockbuster blew my mind. 10/10.,0.5994,positive,698,2.093769685334613
POST_00219,user_1827,2026-08-10 22:03:11.189091,Twitter,The new #TechLaunch phone is absolutely amazing! The camera is unreal! 📱✨,"#TechLaunch,#GadgetReview",2651,529,610,32419,The new #TechLaunch phone is absolutely amazing! The camera is unreal!,0.6885,positive,3790,11.690314620604566
POST_00220,user_4127,2026-08-06 23:26:11.189091,Twitter,What a waste of time. #Cinema was completely boring. 🥱,"#Blockbuster,#MovieRelease",1814,712,298,49419,What a waste of time. #Cinema was completely boring.,-0.659,negative,2824,5.714285714285714
POST_00221,user_1476,2026-07-23 04:35:11.189091,Twitter,Extremely disappointed with the #GadgetReview phone. Overheating issues are terrible. 😡 https://example.com/link,"#GadgetReview,#Smartphone2024",3509,1316,576,51600,Extremely disappointed with the #GadgetReview phone. Overheating issues are terrible.,-0.7574,negative,5401,10.466851417608186
POST_00222,user_262,2026-07-14 15:55:11.189091,Reddit,Will wait for the reviews before buying the #TechLaunch device. @user_262 ,#TechLaunch,69,19,12,2424,Will wait for the reviews before buying the #TechLaunch device.,0.0,neutral,100,4.123711340206185
POST_00223,user_4974,2026-07-28 17:06:11.189091,Reddit,Not worth the upgrade. #GadgetReview is just a rehash of last year's model.,"#Smartphone2024,#TechLaunch",845,148,242,71385,Not worth the upgrade. #GadgetReview is just a rehash of last year's model.,-0.1695,negative,1235,1.730031098534727
POST_00224,user_2548,2026-08-04 07:08:11.189091,Instagram,Who do you think will win the #SportsEvent?,#ChampionshipGame,2236,513,576,85854,Who do you think will win the #SportsEvent?,0.5859,positive,3325,3.872808805544232
POST_00225,user_1645,2026-08-01 21:30:11.189091,Reddit,Finally got my hands on the #Smartphone2024 device. Loving the battery life. 😍,"#Smartphone2024,#GadgetReview,#TechLaunch",639,196,46,67627,Finally got my hands on the #Smartphone2024 device. Loving the battery life.,0.5994,positive,881,1.3027148518365175
POST_00226,user_575,2026-07-23 17:57:11.189091,Instagram,Best #GadgetReview I have ever used. Highly recommend! @user_575 ,#GadgetReview,1733,223,366,33807,Best #GadgetReview I have ever used. Highly recommend!,0.8066,positive,2322,6.868196876478939
POST_00227,user_1983,2026-07-17 02:49:11.189091,Reddit,What a waste of time. #MovieRelease was completely boring. 🥱,"#Blockbuster,#Cinema",2163,743,440,35412,What a waste of time. #MovieRelease was completely boring.,-0.659,negative,3346,9.448507610199645
POST_00228,user_2312,2026-08-05 02:40:11.189091,Instagram,Can't believe we lost the #Finals. So heartbroken right now.,#ChampionshipGame,4604,1298,429,88186,Can't believe we lost the #Finals. So heartbroken right now.,-0.6735,negative,6331,7.179062673636703
POST_00229,user_923,2026-07-20 03:04:11.189091,Instagram,Anyone getting the new #GadgetReview? I can't decide.,"#Smartphone2024,#GadgetReview,#TechLaunch",2585,480,772,56422,Anyone getting the new #GadgetReview? I can't decide.,0.0,neutral,3837,6.8004182691455615
POST_00230,user_4878,2026-07-18 18:33:11.189091,Twitter,My team finally won the #Finals! Best day ever! https://example.com/link,"#ChampionshipGame,#SportsEvent,#Finals",2123,677,218,77799,My team finally won the #Finals! Best day ever!,0.8585,positive,3018,3.8791773778920313
POST_00231,user_3697,2026-07-20 13:42:11.189091,Twitter,"Wow, the screen on the #TechLaunch is stunning. @user_3697 ",#Smartphone2024,969,134,226,12150,"Wow, the screen on the #TechLaunch is stunning.",0.7506,positive,1329,10.937371409760512
POST_00232,user_4609,2026-07-26 18:15:11.189091,Reddit,The plot in #Blockbuster made no sense. Avoid at all costs. https://example.com/link,"#Blockbuster,#MovieRelease,#Cinema",259,68,40,5906,The plot in #Blockbuster made no sense. Avoid at all costs.,0.5556,positive,367,6.212967665481632
POST_00233,user_1978,2026-07-13 18:55:11.189091,Instagram,Worst performance by my team in the #SportsEvent. Embarrassing.,"#Finals,#SportsEvent",870,129,145,93690,Worst performance by my team in the #SportsEvent. Embarrassing.,-0.7717,negative,1144,1.2210351047592618
POST_00234,user_71,2026-08-01 16:42:11.189091,Reddit,Anyone getting the new #Smartphone2024? I can't decide.,"#TechLaunch,#Smartphone2024,#GadgetReview",2302,554,151,89091,Anyone getting the new #Smartphone2024? I can't decide.,0.0,neutral,3007,3.3751627531091453
POST_00235,user_2171,2026-08-09 10:38:11.189091,Instagram,Terrible customer service when I tried to return my #Smartphone2024. Never again.,#GadgetReview,1201,379,340,16051,Terrible customer service when I tried to return my #Smartphone2024. Never again.,-0.4767,negative,1920,11.96112633939696
POST_00236,user_1229,2026-07-16 15:47:11.189091,Instagram,"Wow, the screen on the #Smartphone2024 is stunning. @user_1229  https://example.com/link",#TechLaunch,1299,303,125,57032,"Wow, the screen on the #Smartphone2024 is stunning.",0.7506,positive,1727,3.028071467396069
POST_00237,user_4285,2026-07-13 09:39:11.189091,Reddit,Getting snacks ready for the #Finals. https://example.com/link,"#Finals,#SportsEvent,#ChampionshipGame",1467,538,288,29567,Getting snacks ready for the #Finals.,0.3612,positive,2293,7.755005411255411
POST_00238,user_980,2026-07-27 14:34:11.189091,Instagram,"Tickets for #Blockbuster were expensive, hope it's worth it.","#MovieRelease,#Cinema",648,128,106,17023,"Tickets for #Blockbuster were expensive, hope it's worth it.",0.8271,positive,882,5.180921052631579
POST_00239,user_565,2026-07-29 11:27:11.189091,Twitter,Who do you think will win the #Finals?,"#ChampionshipGame,#Finals",3024,715,551,66432,Who do you think will win the #Finals?,0.5859,positive,4290,6.457634007195219
POST_00240,user_3037,2026-08-11 14:17:11.189091,Twitter,I fell asleep halfway through #Cinema. @user_3037 ,"#Blockbuster,#Cinema,#MovieRelease",7871,3120,1741,77047,I fell asleep halfway through #Cinema.,0.0,neutral,12732,16.52476378361541
POST_00241,user_4237,2026-07-31 01:28:11.189091,Twitter,Incredible display of skill at the #Finals today.,"#Finals,#ChampionshipGame",3627,682,831,64574,Incredible display of skill at the #Finals today.,0.0,neutral,5140,7.959736740224545
POST_00242,user_4031,2026-08-02 19:27:11.189091,Instagram,The broadcast quality for the #Finals is awful. 😡,#ChampionshipGame,5327,1063,1549,97386,The broadcast quality for the #Finals is awful.,-0.4588,negative,7939,8.152012075533696
POST_00243,user_143,2026-07-28 13:30:11.189091,Instagram,Terrible customer service when I tried to return my #TechLaunch. Never again. https://example.com/link,"#Smartphone2024,#TechLaunch,#GadgetReview",516,197,144,6688,Terrible customer service when I tried to return my #TechLaunch. Never again.,-0.4767,negative,857,12.812079533562565
POST_00244,user_3223,2026-07-19 07:06:11.189091,Instagram,Extremely disappointed with the #TechLaunch phone. Overheating issues are terrible. 😡,"#TechLaunch,#GadgetReview",184,23,20,6702,Extremely disappointed with the #TechLaunch phone. Overheating issues are terrible.,-0.7574,negative,227,3.386543338803521
POST_00245,user_1450,2026-07-31 10:52:11.189091,Instagram,Best #Smartphone2024 I have ever used. Highly recommend! https://example.com/link,#GadgetReview,5846,1440,1595,69332,Best #Smartphone2024 I have ever used. Highly recommend!,0.8066,positive,8881,12.809196198058645
POST_00246,user_4925,2026-07-23 11:08:11.189091,Instagram,Extremely disappointed with the #TechLaunch phone. Overheating issues are terrible. 😡,#GadgetReview,2290,432,471,84643,Extremely disappointed with the #TechLaunch phone. Overheating issues are terrible.,-0.7574,negative,3193,3.7722697415055997
POST_00247,user_2134,2026-08-07 03:09:11.189091,Twitter,Watching the #SportsEvent with friends. Game is tied.,"#SportsEvent,#ChampionshipGame,#Finals",238,53,65,14680,Watching the #SportsEvent with friends. Game is tied.,0.4767,positive,356,2.4249029357673186
POST_00248,user_4330,2026-08-01 19:59:11.189091,Reddit,Terrible refereeing ruined the #ChampionshipGame. Absolutely rigged. 🗑️ https://example.com/link,"#Finals,#SportsEvent,#ChampionshipGame",103,19,15,4080,Terrible refereeing ruined the #ChampionshipGame. Absolutely rigged.,-0.8399,negative,137,3.357020338152414
POST_00249,user_2949,2026-07-23 02:35:11.189091,Reddit,Can't stop thinking about that game winning play at the #SportsEvent! @user_2949 ,"#ChampionshipGame,#Finals",4720,1527,1103,69939,Can't stop thinking about that game winning play at the #SportsEvent!,0.7894,positive,7350,10.509007720903632
POST_00250,user_4800,2026-07-23 14:55:11.189091,Twitter,Anyone getting the new #Smartphone2024? I can't decide. @user_4800 ,#TechLaunch,913,157,101,39802,Anyone getting the new #Smartphone2024? I can't decide.,0.0,neutral,1171,2.941989297289149
POST_00251,user_4754,2026-07-14 09:41:11.189091,Twitter,Can't believe we lost the #SportsEvent. So heartbroken right now.,"#ChampionshipGame,#Finals",3780,1390,797,89653,Can't believe we lost the #SportsEvent. So heartbroken right now.,-0.6735,negative,5967,6.655587034599683
POST_00252,user_1149,2026-07-17 10:50:11.189091,Twitter,Terrible refereeing ruined the #SportsEvent. Absolutely rigged. 🗑️,#ChampionshipGame,2015,306,449,72663,Terrible refereeing ruined the #SportsEvent. Absolutely rigged.,-0.8399,negative,2770,3.8120664978531322
POST_00253,user_3505,2026-07-28 23:47:11.189091,Twitter,Watching the #Finals with friends. Game is tied.,"#SportsEvent,#ChampionshipGame,#Finals",1149,421,79,70893,Watching the #Finals with friends. Game is tied.,0.4767,positive,1649,2.326007842694727
POST_00254,user_3558,2026-07-25 07:43:11.189091,Instagram,Not worth the upgrade. #GadgetReview is just a rehash of last year's model.,"#TechLaunch,#Smartphone2024",2453,752,292,94299,Not worth the upgrade. #GadgetReview is just a rehash of last year's model.,-0.1695,negative,3497,3.708377518557794
POST_00255,user_3976,2026-08-04 17:08:11.189091,Instagram,The battery life on this #Smartphone2024 is a joke. 🗑️,#GadgetReview,578,69,82,7425,The battery life on this #Smartphone2024 is a joke.,0.296,positive,729,9.816859682197684
POST_00256,user_3213,2026-08-11 02:53:11.189091,Instagram,The new #Smartphone2024 phone is absolutely amazing! The camera is unreal! 📱✨,"#Smartphone2024,#TechLaunch",1616,305,120,58190,The new #Smartphone2024 phone is absolutely amazing! The camera is unreal!,0.6885,positive,2041,3.5074152360330637
POST_00257,user_4503,2026-07-30 11:13:11.189091,Reddit,I was on the edge of my seat during #Cinema!,"#Blockbuster,#Cinema",200,52,47,1678,I was on the edge of my seat during #Cinema!,0.0,neutral,299,17.80821917808219
POST_00258,user_580,2026-07-26 04:13:11.189091,Instagram,Worst performance by my team in the #Finals. Embarrassing. @user_580  https://example.com/link,"#ChampionshipGame,#Finals",3462,1328,641,90417,Worst performance by my team in the #Finals. Embarrassing.,-0.7717,negative,5431,6.006547368886726
POST_00259,user_430,2026-08-07 01:31:11.189091,Instagram,Not worth the upgrade. #TechLaunch is just a rehash of last year's model. https://example.com/link,"#Smartphone2024,#GadgetReview,#TechLaunch",2749,786,365,26918,Not worth the upgrade. #TechLaunch is just a rehash of last year's model.,-0.1695,negative,3900,14.4879081689513
POST_00260,user_3696,2026-07-31 22:11:11.189091,Twitter,Watching #MovieRelease with my friends this weekend.,"#Cinema,#MovieRelease,#Blockbuster",280,89,29,5955,Watching #MovieRelease with my friends this weekend.,0.4767,positive,398,6.6823371390194755
POST_00261,user_4729,2026-07-12 15:43:11.189091,Reddit,Not worth the upgrade. #GadgetReview is just a rehash of last year's model. @user_4729 ,"#TechLaunch,#Smartphone2024",7623,2726,1132,71892,Not worth the upgrade. #GadgetReview is just a rehash of last year's model.,-0.1695,negative,11481,15.969565882631132
POST_00262,user_16,2026-07-21 07:46:11.189091,Twitter,The visual effects in #MovieRelease blew my mind. 10/10.,"#Blockbuster,#Cinema,#MovieRelease",400,44,43,40922,The visual effects in #MovieRelease blew my mind. 10/10.,0.0,neutral,487,1.1900398309019378
POST_00263,user_1796,2026-07-17 18:37:11.189091,Instagram,Extremely disappointed with the #Smartphone2024 phone. Overheating issues are terrible. 😡,#TechLaunch,2049,705,153,34143,Extremely disappointed with the #Smartphone2024 phone. Overheating issues are terrible.,-0.7574,negative,2907,8.513940955951266
POST_00264,user_3513,2026-07-31 02:40:11.189091,Twitter,Getting snacks ready for the #SportsEvent.,"#Finals,#SportsEvent,#ChampionshipGame",1513,330,147,67233,Getting snacks ready for the #SportsEvent.,0.3612,positive,1990,2.959811999881013
POST_00265,user_2276,2026-08-02 08:39:11.189091,Twitter,Watching #Cinema with my friends this weekend. https://example.com/link,"#Blockbuster,#MovieRelease,#Cinema",63,21,6,2236,Watching #Cinema with my friends this weekend.,0.4767,positive,90,4.023245417970496
POST_00266,user_578,2026-08-07 15:28:11.189091,Reddit,Watching #Cinema with my friends this weekend. @user_578 ,#Blockbuster,2020,755,144,74708,Watching #Cinema with my friends this weekend.,0.4767,positive,2919,3.9071597799461912
POST_00267,user_9,2026-07-23 23:59:11.189091,Instagram,Terrible customer service when I tried to return my #Smartphone2024. Never again.,"#GadgetReview,#Smartphone2024,#TechLaunch",618,175,101,21344,Terrible customer service when I tried to return my #Smartphone2024. Never again.,-0.4767,negative,894,4.188334504567814
POST_00268,user_2398,2026-07-26 14:42:11.189091,Reddit,Incredible display of skill at the #SportsEvent today. https://example.com/link,#Finals,44,12,12,17663,Incredible display of skill at the #SportsEvent today.,0.0,neutral,68,0.3849637681159421
POST_00269,user_2433,2026-07-16 16:56:11.189091,Reddit,The new #Smartphone2024 phone is absolutely amazing! The camera is unreal! 📱✨ @user_2433 ,#GadgetReview,320,108,71,8978,The new #Smartphone2024 phone is absolutely amazing! The camera is unreal!,0.6885,positive,499,5.557411738500947
POST_00270,user_4918,2026-07-12 12:17:11.189091,Instagram,The #SportsEvent is pretty competitive this year. @user_4918 ,"#SportsEvent,#ChampionshipGame,#Finals",2672,613,565,59980,The #SportsEvent is pretty competitive this year.,0.5994,positive,3850,6.418699254764008
POST_00271,user_2228,2026-08-02 11:53:11.189091,Reddit,Extremely disappointed with the #GadgetReview phone. Overheating issues are terrible. 😡,#Smartphone2024,2418,463,512,75500,Extremely disappointed with the #GadgetReview phone. Overheating issues are terrible.,-0.7574,negative,3393,4.4939802121826204
POST_00272,user_656,2026-07-12 00:13:11.189091,Instagram,What a waste of time. #Cinema was completely boring. 🥱,"#Cinema,#MovieRelease,#Blockbuster",1645,444,418,69128,What a waste of time. #Cinema was completely boring.,-0.659,negative,2507,3.626553255507819
POST_00273,user_1555,2026-07-19 21:28:11.189091,Instagram,I was on the edge of my seat during #MovieRelease!,#Blockbuster,4165,1239,1096,92297,I was on the edge of my seat during #MovieRelease!,0.0,neutral,6500,7.042406119309194
POST_00274,user_3131,2026-08-02 23:22:11.189091,Instagram,"#Cinema had some decent moments, but overall average. https://example.com/link","#Blockbuster,#Cinema",1995,227,580,60420,"#Cinema had some decent moments, but overall average.",0.0,neutral,2802,4.637460485592757
POST_00275,user_2793,2026-07-14 02:11:11.189091,Instagram,"Wow, the screen on the #Smartphone2024 is stunning. @user_2793 ","#TechLaunch,#GadgetReview,#Smartphone2024",1488,338,126,72532,"Wow, the screen on the #Smartphone2024 is stunning.",0.7506,positive,1952,2.691188838183999
POST_00276,user_3147,2026-07-19 08:02:11.189091,Reddit,The broadcast quality for the #SportsEvent is awful. 😡 @user_3147  https://example.com/link,"#Finals,#ChampionshipGame,#SportsEvent",493,122,121,23247,The broadcast quality for the #SportsEvent is awful.,-0.4588,negative,736,3.1658637302133514
POST_00277,user_1135,2026-07-23 16:53:11.189091,Twitter,The visual effects in #Cinema blew my mind. 10/10.,"#Blockbuster,#Cinema,#MovieRelease",1121,423,315,14647,The visual effects in #Cinema blew my mind. 10/10.,0.0,neutral,1859,12.691152375750955
POST_00278,user_1642,2026-07-19 22:23:11.189091,Reddit,"Tickets for #MovieRelease were expensive, hope it's worth it. @user_1642 ",#MovieRelease,1150,415,311,86098,"Tickets for #MovieRelease were expensive, hope it's worth it.",0.5859,positive,1876,2.1788870950882124
POST_00279,user_2421,2026-07-28 08:21:11.189091,Instagram,The new #TechLaunch phone is absolutely amazing! The camera is unreal! 📱✨,#GadgetReview,535,144,50,37962,The new #TechLaunch phone is absolutely amazing! The camera is unreal!,0.6885,positive,729,1.920290809472381
POST_00280,user_3268,2026-07-22 02:01:11.189091,Instagram,What a thrilling finish to the #ChampionshipGame! Unbelievable! 🏆🔥 https://example.com/link,"#ChampionshipGame,#SportsEvent",2080,706,540,17846,What a thrilling finish to the #ChampionshipGame! Unbelievable!,0.6688,positive,3326,18.636185353280663
POST_00281,user_3542,2026-07-22 00:56:11.189091,Twitter,Watching #MovieRelease with my friends this weekend. @user_3542  https://example.com/link,#Blockbuster,2541,856,259,63321,Watching #MovieRelease with my friends this weekend.,0.4767,positive,3656,5.773664761062506
POST_00282,user_930,2026-08-11 00:33:11.189091,Reddit,The visual effects in #MovieRelease blew my mind. 10/10. @user_930  https://example.com/link,"#MovieRelease,#Cinema,#Blockbuster",57,9,8,1659,The visual effects in #MovieRelease blew my mind. 10/10.,0.0,neutral,74,4.457831325301205
POST_00283,user_2347,2026-07-25 11:58:11.189091,Reddit,The plot in #Blockbuster made no sense. Avoid at all costs. https://example.com/link,"#Blockbuster,#MovieRelease,#Cinema",583,108,87,11946,The plot in #Blockbuster made no sense. Avoid at all costs.,0.5556,positive,778,6.512095086632627
POST_00284,user_290,2026-08-05 01:18:11.189091,Instagram,The battery life on this #Smartphone2024 is a joke. 🗑️ https://example.com/link,"#TechLaunch,#Smartphone2024",3379,910,273,62707,The battery life on this #Smartphone2024 is a joke.,0.296,positive,4562,7.274988837149965
POST_00285,user_1562,2026-07-12 12:57:11.189091,Twitter,Best #TechLaunch I have ever used. Highly recommend!,#GadgetReview,8675,1637,1625,75507,Best #TechLaunch I have ever used. Highly recommend!,0.8066,positive,11937,15.808920909042751
POST_00286,user_222,2026-08-08 02:07:11.189091,Reddit,The visual effects in #Blockbuster blew my mind. 10/10. https://example.com/link,"#Cinema,#MovieRelease",1551,288,262,51522,The visual effects in #Blockbuster blew my mind. 10/10.,0.5994,positive,2101,4.0777905013295035
POST_00287,user_2224,2026-07-16 09:49:11.189091,Instagram,Not worth the upgrade. #GadgetReview is just a rehash of last year's model.,"#Smartphone2024,#GadgetReview,#TechLaunch",2137,853,388,50210,Not worth the upgrade. #GadgetReview is just a rehash of last year's model.,-0.1695,negative,3378,6.727609487960804
POST_00288,user_3652,2026-07-23 18:21:11.189091,Reddit,The broadcast quality for the #SportsEvent is awful. 😡,"#SportsEvent,#Finals",2462,905,562,26328,The broadcast quality for the #SportsEvent is awful.,-0.4588,negative,3929,14.922708800182308
POST_00289,user_3878,2026-07-11 21:45:11.189091,Instagram,Incredible performance by the lead actor in #Cinema! A must watch! @user_3878 ,#Cinema,6167,1713,710,91497,Incredible performance by the lead actor in #Cinema! A must watch!,0.0,neutral,8590,9.388183348269907
POST_00290,user_2063,2026-08-02 21:35:11.189091,Reddit,Incredible display of skill at the #SportsEvent today.,"#Finals,#SportsEvent",5731,2214,606,66156,Incredible display of skill at the #SportsEvent today.,0.0,neutral,8551,12.925314025726681
POST_00291,user_3638,2026-08-03 07:38:11.189091,Twitter,Who do you think will win the #ChampionshipGame? https://example.com/link,"#ChampionshipGame,#Finals,#SportsEvent",692,133,94,23371,Who do you think will win the #ChampionshipGame?,0.5859,positive,919,3.9320554509669687
POST_00292,user_3286,2026-07-22 20:01:11.189091,Reddit,Best #Smartphone2024 I have ever used. Highly recommend! https://example.com/link,#GadgetReview,8,1,2,636,Best #Smartphone2024 I have ever used. Highly recommend!,0.8066,positive,11,1.726844583987441
POST_00293,user_609,2026-07-26 16:36:11.189091,Instagram,Who do you think will win the #Finals?,"#SportsEvent,#Finals,#ChampionshipGame",351,37,18,97763,Who do you think will win the #Finals?,0.5859,positive,406,0.4152857902704472
POST_00294,user_4893,2026-07-14 13:08:11.189091,Instagram,Just saw the specs for the #Smartphone2024 phone. They seem okay.,#Smartphone2024,3444,631,1007,98742,Just saw the specs for the #Smartphone2024 phone. They seem okay.,0.2263,positive,5082,5.146693942861773
POST_00295,user_499,2026-08-10 22:17:11.189091,Twitter,Not worth the upgrade. #Smartphone2024 is just a rehash of last year's model.,#GadgetReview,5160,1744,996,84261,Not worth the upgrade. #Smartphone2024 is just a rehash of last year's model.,-0.1695,negative,7900,9.375519213880516
POST_00296,user_4633,2026-08-07 16:25:11.189091,Reddit,The new #GadgetReview phone is absolutely amazing! The camera is unreal! 📱✨ @user_4633  https://example.com/link,#TechLaunch,251,63,56,30778,The new #GadgetReview phone is absolutely amazing! The camera is unreal!,0.6885,positive,370,1.2021183274310407
POST_00297,user_4054,2026-07-29 08:44:11.189091,Instagram,"#Cinema had some decent moments, but overall average.","#MovieRelease,#Cinema",505,125,65,25709,"#Cinema had some decent moments, but overall average.",0.0,neutral,695,2.7032283158304162
POST_00298,user_167,2026-08-11 04:38:11.189091,Instagram,What a waste of time. #Blockbuster was completely boring. 🥱 https://example.com/link,"#Blockbuster,#Cinema",627,215,76,40158,What a waste of time. #Blockbuster was completely boring.,-0.1263,negative,918,2.285913493861899
POST_00299,user_4149,2026-08-02 18:59:11.189091,Instagram,Not worth the upgrade. #GadgetReview is just a rehash of last year's model. @user_4149 ,"#GadgetReview,#TechLaunch,#Smartphone2024",10416,3502,2179,97737,Not worth the upgrade. #GadgetReview is just a rehash of last year's model.,-0.1695,negative,16097,16.46954101782316
POST_00300,user_3848,2026-07-13 00:10:11.189091,Reddit,Incredible display of skill at the #ChampionshipGame today. @user_3848 ,"#SportsEvent,#ChampionshipGame,#Finals",4853,1038,828,80621,Incredible display of skill at the #ChampionshipGame today.,0.0,neutral,6719,8.333953511448488
POST_00301,user_3089,2026-07-21 07:41:11.189091,Twitter,What a waste of time. #MovieRelease was completely boring. 🥱 @user_3089 ,"#Cinema,#Blockbuster",656,78,98,48470,What a waste of time. #MovieRelease was completely boring.,-0.659,negative,832,1.7164902725340925
POST_00302,user_1671,2026-07-28 21:12:11.189091,Instagram,Incredible performance by the lead actor in #Cinema! A must watch! @user_1671  https://example.com/link,"#Cinema,#MovieRelease,#Blockbuster",3497,1350,602,55712,Incredible performance by the lead actor in #Cinema! A must watch!,0.0,neutral,5449,9.780482113689803
POST_00303,user_310,2026-07-13 01:40:11.189091,Twitter,Will wait for the reviews before buying the #GadgetReview device. @user_310 ,"#Smartphone2024,#GadgetReview",119,26,8,4770,Will wait for the reviews before buying the #GadgetReview device.,0.0,neutral,153,3.20687486900021
POST_00304,user_4506,2026-08-04 15:35:11.189091,Instagram,Can't stop thinking about that game winning play at the #ChampionshipGame!,"#SportsEvent,#Finals,#ChampionshipGame",4600,1511,688,53033,Can't stop thinking about that game winning play at the #ChampionshipGame!,0.7894,positive,6799,12.820077686012747
POST_00305,user_318,2026-08-04 16:58:11.189091,Reddit,The #SportsEvent is pretty competitive this year.,"#SportsEvent,#ChampionshipGame,#Finals",225,26,63,30826,The #SportsEvent is pretty competitive this year.,0.5994,positive,314,1.0185876017776625
POST_00306,user_2008,2026-08-03 09:20:11.189091,Twitter,The battery life on this #TechLaunch is a joke. 🗑️ @user_2008 ,"#TechLaunch,#GadgetReview",701,202,194,66624,The battery life on this #TechLaunch is a joke.,0.296,positive,1097,1.6465290806754223
POST_00307,user_585,2026-07-22 05:40:11.189091,Reddit,Watching #Blockbuster with my friends this weekend. https://example.com/link,"#MovieRelease,#Cinema,#Blockbuster",942,197,238,20039,Watching #Blockbuster with my friends this weekend.,0.7906,positive,1377,6.87125748502994
POST_00308,user_897,2026-07-21 03:24:11.189091,Instagram,The battery life on this #TechLaunch is a joke. 🗑️,"#Smartphone2024,#GadgetReview,#TechLaunch",422,75,26,17675,The battery life on this #TechLaunch is a joke.,0.296,positive,523,2.9588142113600364
POST_00309,user_28,2026-08-03 10:14:11.189091,Reddit,Can't believe we lost the #SportsEvent. So heartbroken right now.,"#Finals,#SportsEvent,#ChampionshipGame",7274,2517,1907,99093,Can't believe we lost the #SportsEvent. So heartbroken right now.,-0.6735,negative,11698,11.804952873029649
POST_00310,user_1013,2026-07-22 05:14:11.189091,Twitter,Getting snacks ready for the #Finals. @user_1013 ,"#Finals,#ChampionshipGame",799,83,214,64123,Getting snacks ready for the #Finals.,0.3612,positive,1096,1.709188447383195
POST_00311,user_3203,2026-07-15 03:03:11.189091,Reddit,The plot in #MovieRelease made no sense. Avoid at all costs. @user_3203 ,#Blockbuster,1327,391,289,44585,The plot in #MovieRelease made no sense. Avoid at all costs.,-0.0803,negative,2007,4.501412999596286
POST_00312,user_3555,2026-08-10 23:51:11.189091,Instagram,What a thrilling finish to the #ChampionshipGame! Unbelievable! 🏆🔥,"#SportsEvent,#Finals,#ChampionshipGame",3599,842,947,68886,What a thrilling finish to the #ChampionshipGame! Unbelievable!,0.6688,positive,5388,7.821504783195668
POST_00313,user_2203,2026-07-17 02:12:11.189091,Instagram,Watching the #ChampionshipGame with friends. Game is tied.,"#SportsEvent,#ChampionshipGame",578,152,73,97104,Watching the #ChampionshipGame with friends. Game is tied.,0.4767,positive,803,0.8269399104062612
POST_00314,user_2554,2026-08-05 13:45:11.189091,Instagram,The new #Smartphone2024 phone is absolutely amazing! The camera is unreal! 📱✨ @user_2554 ,#TechLaunch,4520,1461,545,59860,The new #Smartphone2024 phone is absolutely amazing! The camera is unreal!,0.6885,positive,6526,10.901922787791719
POST_00315,user_4446,2026-07-19 19:31:11.189091,Instagram,Terrible customer service when I tried to return my #GadgetReview. Never again.,#TechLaunch,2005,791,458,36191,Terrible customer service when I tried to return my #GadgetReview. Never again.,-0.4767,negative,3254,8.990937223695845
POST_00316,user_2738,2026-08-08 23:58:11.189091,Reddit,What a thrilling finish to the #SportsEvent! Unbelievable! 🏆🔥 https://example.com/link,#Finals,10098,1873,1480,88862,What a thrilling finish to the #SportsEvent! Unbelievable!,0.6688,positive,13451,15.136783588220068
POST_00317,user_524,2026-08-10 11:27:11.189091,Instagram,The #Finals is pretty competitive this year. https://example.com/link,#Finals,1846,673,333,38560,The #Finals is pretty competitive this year.,0.5994,positive,2852,7.396073753274034
POST_00318,user_1364,2026-07-12 05:13:11.189091,Instagram,What a thrilling finish to the #SportsEvent! Unbelievable! 🏆🔥 @user_1364 ,"#ChampionshipGame,#SportsEvent,#Finals",6187,2344,1840,83423,What a thrilling finish to the #SportsEvent! Unbelievable!,0.6688,positive,10371,12.431674338319908
POST_00319,user_3251,2026-07-30 23:22:11.189091,Instagram,Going to see #Cinema tonight. Hope it's good.,"#MovieRelease,#Cinema,#Blockbuster",683,116,64,86854,Going to see #Cinema tonight. Hope it's good.,0.7003,positive,863,0.9936100397213747
POST_00320,user_290,2026-07-21 22:22:11.189091,Reddit,I fell asleep halfway through #Cinema.,#Cinema,9262,2168,1424,79135,I fell asleep halfway through #Cinema.,0.0,neutral,12854,16.24292357460574
POST_00321,user_1832,2026-07-17 17:23:11.189091,Reddit,Who do you think will win the #SportsEvent? @user_1832 ,"#SportsEvent,#Finals",1369,293,70,43867,Who do you think will win the #SportsEvent?,0.5859,positive,1732,3.948208261147078
POST_00322,user_640,2026-07-21 00:32:11.189091,Reddit,Worst ending ever. #Blockbuster completely ruined the franchise.,#Cinema,1533,611,190,17020,Worst ending ever. #Blockbuster completely ruined the franchise.,-0.5563,negative,2334,13.71247282768345
POST_00323,user_1942,2026-07-22 17:23:11.189091,Instagram,Just watched the new #Cinema. Best movie of the year! 🍿🎬,"#MovieRelease,#Cinema,#Blockbuster",498,108,116,13065,Just watched the new #Cinema. Best movie of the year!,0.6696,positive,722,5.525792132251645
POST_00324,user_4699,2026-07-23 07:04:11.189091,Twitter,Getting snacks ready for the #Finals.,"#ChampionshipGame,#Finals",2515,587,196,61565,Getting snacks ready for the #Finals.,0.3612,positive,3298,5.356852808368255
POST_00325,user_1838,2026-07-17 11:12:11.189091,Instagram,Anyone getting the new #TechLaunch? I can't decide. @user_1838 ,"#GadgetReview,#TechLaunch",1089,208,308,52505,Anyone getting the new #TechLaunch? I can't decide.,0.0,neutral,1605,3.0567935093132217
POST_00326,user_3065,2026-07-29 15:50:11.189091,Instagram,What a thrilling finish to the #SportsEvent! Unbelievable! 🏆🔥 https://example.com/link,"#ChampionshipGame,#SportsEvent,#Finals",2732,1081,434,57667,What a thrilling finish to the #SportsEvent! Unbelievable!,0.6688,positive,4247,7.364569605327044
POST_00327,user_3584,2026-07-24 15:00:11.189091,Instagram,"Tickets for #Blockbuster were expensive, hope it's worth it.","#MovieRelease,#Blockbuster,#Cinema",890,228,122,21316,"Tickets for #Blockbuster were expensive, hope it's worth it.",0.8271,positive,1240,5.816953605103907
POST_00328,user_3382,2026-07-29 02:38:11.189091,Reddit,Worst performance by my team in the #Finals. Embarrassing. @user_3382 ,#Finals,4260,448,1058,63508,Worst performance by my team in the #Finals. Embarrassing.,-0.7717,negative,5766,9.079028169235857
POST_00329,user_1963,2026-07-28 15:32:11.189091,Twitter,Getting snacks ready for the #Finals.,#Finals,481,173,59,44799,Getting snacks ready for the #Finals.,0.3612,positive,713,1.591517857142857
POST_00330,user_2459,2026-07-16 05:23:11.189091,Instagram,Who do you think will win the #Finals? @user_2459 ,"#ChampionshipGame,#SportsEvent,#Finals",3102,509,238,96603,Who do you think will win the #Finals?,0.5859,positive,3849,3.984307068030309
POST_00331,user_520,2026-07-26 19:23:11.189091,Instagram,My team finally won the #ChampionshipGame! Best day ever! @user_520 ,#Finals,1077,265,199,15530,My team finally won the #ChampionshipGame! Best day ever!,0.8585,positive,1541,9.92209130126843
POST_00332,user_2210,2026-08-08 03:25:11.189091,Instagram,Anyone getting the new #Smartphone2024? I can't decide.,#Smartphone2024,614,163,169,25872,Anyone getting the new #Smartphone2024? I can't decide.,0.0,neutral,946,3.656321261546786
POST_00333,user_3290,2026-08-06 20:18:11.189091,Instagram,The #Finals is pretty competitive this year. @user_3290 ,#Finals,1426,402,220,30269,The #Finals is pretty competitive this year.,0.5994,positive,2048,6.7657746944169155
POST_00334,user_1743,2026-07-20 18:48:11.189091,Reddit,Incredible performance by the lead actor in #MovieRelease! A must watch! @user_1743  https://example.com/link,"#Blockbuster,#Cinema,#MovieRelease",5546,1480,566,72772,Incredible performance by the lead actor in #MovieRelease! A must watch!,0.0,neutral,7592,10.432440602970882
POST_00335,user_1341,2026-07-13 19:34:11.189091,Twitter,Can't believe we lost the #SportsEvent. So heartbroken right now.,#ChampionshipGame,4551,1223,829,92196,Can't believe we lost the #SportsEvent. So heartbroken right now.,-0.6735,negative,6603,7.161838237686692
POST_00336,user_2693,2026-07-16 18:13:11.189091,Twitter,Worst performance by my team in the #SportsEvent. Embarrassing. @user_2693 ,"#Finals,#ChampionshipGame",3311,1115,983,52929,Worst performance by my team in the #SportsEvent. Embarrassing.,-0.7717,negative,5409,10.219157377668619
POST_00337,user_1096,2026-07-13 12:19:11.189091,Twitter,Extremely disappointed with the #Smartphone2024 phone. Overheating issues are terrible. 😡 @user_1096 ,"#TechLaunch,#Smartphone2024,#GadgetReview",2884,574,490,56041,Extremely disappointed with the #Smartphone2024 phone. Overheating issues are terrible.,-0.7574,negative,3948,7.044716462653009
POST_00338,user_301,2026-07-21 22:25:11.189091,Twitter,Anyone getting the new #TechLaunch? I can't decide.,"#Smartphone2024,#GadgetReview,#TechLaunch",1054,147,247,27498,Anyone getting the new #TechLaunch? I can't decide.,0.0,neutral,1448,5.2656460234917635
POST_00339,user_4252,2026-07-20 04:18:11.189091,Reddit,Incredible performance by the lead actor in #Blockbuster! A must watch!,"#Blockbuster,#Cinema",940,163,117,22056,Incredible performance by the lead actor in #Blockbuster! A must watch!,0.6688,positive,1220,5.531123906242916
POST_00340,user_450,2026-07-19 14:37:11.189091,Reddit,Can't believe we lost the #ChampionshipGame. So heartbroken right now.,#ChampionshipGame,1345,180,84,88417,Can't believe we lost the #ChampionshipGame. So heartbroken right now.,-0.6735,negative,1609,1.8197652061797371
POST_00341,user_1487,2026-08-02 12:52:11.189091,Reddit,Not worth the upgrade. #GadgetReview is just a rehash of last year's model. @user_1487 ,"#TechLaunch,#GadgetReview,#Smartphone2024",1076,341,298,12547,Not worth the upgrade. #GadgetReview is just a rehash of last year's model.,-0.1695,negative,1715,13.667516735734777
POST_00342,user_3333,2026-07-23 22:23:11.189091,Reddit,Watching #MovieRelease with my friends this weekend.,"#MovieRelease,#Cinema",425,51,56,27534,Watching #MovieRelease with my friends this weekend.,0.4767,positive,532,1.9320864354457963
POST_00343,user_458,2026-07-31 19:31:11.189091,Instagram,Incredible performance by the lead actor in #Blockbuster! A must watch! @user_458 ,"#MovieRelease,#Cinema,#Blockbuster",6108,1573,779,98899,Incredible performance by the lead actor in #Blockbuster! A must watch!,0.6688,positive,8460,8.554095045500505
POST_00344,user_1838,2026-07-29 16:30:11.189091,Twitter,Extremely disappointed with the #Smartphone2024 phone. Overheating issues are terrible. 😡,"#GadgetReview,#TechLaunch",1156,315,271,31020,Extremely disappointed with the #Smartphone2024 phone. Overheating issues are terrible.,-0.7574,negative,1742,5.615550755939525
POST_00345,user_4872,2026-08-06 04:53:11.189091,Instagram,Extremely disappointed with the #GadgetReview phone. Overheating issues are terrible. 😡,"#GadgetReview,#Smartphone2024,#TechLaunch",1694,534,275,36258,Extremely disappointed with the #GadgetReview phone. Overheating issues are terrible.,-0.7574,negative,2503,6.903113709699661
POST_00346,user_2601,2026-08-04 21:32:11.189091,Reddit,What a thrilling finish to the #SportsEvent! Unbelievable! 🏆🔥,#Finals,211,36,50,3338,What a thrilling finish to the #SportsEvent! Unbelievable!,0.6688,positive,297,8.89487870619946
POST_00347,user_2969,2026-07-18 00:23:11.189091,Instagram,My team finally won the #Finals! Best day ever! https://example.com/link,"#Finals,#ChampionshipGame",5145,1576,777,89054,My team finally won the #Finals! Best day ever!,0.8585,positive,7498,8.419516029420022
POST_00348,user_2796,2026-08-07 23:50:11.189091,Twitter,Will wait for the reviews before buying the #GadgetReview device.,#Smartphone2024,3978,1354,701,96160,Will wait for the reviews before buying the #GadgetReview device.,0.0,neutral,6033,6.273853225320036
POST_00349,user_1689,2026-08-08 17:17:11.189091,Instagram,"Tickets for #Blockbuster were expensive, hope it's worth it.","#Cinema,#Blockbuster",289,55,40,40924,"Tickets for #Blockbuster were expensive, hope it's worth it.",0.8271,positive,384,0.9383017715332925
POST_00350,user_2692,2026-07-31 22:48:11.189091,Reddit,Terrible refereeing ruined the #SportsEvent. Absolutely rigged. 🗑️,"#ChampionshipGame,#SportsEvent",9513,3594,913,99624,Terrible refereeing ruined the #SportsEvent. Absolutely rigged.,-0.8399,negative,14020,14.072772898368882
POST_00351,user_4002,2026-07-18 07:44:11.189091,Twitter,"Wow, the screen on the #GadgetReview is stunning.","#Smartphone2024,#TechLaunch",7865,1758,796,99610,"Wow, the screen on the #GadgetReview is stunning.",0.7506,positive,10419,10.459688187047615
POST_00352,user_1728,2026-07-14 04:34:11.189091,Instagram,Not worth the upgrade. #GadgetReview is just a rehash of last year's model.,"#TechLaunch,#Smartphone2024",97,13,6,2299,Not worth the upgrade. #GadgetReview is just a rehash of last year's model.,-0.1695,negative,116,5.043478260869565
POST_00353,user_2669,2026-07-31 10:41:11.189091,Twitter,Watching #MovieRelease with my friends this weekend.,"#Blockbuster,#Cinema,#MovieRelease",3839,389,977,79239,Watching #MovieRelease with my friends this weekend.,0.4767,positive,5205,6.568652195860676
POST_00354,user_56,2026-08-01 18:22:11.189091,Instagram,Not worth the upgrade. #Smartphone2024 is just a rehash of last year's model. https://example.com/link,"#Smartphone2024,#GadgetReview,#TechLaunch",433,123,104,18269,Not worth the upgrade. #Smartphone2024 is just a rehash of last year's model.,-0.1695,negative,660,3.6124794745484397
POST_00355,user_3269,2026-07-28 08:08:11.189091,Instagram,"Tickets for #Cinema were expensive, hope it's worth it.","#Blockbuster,#MovieRelease,#Cinema",1557,340,141,92048,"Tickets for #Cinema were expensive, hope it's worth it.",0.5859,positive,2038,2.2140381753196667
POST_00356,user_3327,2026-08-05 18:50:11.189091,Instagram,"Tickets for #Blockbuster were expensive, hope it's worth it.",#Blockbuster,1456,505,354,70182,"Tickets for #Blockbuster were expensive, hope it's worth it.",0.8271,positive,2315,3.2985195845147683
POST_00357,user_4414,2026-07-21 08:07:11.189091,Instagram,Getting snacks ready for the #SportsEvent.,#Finals,129,35,32,24996,Getting snacks ready for the #SportsEvent.,0.3612,positive,196,0.784094091290955
POST_00358,user_4304,2026-07-21 08:39:11.189091,Reddit,"#MovieRelease had some decent moments, but overall average. @user_4304 ",#MovieRelease,66,11,14,11755,"#MovieRelease had some decent moments, but overall average.",0.0,neutral,91,0.7740728138822729
POST_00359,user_3090,2026-08-05 05:04:11.189091,Reddit,Can't believe we lost the #SportsEvent. So heartbroken right now. @user_3090 ,#ChampionshipGame,1250,243,103,89145,Can't believe we lost the #SportsEvent. So heartbroken right now.,-0.6735,negative,1596,1.790321495075494
POST_00360,user_2775,2026-08-03 23:05:11.189091,Twitter,The plot in #Cinema made no sense. Avoid at all costs.,#Cinema,84,32,20,10256,The plot in #Cinema made no sense. Avoid at all costs.,-0.0803,negative,136,1.3259237593838353
POST_00361,user_4256,2026-07-31 14:36:11.189091,Instagram,Who do you think will win the #Finals? @user_4256 ,#Finals,2688,487,719,83450,Who do you think will win the #Finals?,0.5859,positive,3894,4.6662113096308016
POST_00362,user_3490,2026-07-18 05:53:11.189091,Reddit,Going to see #Blockbuster tonight. Hope it's good. https://example.com/link,#Cinema,2395,822,504,55516,Going to see #Blockbuster tonight. Hope it's good.,0.8658,positive,3721,6.7024515013419315
POST_00363,user_2012,2026-07-13 15:17:11.189091,Instagram,Who do you think will win the #Finals?,#Finals,28,8,2,2234,Who do you think will win the #Finals?,0.5859,positive,38,1.7002237136465326
POST_00364,user_1493,2026-08-08 07:07:11.189091,Instagram,Anyone getting the new #TechLaunch? I can't decide. @user_1493 ,#TechLaunch,292,70,39,10438,Anyone getting the new #TechLaunch? I can't decide.,0.0,neutral,401,3.841364115336718
POST_00365,user_3175,2026-08-07 11:48:11.189091,Instagram,Worst performance by my team in the #SportsEvent. Embarrassing. https://example.com/link,"#Finals,#ChampionshipGame,#SportsEvent",261,72,55,4505,Worst performance by my team in the #SportsEvent. Embarrassing.,-0.7717,negative,388,8.610741233910343
POST_00366,user_4824,2026-07-20 07:12:11.189091,Reddit,Worst performance by my team in the #Finals. Embarrassing.,"#Finals,#ChampionshipGame",1904,604,370,98702,Worst performance by my team in the #Finals. Embarrassing.,-0.7717,negative,2878,2.9158181615553733
POST_00367,user_999,2026-07-13 19:23:11.189091,Instagram,My team finally won the #Finals! Best day ever!,"#Finals,#SportsEvent",509,182,133,41697,My team finally won the #Finals! Best day ever!,0.8585,positive,824,1.97611396230035
POST_00368,user_4305,2026-08-07 07:55:11.189091,Instagram,"#MovieRelease had some decent moments, but overall average.","#Cinema,#Blockbuster",1219,181,234,50709,"#MovieRelease had some decent moments, but overall average.",0.0,neutral,1634,3.2222441333070404
POST_00369,user_1814,2026-07-28 15:31:11.189091,Reddit,Just watched the new #Blockbuster. Best movie of the year! 🍿🎬 https://example.com/link,"#MovieRelease,#Blockbuster,#Cinema",286,102,65,64998,Just watched the new #Blockbuster. Best movie of the year!,0.8553,positive,453,0.6969337989815227
POST_00370,user_1914,2026-08-10 13:40:11.189091,Reddit,Finally got my hands on the #TechLaunch device. Loving the battery life. 😍,"#TechLaunch,#GadgetReview",1077,228,152,22774,Finally got my hands on the #TechLaunch device. Loving the battery life.,0.5994,positive,1457,6.397365532381998
POST_00371,user_3294,2026-08-03 02:01:11.189091,Twitter,Just watched the new #Blockbuster. Best movie of the year! 🍿🎬,"#MovieRelease,#Blockbuster",6404,1578,1581,96629,Just watched the new #Blockbuster. Best movie of the year!,0.8553,positive,9563,9.896512470247336
POST_00372,user_1626,2026-07-31 22:55:11.189091,Twitter,Getting snacks ready for the #SportsEvent.,"#Finals,#ChampionshipGame,#SportsEvent",184,57,10,56864,Getting snacks ready for the #SportsEvent.,0.3612,positive,251,0.44139628945748705
POST_00373,user_324,2026-07-13 04:02:11.189091,Reddit,"Wow, the screen on the #TechLaunch is stunning.","#TechLaunch,#GadgetReview,#Smartphone2024",4007,587,373,41333,"Wow, the screen on the #TechLaunch is stunning.",0.7506,positive,4967,12.016741665457008
POST_00374,user_4418,2026-07-20 16:41:11.189091,Reddit,Worst ending ever. #Cinema completely ruined the franchise.,"#Blockbuster,#Cinema,#MovieRelease",91,14,12,37804,Worst ending ever. #Cinema completely ruined the franchise.,-0.8173,negative,117,0.30948287263589475
POST_00375,user_42,2026-07-17 20:46:11.189091,Instagram,Incredible performance by the lead actor in #MovieRelease! A must watch!,"#Blockbuster,#Cinema,#MovieRelease",958,144,218,21250,Incredible performance by the lead actor in #MovieRelease! A must watch!,0.0,neutral,1320,6.211472401298762
POST_00376,user_4339,2026-08-07 01:13:11.189091,Twitter,"Wow, the screen on the #Smartphone2024 is stunning. https://example.com/link","#TechLaunch,#GadgetReview",2037,427,532,51738,"Wow, the screen on the #Smartphone2024 is stunning.",0.7506,positive,2996,5.790602833452521
POST_00377,user_1381,2026-07-31 05:51:11.189091,Instagram,Best #Smartphone2024 I have ever used. Highly recommend!,"#Smartphone2024,#GadgetReview,#TechLaunch",2321,795,665,58068,Best #Smartphone2024 I have ever used. Highly recommend!,0.8066,positive,3781,6.511219411389899
POST_00378,user_3890,2026-07-21 09:01:11.189091,Twitter,Anyone getting the new #Smartphone2024? I can't decide.,"#TechLaunch,#GadgetReview,#Smartphone2024",2845,890,223,74226,Anyone getting the new #Smartphone2024? I can't decide.,0.0,neutral,3958,5.332291484230805
POST_00379,user_3343,2026-08-07 19:19:11.189091,Instagram,Anyone getting the new #Smartphone2024? I can't decide.,"#GadgetReview,#TechLaunch,#Smartphone2024",406,141,120,95005,Anyone getting the new #Smartphone2024? I can't decide.,0.0,neutral,667,0.7020609224680546
POST_00380,user_1474,2026-07-27 10:19:11.189091,Instagram,Incredible display of skill at the #Finals today. https://example.com/link,#SportsEvent,579,106,165,27959,Incredible display of skill at the #Finals today.,0.0,neutral,850,3.040057224606581
POST_00381,user_269,2026-07-26 20:46:11.189091,Twitter,The broadcast quality for the #SportsEvent is awful. 😡,"#Finals,#SportsEvent",3086,912,327,41164,The broadcast quality for the #SportsEvent is awful.,-0.4588,negative,4325,10.506498238795093
POST_00382,user_3967,2026-08-01 13:27:11.189091,Twitter,Watching the #Finals with friends. Game is tied.,"#Finals,#SportsEvent,#ChampionshipGame",110,41,29,2269,Watching the #Finals with friends. Game is tied.,0.4767,positive,180,7.929515418502203
POST_00383,user_2160,2026-07-23 17:30:11.189091,Instagram,Anyone getting the new #TechLaunch? I can't decide. @user_2160 ,"#TechLaunch,#Smartphone2024",2405,351,243,89460,Anyone getting the new #TechLaunch? I can't decide.,0.0,neutral,2999,3.352298767060507
POST_00384,user_3809,2026-07-31 07:14:11.189091,Twitter,Incredible display of skill at the #SportsEvent today.,"#ChampionshipGame,#SportsEvent",266,102,42,60403,Incredible display of skill at the #SportsEvent today.,0.0,neutral,410,0.6787629958280909
POST_00385,user_497,2026-07-30 14:34:11.189091,Instagram,Worst performance by my team in the #Finals. Embarrassing. https://example.com/link,"#SportsEvent,#ChampionshipGame,#Finals",1650,464,187,21468,Worst performance by my team in the #Finals. Embarrassing.,-0.7717,negative,2301,10.71777912338721
POST_00386,user_995,2026-07-30 14:26:11.189091,Instagram,Just saw the specs for the #GadgetReview phone. They seem okay. https://example.com/link,#TechLaunch,4404,1471,1071,99101,Just saw the specs for the #GadgetReview phone. They seem okay.,0.2263,positive,6946,7.008940283748058
POST_00387,user_4225,2026-07-13 13:02:11.189091,Instagram,I fell asleep halfway through #Cinema.,#Blockbuster,404,129,46,20701,I fell asleep halfway through #Cinema.,0.0,neutral,579,2.7968312240363247
POST_00388,user_2723,2026-07-29 09:44:11.189091,Reddit,Who do you think will win the #ChampionshipGame?,"#SportsEvent,#ChampionshipGame",275,95,50,34065,Who do you think will win the #ChampionshipGame?,0.5859,positive,420,1.2329008395467622
POST_00389,user_2119,2026-08-03 22:22:11.189091,Reddit,Can't stop thinking about that game winning play at the #SportsEvent!,"#ChampionshipGame,#SportsEvent,#Finals",10,1,2,2977,Can't stop thinking about that game winning play at the #SportsEvent!,0.7894,positive,13,0.4365345869711216
POST_00390,user_3870,2026-07-31 07:11:11.189091,Twitter,Incredible display of skill at the #SportsEvent today. https://example.com/link,"#ChampionshipGame,#SportsEvent",2904,753,849,99561,Incredible display of skill at the #SportsEvent today.,0.0,neutral,4506,4.52582310520078
POST_00391,user_4744,2026-07-30 10:00:11.189091,Instagram,Worst performance by my team in the #ChampionshipGame. Embarrassing. @user_4744 ,#ChampionshipGame,2508,428,531,69925,Worst performance by my team in the #ChampionshipGame. Embarrassing.,-0.7717,negative,3467,4.95809856133627
POST_00392,user_4362,2026-08-05 02:03:11.189091,Instagram,The broadcast quality for the #Finals is awful. 😡 @user_4362 ,#SportsEvent,3074,760,731,76300,The broadcast quality for the #Finals is awful.,-0.4588,negative,4565,5.982883579507477
POST_00393,user_221,2026-07-30 18:03:11.189091,Reddit,Watching #MovieRelease with my friends this weekend.,"#MovieRelease,#Cinema",58,14,13,19191,Watching #MovieRelease with my friends this weekend.,0.4767,positive,85,0.44289287203001254
POST_00394,user_1483,2026-07-22 02:42:11.189091,Instagram,Getting snacks ready for the #SportsEvent.,"#Finals,#SportsEvent,#ChampionshipGame",168,56,46,45348,Getting snacks ready for the #SportsEvent.,0.3612,positive,270,0.5953824781141811
POST_00395,user_377,2026-08-09 09:47:11.189091,Instagram,"Wow, the screen on the #Smartphone2024 is stunning. https://example.com/link",#Smartphone2024,7457,1360,1561,77426,"Wow, the screen on the #Smartphone2024 is stunning.",0.7506,positive,10378,13.40359306185181
POST_00396,user_3091,2026-07-20 17:14:11.189091,Reddit,Going to see #Cinema tonight. Hope it's good.,"#Cinema,#Blockbuster,#MovieRelease",1744,555,98,69451,Going to see #Cinema tonight. Hope it's good.,0.7003,positive,2397,3.45130449807061
POST_00397,user_4218,2026-07-26 11:11:11.189091,Reddit,The visual effects in #MovieRelease blew my mind. 10/10. @user_4218 ,"#Blockbuster,#Cinema,#MovieRelease",363,77,28,17247,The visual effects in #MovieRelease blew my mind. 10/10.,0.0,neutral,468,2.7133580705009277
POST_00398,user_3590,2026-07-13 01:38:11.189091,Instagram,Watching the #ChampionshipGame with friends. Game is tied. https://example.com/link,"#SportsEvent,#ChampionshipGame,#Finals",468,182,104,11727,Watching the #ChampionshipGame with friends. Game is tied.,0.4767,positive,754,6.42905866302865
POST_00399,user_3867,2026-08-08 15:12:11.189091,Reddit,Can't believe we lost the #SportsEvent. So heartbroken right now. @user_3867 ,"#SportsEvent,#Finals",1603,419,173,75823,Can't believe we lost the #SportsEvent. So heartbroken right now.,-0.6735,negative,2195,2.894861785186748
POST_00400,user_1577,2026-07-21 13:07:11.189091,Instagram,Best #Smartphone2024 I have ever used. Highly recommend!,"#Smartphone2024,#GadgetReview",649,75,92,24148,Best #Smartphone2024 I have ever used. Highly recommend!,0.8066,positive,816,3.3790219056689716
POST_00401,user_4962,2026-08-02 16:42:11.189091,Twitter,The plot in #Blockbuster made no sense. Avoid at all costs.,#Cinema,3663,446,823,63477,The plot in #Blockbuster made no sense. Avoid at all costs.,0.5556,positive,4932,7.769620971045087
POST_00402,user_3125,2026-07-24 21:40:11.189091,Instagram,I fell asleep halfway through #Blockbuster.,#Cinema,390,75,27,69208,I fell asleep halfway through #Blockbuster.,0.5994,positive,492,0.71089020214134
POST_00403,user_3639,2026-07-30 00:59:11.189091,Instagram,The #Finals is pretty competitive this year.,#ChampionshipGame,92,17,23,36727,The #Finals is pretty competitive this year.,0.5994,positive,132,0.3593988237856676
POST_00404,user_4693,2026-08-06 08:42:11.189091,Instagram,Incredible performance by the lead actor in #MovieRelease! A must watch!,"#Blockbuster,#Cinema,#MovieRelease",6011,878,1693,80633,Incredible performance by the lead actor in #MovieRelease! A must watch!,0.0,neutral,8582,10.643153012376914
POST_00405,user_2508,2026-08-11 07:02:11.189091,Reddit,I was on the edge of my seat during #Blockbuster! @user_2508 ,"#MovieRelease,#Cinema",2334,792,444,71831,I was on the edge of my seat during #Blockbuster!,0.636,positive,3570,4.969929836284664
POST_00406,user_3141,2026-07-13 16:41:11.189091,Reddit,The plot in #Cinema made no sense. Avoid at all costs. https://example.com/link,"#Cinema,#Blockbuster,#MovieRelease",3208,377,422,90141,The plot in #Cinema made no sense. Avoid at all costs.,-0.0803,negative,4007,4.445208670763906
POST_00407,user_3167,2026-08-07 16:05:11.189091,Twitter,Can't stop thinking about that game winning play at the #SportsEvent!,"#SportsEvent,#ChampionshipGame,#Finals",135,53,27,4308,Can't stop thinking about that game winning play at the #SportsEvent!,0.7894,positive,215,4.989556741703412
POST_00408,user_4971,2026-08-02 12:44:11.189091,Instagram,Best #TechLaunch I have ever used. Highly recommend! @user_4971 ,#GadgetReview,118,40,27,3165,Best #TechLaunch I have ever used. Highly recommend!,0.8066,positive,185,5.843335439039798
POST_00409,user_3107,2026-07-12 00:04:11.189091,Reddit,The broadcast quality for the #ChampionshipGame is awful. 😡,#Finals,658,93,96,27839,The broadcast quality for the #ChampionshipGame is awful.,-0.4588,negative,847,3.0423850574712645
POST_00410,user_4024,2026-07-17 17:55:11.189091,Instagram,The battery life on this #TechLaunch is a joke. 🗑️,"#TechLaunch,#GadgetReview",515,94,72,12456,The battery life on this #TechLaunch is a joke.,0.296,positive,681,5.4668058119932565
POST_00411,user_2131,2026-07-18 13:00:11.189091,Twitter,Watching #Blockbuster with my friends this weekend. https://example.com/link,"#MovieRelease,#Cinema,#Blockbuster",2737,832,368,63851,Watching #Blockbuster with my friends this weekend.,0.7906,positive,3937,6.1658209609722485
POST_00412,user_2130,2026-07-14 04:45:11.189091,Instagram,Getting snacks ready for the #SportsEvent. @user_2130 ,"#Finals,#SportsEvent,#ChampionshipGame",677,143,79,19087,Getting snacks ready for the #SportsEvent.,0.3612,positive,899,4.709765297569153
POST_00413,user_2679,2026-08-05 12:52:11.189091,Instagram,Just saw the specs for the #TechLaunch phone. They seem okay.,"#TechLaunch,#GadgetReview",718,227,125,37297,Just saw the specs for the #TechLaunch phone. They seem okay.,0.2263,positive,1070,2.868786530108853
POST_00414,user_2013,2026-08-03 14:38:11.189091,Reddit,What a waste of time. #MovieRelease was completely boring. 🥱 https://example.com/link,#MovieRelease,1599,514,463,41560,What a waste of time. #MovieRelease was completely boring.,-0.659,negative,2576,6.198118428334256
POST_00415,user_3531,2026-08-02 12:11:11.189091,Twitter,Watching #Cinema with my friends this weekend.,"#MovieRelease,#Blockbuster",509,118,124,31256,Watching #Cinema with my friends this weekend.,0.4767,positive,751,2.402661803755959
POST_00416,user_3288,2026-08-08 11:10:11.189091,Twitter,The new #Smartphone2024 phone is absolutely amazing! The camera is unreal! 📱✨ @user_3288 ,#Smartphone2024,972,199,105,19605,The new #Smartphone2024 phone is absolutely amazing! The camera is unreal!,0.6885,positive,1276,6.508211771906559
POST_00417,user_504,2026-08-03 09:08:11.189091,Twitter,Incredible display of skill at the #ChampionshipGame today.,"#Finals,#SportsEvent",1225,443,215,25398,Incredible display of skill at the #ChampionshipGame today.,0.0,neutral,1883,7.4136777038466075
POST_00418,user_2720,2026-08-06 10:30:11.189091,Instagram,Terrible refereeing ruined the #ChampionshipGame. Absolutely rigged. 🗑️,#ChampionshipGame,10005,2920,2239,97108,Terrible refereeing ruined the #ChampionshipGame. Absolutely rigged.,-0.8399,negative,15164,15.615442440968398
POST_00419,user_2183,2026-08-08 02:50:11.189091,Reddit,Watching #Blockbuster with my friends this weekend. @user_2183 ,"#Blockbuster,#MovieRelease",741,157,173,91723,Watching #Blockbuster with my friends this weekend.,0.7906,positive,1071,1.1676333347869696
POST_00420,user_4796,2026-07-12 17:31:11.189091,Instagram,The #Finals is pretty competitive this year. https://example.com/link,#Finals,2019,637,142,74626,The #Finals is pretty competitive this year.,0.5994,positive,2798,3.749313251236148
POST_00421,user_3203,2026-07-19 07:24:11.189091,Twitter,My team finally won the #Finals! Best day ever!,"#SportsEvent,#Finals,#ChampionshipGame",5365,1938,1575,56269,My team finally won the #Finals! Best day ever!,0.8585,positive,8878,15.777501332859428
POST_00422,user_2581,2026-07-19 12:56:11.189091,Twitter,My team finally won the #SportsEvent! Best day ever!,"#ChampionshipGame,#SportsEvent,#Finals",163,61,19,13971,My team finally won the #SportsEvent! Best day ever!,0.8585,positive,243,1.7391926710563985
POST_00423,user_4170,2026-08-09 03:00:11.189091,Instagram,Not worth the upgrade. #TechLaunch is just a rehash of last year's model.,#TechLaunch,497,52,129,22217,Not worth the upgrade. #TechLaunch is just a rehash of last year's model.,-0.1695,negative,678,3.0515798001620307
POST_00424,user_381,2026-07-28 07:35:11.189091,Reddit,Can't stop thinking about that game winning play at the #ChampionshipGame!,"#ChampionshipGame,#Finals",528,56,75,24646,Can't stop thinking about that game winning play at the #ChampionshipGame!,0.7894,positive,659,2.6737533979794703
POST_00425,user_2475,2026-07-29 14:46:11.189091,Twitter,My team finally won the #ChampionshipGame! Best day ever!,"#ChampionshipGame,#SportsEvent",2092,355,196,34296,My team finally won the #ChampionshipGame! Best day ever!,0.8585,positive,2643,7.706213371431904
POST_00426,user_1534,2026-07-29 22:58:11.189091,Twitter,Will wait for the reviews before buying the #GadgetReview device.,"#TechLaunch,#Smartphone2024,#GadgetReview",1647,483,398,81935,Will wait for the reviews before buying the #GadgetReview device.,0.0,neutral,2528,3.0853348955282174
POST_00427,user_1570,2026-07-28 07:12:11.189091,Reddit,The new #TechLaunch phone is absolutely amazing! The camera is unreal! 📱✨ https://example.com/link,#TechLaunch,465,52,124,25845,The new #TechLaunch phone is absolutely amazing! The camera is unreal!,0.6885,positive,641,2.4800742861564653
POST_00428,user_3083,2026-07-24 10:59:11.189091,Twitter,Will wait for the reviews before buying the #TechLaunch device. @user_3083 ,"#Smartphone2024,#TechLaunch",3102,1114,303,95163,Will wait for the reviews before buying the #TechLaunch device.,0.0,neutral,4519,4.748644445378504
POST_00429,user_1242,2026-08-09 20:30:11.189091,Reddit,Incredible performance by the lead actor in #Cinema! A must watch! @user_1242 ,#Cinema,1895,604,338,32792,Incredible performance by the lead actor in #Cinema! A must watch!,0.0,neutral,2837,8.651236544384473
POST_00430,user_740,2026-08-01 22:39:11.189091,Reddit,The new #GadgetReview phone is absolutely amazing! The camera is unreal! 📱✨,"#GadgetReview,#Smartphone2024,#TechLaunch",1183,452,266,70778,The new #GadgetReview phone is absolutely amazing! The camera is unreal!,0.6885,positive,1901,2.685824891563882
POST_00431,user_2940,2026-07-16 23:43:11.189091,Reddit,Terrible refereeing ruined the #Finals. Absolutely rigged. 🗑️,"#SportsEvent,#ChampionshipGame",180,39,48,2224,Terrible refereeing ruined the #Finals. Absolutely rigged.,-0.8399,negative,267,12.0
POST_00432,user_3341,2026-07-29 05:16:11.189091,Reddit,My team finally won the #ChampionshipGame! Best day ever!,#Finals,733,108,196,77633,My team finally won the #ChampionshipGame! Best day ever!,0.8585,positive,1037,1.335754952726898
POST_00433,user_4794,2026-07-13 12:57:11.189091,Reddit,"#Cinema had some decent moments, but overall average.","#Cinema,#Blockbuster",2528,765,452,51589,"#Cinema had some decent moments, but overall average.",0.0,neutral,3745,7.259158751696066
POST_00434,user_3969,2026-07-14 18:04:11.189091,Instagram,Worst ending ever. #MovieRelease completely ruined the franchise.,#Blockbuster,206,80,49,78553,Worst ending ever. #MovieRelease completely ruined the franchise.,-0.8173,negative,335,0.4264582325534028
POST_00435,user_2270,2026-08-05 13:17:11.189091,Reddit,"Tickets for #Blockbuster were expensive, hope it's worth it.","#Cinema,#Blockbuster",3013,1113,700,61166,"Tickets for #Blockbuster were expensive, hope it's worth it.",0.8271,positive,4826,7.88987525953537
POST_00436,user_3161,2026-07-13 08:42:11.189091,Twitter,What a waste of time. #Blockbuster was completely boring. 🥱,"#Blockbuster,#MovieRelease,#Cinema",308,114,72,55974,What a waste of time. #Blockbuster was completely boring.,-0.1263,negative,494,0.8825368468066102
POST_00437,user_3543,2026-08-04 07:28:11.189091,Twitter,Terrible refereeing ruined the #SportsEvent. Absolutely rigged. 🗑️,"#SportsEvent,#ChampionshipGame,#Finals",1048,108,144,46979,Terrible refereeing ruined the #SportsEvent. Absolutely rigged.,-0.8399,negative,1300,2.7671349510429972
POST_00438,user_684,2026-07-29 17:05:11.189091,Reddit,Watching the #Finals with friends. Game is tied. @user_684  https://example.com/link,"#ChampionshipGame,#SportsEvent,#Finals",2933,424,268,87075,Watching the #Finals with friends. Game is tied.,0.4767,positive,3625,4.163029996784418
POST_00439,user_406,2026-07-19 20:28:11.189091,Reddit,Incredible display of skill at the #Finals today.,"#SportsEvent,#Finals,#ChampionshipGame",47,16,10,11531,Incredible display of skill at the #Finals today.,0.0,neutral,73,0.6330211585154354
POST_00440,user_3468,2026-07-16 10:54:11.189091,Instagram,"Wow, the screen on the #GadgetReview is stunning. @user_3468  https://example.com/link","#TechLaunch,#GadgetReview,#Smartphone2024",954,188,239,44209,"Wow, the screen on the #GadgetReview is stunning.",0.7506,positive,1381,3.1237276634245648
POST_00441,user_3268,2026-07-12 10:52:11.189091,Instagram,The broadcast quality for the #ChampionshipGame is awful. 😡,#Finals,815,202,150,51820,The broadcast quality for the #ChampionshipGame is awful.,-0.4588,negative,1167,2.2519827869010633
POST_00442,user_4878,2026-08-04 02:17:11.189091,Reddit,The visual effects in #Cinema blew my mind. 10/10.,"#Blockbuster,#MovieRelease,#Cinema",189,27,20,2732,The visual effects in #Cinema blew my mind. 10/10.,0.0,neutral,236,8.63519941456275
POST_00443,user_4273,2026-07-31 09:23:11.189091,Instagram,Not worth the upgrade. #TechLaunch is just a rehash of last year's model.,#Smartphone2024,2227,315,128,37699,Not worth the upgrade. #TechLaunch is just a rehash of last year's model.,-0.1695,negative,2670,7.082228116710876
POST_00444,user_20,2026-07-15 06:44:11.189091,Twitter,Anyone getting the new #Smartphone2024? I can't decide.,"#TechLaunch,#GadgetReview",79,8,13,39185,Anyone getting the new #Smartphone2024? I can't decide.,0.0,neutral,100,0.25519318123819734
POST_00445,user_753,2026-08-04 13:16:11.189091,Instagram,Going to see #MovieRelease tonight. Hope it's good. @user_753  https://example.com/link,"#Cinema,#Blockbuster",3903,1506,219,79104,Going to see #MovieRelease tonight. Hope it's good.,0.7003,positive,5628,7.114594526262562
POST_00446,user_821,2026-08-09 06:04:11.189091,Instagram,Getting snacks ready for the #ChampionshipGame.,#Finals,659,209,107,69486,Getting snacks ready for the #ChampionshipGame.,0.3612,positive,975,1.4031401557125793
POST_00447,user_4524,2026-07-30 10:14:11.189091,Reddit,Worst performance by my team in the #ChampionshipGame. Embarrassing.,"#SportsEvent,#ChampionshipGame,#Finals",1322,198,213,99635,Worst performance by my team in the #ChampionshipGame. Embarrassing.,-0.7717,negative,1733,1.73933116544221
POST_00448,user_2146,2026-07-12 19:41:11.189091,Reddit,Terrible customer service when I tried to return my #Smartphone2024. Never again.,"#Smartphone2024,#TechLaunch,#GadgetReview",1083,248,145,26900,Terrible customer service when I tried to return my #Smartphone2024. Never again.,-0.4767,negative,1476,5.48678487788558
POST_00449,user_3129,2026-07-30 17:00:11.189091,Instagram,The #Finals is pretty competitive this year.,#Finals,34,11,8,939,The #Finals is pretty competitive this year.,0.5994,positive,53,5.638297872340425
POST_00450,user_1277,2026-07-16 03:50:11.189091,Twitter,Getting snacks ready for the #Finals.,#Finals,478,95,119,19291,Getting snacks ready for the #Finals.,0.3612,positive,692,3.586979058677172
POST_00451,user_4638,2026-08-11 12:12:11.189091,Reddit,Watching the #ChampionshipGame with friends. Game is tied. @user_4638 ,"#ChampionshipGame,#Finals",1180,121,152,39722,Watching the #ChampionshipGame with friends. Game is tied.,0.4767,positive,1453,3.657830476046623
POST_00452,user_2722,2026-08-04 20:46:11.189091,Reddit,Best #GadgetReview I have ever used. Highly recommend!,"#Smartphone2024,#GadgetReview",2104,783,478,38090,Best #GadgetReview I have ever used. Highly recommend!,0.8066,positive,3365,8.834107794492137
POST_00453,user_2765,2026-07-27 21:18:11.189091,Reddit,Watching the #ChampionshipGame with friends. Game is tied. @user_2765 ,#ChampionshipGame,454,167,102,75177,Watching the #ChampionshipGame with friends. Game is tied.,0.4767,positive,723,0.9617175237436484
POST_00454,user_2278,2026-07-16 18:17:11.189091,Instagram,"#Blockbuster had some decent moments, but overall average.","#Blockbuster,#Cinema",165,50,44,64878,"#Blockbuster had some decent moments, but overall average.",0.3506,positive,259,0.39920467331494014
POST_00455,user_3671,2026-07-13 19:49:11.189091,Instagram,Finally got my hands on the #TechLaunch device. Loving the battery life. 😍,"#GadgetReview,#TechLaunch",2653,266,416,86907,Finally got my hands on the #TechLaunch device. Loving the battery life.,0.5994,positive,3335,3.8373912643254937
POST_00456,user_370,2026-07-24 07:49:11.189091,Instagram,Going to see #Cinema tonight. Hope it's good. @user_370 ,"#Blockbuster,#MovieRelease",670,176,112,42892,Going to see #Cinema tonight. Hope it's good.,0.7003,positive,958,2.2334646678945282
POST_00457,user_120,2026-07-13 01:16:11.189091,Instagram,Getting snacks ready for the #Finals. @user_120 ,"#ChampionshipGame,#SportsEvent",1375,200,277,28985,Getting snacks ready for the #Finals.,0.3612,positive,1852,6.389291382046506
POST_00458,user_3140,2026-07-30 06:12:11.189091,Instagram,Terrible refereeing ruined the #ChampionshipGame. Absolutely rigged. 🗑️,#SportsEvent,101,38,26,35675,Terrible refereeing ruined the #ChampionshipGame. Absolutely rigged.,-0.8399,negative,165,0.46249579549276826
POST_00459,user_2065,2026-07-12 19:52:11.189091,Reddit,Worst performance by my team in the #ChampionshipGame. Embarrassing. @user_2065 ,"#SportsEvent,#ChampionshipGame",5977,1634,341,72576,Worst performance by my team in the #ChampionshipGame. Embarrassing.,-0.7717,negative,7952,10.956639155655374
POST_00460,user_116,2026-07-18 00:22:11.189091,Twitter,"#Blockbuster had some decent moments, but overall average. @user_116  https://example.com/link","#MovieRelease,#Blockbuster",61,19,15,28539,"#Blockbuster had some decent moments, but overall average.",0.3506,positive,95,0.3328661527680449
POST_00461,user_3616,2026-07-19 23:54:11.189091,Twitter,Incredible display of skill at the #Finals today. https://example.com/link,#ChampionshipGame,2348,810,596,45880,Incredible display of skill at the #Finals today.,0.0,neutral,3754,8.182036136963013
POST_00462,user_1968,2026-07-12 09:36:11.189091,Reddit,Extremely disappointed with the #TechLaunch phone. Overheating issues are terrible. 😡,"#GadgetReview,#TechLaunch",2104,626,343,47533,Extremely disappointed with the #TechLaunch phone. Overheating issues are terrible.,-0.7574,negative,3073,6.464846215340598
POST_00463,user_2769,2026-08-05 02:18:11.189091,Instagram,Just watched the new #MovieRelease. Best movie of the year! 🍿🎬 https://example.com/link,#Cinema,1791,499,432,41588,Just watched the new #MovieRelease. Best movie of the year!,0.6696,positive,2722,6.544999879775902
POST_00464,user_2251,2026-08-07 09:29:11.189091,Twitter,Going to see #Blockbuster tonight. Hope it's good.,"#Blockbuster,#Cinema,#MovieRelease",1237,449,104,26127,Going to see #Blockbuster tonight. Hope it's good.,0.8658,positive,1790,6.8508879363135335
POST_00465,user_3756,2026-07-29 02:53:11.189091,Twitter,Worst ending ever. #Blockbuster completely ruined the franchise.,#Cinema,34,8,8,17611,Worst ending ever. #Blockbuster completely ruined the franchise.,-0.5563,negative,50,0.28389734272087214
POST_00466,user_621,2026-07-23 19:42:11.189091,Twitter,The broadcast quality for the #SportsEvent is awful. 😡 https://example.com/link,"#Finals,#SportsEvent",1341,176,331,29394,The broadcast quality for the #SportsEvent is awful.,-0.4588,negative,1848,6.286783466575948
POST_00467,user_487,2026-07-26 19:02:11.189091,Reddit,I fell asleep halfway through #Cinema. @user_487 ,#Cinema,79,15,20,25515,I fell asleep halfway through #Cinema.,0.0,neutral,114,0.44677849192663427
POST_00468,user_1356,2026-08-03 14:58:11.189091,Instagram,"Wow, the screen on the #GadgetReview is stunning. https://example.com/link","#TechLaunch,#GadgetReview",1616,234,252,31904,"Wow, the screen on the #GadgetReview is stunning.",0.7506,positive,2102,6.588309042469833
POST_00469,user_889,2026-08-09 15:41:11.189091,Reddit,What a thrilling finish to the #ChampionshipGame! Unbelievable! 🏆🔥 @user_889  https://example.com/link,"#ChampionshipGame,#Finals",5050,844,537,63033,What a thrilling finish to the #ChampionshipGame! Unbelievable!,0.6688,positive,6431,10.202430434368754
POST_00470,user_2266,2026-08-10 06:40:11.189091,Twitter,Worst performance by my team in the #SportsEvent. Embarrassing.,#Finals,6100,1805,1195,93479,Worst performance by my team in the #SportsEvent. Embarrassing.,-0.7717,negative,9100,9.734702610183996
POST_00471,user_1572,2026-07-28 10:56:11.189091,Twitter,Incredible display of skill at the #Finals today.,"#SportsEvent,#Finals,#ChampionshipGame",1173,324,315,62507,Incredible display of skill at the #Finals today.,0.0,neutral,1812,2.8988289498944138
POST_00472,user_1131,2026-07-13 05:03:11.189091,Twitter,I was on the edge of my seat during #Blockbuster! @user_1131  https://example.com/link,"#Blockbuster,#MovieRelease,#Cinema",2633,681,514,95636,I was on the edge of my seat during #Blockbuster!,0.636,positive,3828,4.0026349634555665
POST_00473,user_2056,2026-08-04 03:47:11.189091,Reddit,Just saw the specs for the #Smartphone2024 phone. They seem okay.,"#GadgetReview,#TechLaunch,#Smartphone2024",621,183,68,18930,Just saw the specs for the #Smartphone2024 phone. They seem okay.,0.2263,positive,872,4.606201468490835
POST_00474,user_2277,2026-08-02 15:33:11.189091,Instagram,Finally got my hands on the #Smartphone2024 device. Loving the battery life. 😍,"#GadgetReview,#Smartphone2024",1063,242,114,35323,Finally got my hands on the #Smartphone2024 device. Loving the battery life.,0.5994,positive,1419,4.017098856301664
POST_00475,user_3640,2026-07-29 14:34:11.189091,Instagram,"Wow, the screen on the #TechLaunch is stunning.","#Smartphone2024,#TechLaunch",3435,1062,334,40551,"Wow, the screen on the #TechLaunch is stunning.",0.7506,positive,4831,11.913099230617478
POST_00476,user_3574,2026-08-01 12:10:11.189091,Reddit,Can't stop thinking about that game winning play at the #SportsEvent!,"#SportsEvent,#ChampionshipGame,#Finals",8023,1214,967,85877,Can't stop thinking about that game winning play at the #SportsEvent!,0.7894,positive,10204,11.881972099955751
POST_00477,user_518,2026-07-19 07:03:11.189091,Instagram,The #Finals is pretty competitive this year.,"#Finals,#ChampionshipGame,#SportsEvent",1333,324,164,55764,The #Finals is pretty competitive this year.,0.5994,positive,1821,3.265489106070116
POST_00478,user_2321,2026-07-11 18:14:11.189091,Twitter,Finally got my hands on the #Smartphone2024 device. Loving the battery life. 😍,"#GadgetReview,#Smartphone2024,#TechLaunch",2936,914,788,88823,Finally got my hands on the #Smartphone2024 device. Loving the battery life.,0.5994,positive,4638,5.221561740070251
POST_00479,user_2303,2026-08-01 01:23:11.189091,Twitter,Not worth the upgrade. #GadgetReview is just a rehash of last year's model.,#GadgetReview,394,108,48,5738,Not worth the upgrade. #GadgetReview is just a rehash of last year's model.,-0.1695,negative,550,9.583551141313817
POST_00480,user_3143,2026-08-01 19:35:11.189091,Twitter,Watching the #SportsEvent with friends. Game is tied.,#Finals,2588,982,656,96502,Watching the #SportsEvent with friends. Game is tied.,0.4767,positive,4226,4.379138472379097
POST_00481,user_2333,2026-08-10 08:52:11.189091,Twitter,Can't stop thinking about that game winning play at the #Finals!,"#Finals,#SportsEvent",1948,214,361,36902,Can't stop thinking about that game winning play at the #Finals!,0.7894,positive,2523,6.836842533127388
POST_00482,user_1452,2026-08-03 02:17:11.189091,Instagram,Just saw the specs for the #Smartphone2024 phone. They seem okay.,"#TechLaunch,#GadgetReview,#Smartphone2024",1248,317,63,25058,Just saw the specs for the #Smartphone2024 phone. They seem okay.,0.2263,positive,1628,6.496667863841335
POST_00483,user_3527,2026-08-03 21:01:11.189091,Reddit,Going to see #Cinema tonight. Hope it's good.,#Cinema,775,287,139,59498,Going to see #Cinema tonight. Hope it's good.,0.7003,positive,1201,2.0185213196860454
POST_00484,user_1647,2026-07-25 07:21:11.189091,Instagram,Worst performance by my team in the #SportsEvent. Embarrassing. @user_1647 ,"#ChampionshipGame,#Finals",2723,798,732,95563,Worst performance by my team in the #SportsEvent. Embarrassing.,-0.7717,negative,4253,4.45042066049977
POST_00485,user_4802,2026-08-02 14:23:11.189091,Instagram,The battery life on this #TechLaunch is a joke. 🗑️,"#TechLaunch,#Smartphone2024",38,6,5,5532,The battery life on this #TechLaunch is a joke.,0.296,positive,49,0.8855955178022772
POST_00486,user_2296,2026-07-15 01:28:11.189091,Reddit,Finally got my hands on the #GadgetReview device. Loving the battery life. 😍,#TechLaunch,240,30,51,14204,Finally got my hands on the #GadgetReview device. Loving the battery life.,0.5994,positive,321,2.2597676874340022
POST_00487,user_4888,2026-07-30 15:24:11.189091,Instagram,Terrible refereeing ruined the #SportsEvent. Absolutely rigged. 🗑️,"#Finals,#ChampionshipGame,#SportsEvent",3052,365,307,56943,Terrible refereeing ruined the #SportsEvent. Absolutely rigged.,-0.8399,negative,3724,6.539758359089632
POST_00488,user_1136,2026-08-06 09:42:11.189091,Twitter,Who do you think will win the #SportsEvent?,"#SportsEvent,#Finals",4069,1209,1020,84611,Who do you think will win the #SportsEvent?,0.5859,positive,6298,7.443388644636695
POST_00489,user_4842,2026-08-01 17:21:11.189091,Twitter,Getting snacks ready for the #ChampionshipGame. @user_4842 ,"#Finals,#ChampionshipGame",192,27,20,60175,Getting snacks ready for the #ChampionshipGame.,0.3612,positive,239,0.39716830630151556
POST_00490,user_2060,2026-08-10 21:30:11.189091,Instagram,Extremely disappointed with the #TechLaunch phone. Overheating issues are terrible. 😡,#Smartphone2024,5102,599,1128,60372,Extremely disappointed with the #TechLaunch phone. Overheating issues are terrible.,-0.7574,negative,6829,11.311347787918441
POST_00491,user_3273,2026-07-18 09:48:11.189091,Reddit,Terrible customer service when I tried to return my #Smartphone2024. Never again.,#TechLaunch,7501,2155,727,93894,Terrible customer service when I tried to return my #Smartphone2024. Never again.,-0.4767,negative,10383,11.058096810266788
POST_00492,user_2143,2026-07-31 02:38:11.189091,Instagram,Best #Smartphone2024 I have ever used. Highly recommend!,"#GadgetReview,#TechLaunch",891,195,208,81637,Best #Smartphone2024 I have ever used. Highly recommend!,0.8066,positive,1294,1.5850461794752444
POST_00493,user_3543,2026-07-21 19:04:11.189091,Reddit,Terrible customer service when I tried to return my #GadgetReview. Never again.,"#GadgetReview,#Smartphone2024,#TechLaunch",4983,1057,1155,62499,Terrible customer service when I tried to return my #GadgetReview. Never again.,-0.4767,negative,7195,11.512
POST_00494,user_662,2026-07-30 10:10:11.189091,Instagram,Not worth the upgrade. #GadgetReview is just a rehash of last year's model.,#GadgetReview,522,162,57,9202,Not worth the upgrade. #GadgetReview is just a rehash of last year's model.,-0.1695,negative,741,8.051722264478975
POST_00495,user_924,2026-07-29 17:36:11.189091,Reddit,Incredible display of skill at the #ChampionshipGame today.,"#Finals,#ChampionshipGame,#SportsEvent",389,112,60,72929,Incredible display of skill at the #ChampionshipGame today.,0.0,neutral,561,0.7692307692307693
POST_00496,user_2609,2026-07-19 13:13:11.189091,Reddit,Worst performance by my team in the #ChampionshipGame. Embarrassing.,"#ChampionshipGame,#Finals,#SportsEvent",965,283,99,19747,Worst performance by my team in the #ChampionshipGame. Embarrassing.,-0.7717,negative,1347,6.820943893052461
POST_00497,user_2134,2026-07-28 18:54:11.189091,Reddit,Can't believe we lost the #SportsEvent. So heartbroken right now. @user_2134 ,"#SportsEvent,#Finals,#ChampionshipGame",390,44,75,42862,Can't believe we lost the #SportsEvent. So heartbroken right now.,-0.6735,negative,509,1.187504374402165
POST_00498,user_4305,2026-07-22 10:37:11.189091,Twitter,What a thrilling finish to the #Finals! Unbelievable! 🏆🔥,"#SportsEvent,#Finals,#ChampionshipGame",508,160,147,9922,What a thrilling finish to the #Finals! Unbelievable!,0.6688,positive,815,8.213241963115992
POST_00499,user_1693,2026-07-15 14:21:11.189091,Twitter,Anyone getting the new #TechLaunch? I can't decide.,#GadgetReview,660,260,178,83780,Anyone getting the new #TechLaunch? I can't decide.,0.0,neutral,1098,1.310559673434311
POST_00500,user_3352,2026-08-02 11:17:11.189091,Twitter,Just saw the specs for the #Smartphone2024 phone. They seem okay. https://example.com/link,#TechLaunch,730,237,49,36822,Just saw the specs for the #Smartphone2024 phone. They seem okay.,0.2263,positive,1016,2.7591450995301847
POST_00501,user_236,2026-07-21 05:59:11.189091,Reddit,Terrible refereeing ruined the #ChampionshipGame. Absolutely rigged. 🗑️,#SportsEvent,16,3,3,608,Terrible refereeing ruined the #ChampionshipGame. Absolutely rigged.,-0.8399,negative,22,3.6124794745484397
POST_00502,user_3157,2026-07-20 20:47:11.189091,Twitter,Can't stop thinking about that game winning play at the #SportsEvent! @user_3157 ,"#ChampionshipGame,#SportsEvent,#Finals",3101,853,495,54024,Can't stop thinking about that game winning play at the #SportsEvent!,0.7894,positive,4449,8.235076353540027
POST_00503,user_2447,2026-07-17 12:26:11.189091,Reddit,Extremely disappointed with the #TechLaunch phone. Overheating issues are terrible. 😡,"#GadgetReview,#Smartphone2024",5067,1791,1308,67782,Extremely disappointed with the #TechLaunch phone. Overheating issues are terrible.,-0.7574,negative,8166,12.047268489149197
POST_00504,user_4638,2026-08-05 12:52:11.189091,Reddit,What a waste of time. #Cinema was completely boring. 🥱 https://example.com/link,"#MovieRelease,#Blockbuster,#Cinema",2874,564,278,40964,What a waste of time. #Cinema was completely boring.,-0.659,negative,3716,9.071158305870865
POST_00505,user_2468,2026-08-01 21:40:11.189091,Twitter,The visual effects in #Cinema blew my mind. 10/10.,#MovieRelease,449,177,91,15988,The visual effects in #Cinema blew my mind. 10/10.,0.0,neutral,717,4.4843329789230095
POST_00506,user_177,2026-07-26 22:19:11.189091,Instagram,The #Finals is pretty competitive this year. https://example.com/link,#ChampionshipGame,2532,773,422,77168,The #Finals is pretty competitive this year.,0.5994,positive,3727,4.829659578328085
POST_00507,user_2679,2026-07-18 16:43:11.189091,Instagram,Terrible customer service when I tried to return my #Smartphone2024. Never again. https://example.com/link,"#Smartphone2024,#GadgetReview,#TechLaunch",5594,1144,1057,93886,Terrible customer service when I tried to return my #Smartphone2024. Never again.,-0.4767,negative,7795,8.302533897131658
POST_00508,user_4244,2026-07-22 23:11:11.189091,Instagram,Extremely disappointed with the #GadgetReview phone. Overheating issues are terrible. 😡 @user_4244 ,#TechLaunch,199,30,12,35515,Extremely disappointed with the #GadgetReview phone. Overheating issues are terrible.,-0.7574,negative,241,0.6785674062394413
POST_00509,user_4272,2026-08-02 08:13:11.189091,Twitter,"Wow, the screen on the #Smartphone2024 is stunning. https://example.com/link","#TechLaunch,#GadgetReview",984,127,182,90733,"Wow, the screen on the #Smartphone2024 is stunning.",0.7506,positive,1293,1.4250446359688762
POST_00510,user_4420,2026-07-12 01:04:11.189091,Reddit,The #SportsEvent is pretty competitive this year.,#Finals,2020,598,373,89055,The #SportsEvent is pretty competitive this year.,0.5994,positive,2991,3.358560905497664
POST_00511,user_2498,2026-08-10 18:42:11.189091,Twitter,The broadcast quality for the #Finals is awful. 😡,"#ChampionshipGame,#SportsEvent",1775,307,277,58560,The broadcast quality for the #Finals is awful.,-0.4588,negative,2359,4.028278205631734
POST_00512,user_4379,2026-07-27 21:52:11.189091,Reddit,Anyone getting the new #GadgetReview? I can't decide. @user_4379 ,#Smartphone2024,2914,557,473,81550,Anyone getting the new #GadgetReview? I can't decide.,0.0,neutral,3944,4.8362374465058675
POST_00513,user_4842,2026-08-03 20:51:11.189091,Twitter,Anyone getting the new #Smartphone2024? I can't decide. https://example.com/link,#GadgetReview,3606,852,820,88084,Anyone getting the new #Smartphone2024? I can't decide.,0.0,neutral,5278,5.991939603791792
POST_00514,user_1090,2026-07-29 16:01:11.189091,Instagram,Terrible refereeing ruined the #ChampionshipGame. Absolutely rigged. 🗑️,"#Finals,#ChampionshipGame",200,48,47,14269,Terrible refereeing ruined the #ChampionshipGame. Absolutely rigged.,-0.8399,negative,295,2.0672740014015414
POST_00515,user_2783,2026-07-27 13:28:11.189091,Twitter,Incredible performance by the lead actor in #Cinema! A must watch!,"#MovieRelease,#Cinema",6241,2424,407,65566,Incredible performance by the lead actor in #Cinema! A must watch!,0.0,neutral,9072,13.836228590601978
POST_00516,user_2027,2026-07-13 19:15:11.189091,Twitter,Worst performance by my team in the #SportsEvent. Embarrassing.,#SportsEvent,0,0,0,83,Worst performance by my team in the #SportsEvent. Embarrassing.,-0.7717,negative,0,0.0
POST_00517,user_3993,2026-07-31 08:27:11.189091,Reddit,Terrible customer service when I tried to return my #TechLaunch. Never again.,"#GadgetReview,#Smartphone2024,#TechLaunch",2193,305,537,64392,Terrible customer service when I tried to return my #TechLaunch. Never again.,-0.4767,negative,3035,4.713245228518628
POST_00518,user_4785,2026-07-23 02:11:11.189091,Instagram,Best #TechLaunch I have ever used. Highly recommend!,#GadgetReview,193,50,31,8634,Best #TechLaunch I have ever used. Highly recommend!,0.8066,positive,274,3.1731325998841924
POST_00519,user_2209,2026-07-28 12:23:11.189091,Instagram,The battery life on this #Smartphone2024 is a joke. 🗑️,"#GadgetReview,#TechLaunch",1676,470,368,34320,The battery life on this #Smartphone2024 is a joke.,0.296,positive,2514,7.324961393898779
POST_00520,user_1927,2026-07-16 01:31:11.189091,Reddit,The broadcast quality for the #Finals is awful. 😡,#Finals,4432,884,1005,55079,The broadcast quality for the #Finals is awful.,-0.4588,negative,6321,11.4760348583878
POST_00521,user_2692,2026-07-15 10:54:11.189091,Twitter,The #SportsEvent is pretty competitive this year.,#SportsEvent,780,305,95,41134,The #SportsEvent is pretty competitive this year.,0.5994,positive,1180,2.86860337911754
POST_00522,user_4855,2026-07-20 04:22:11.189091,Twitter,Terrible customer service when I tried to return my #Smartphone2024. Never again.,#TechLaunch,1282,346,153,19877,Terrible customer service when I tried to return my #Smartphone2024. Never again.,-0.4767,negative,1781,8.9596538887212
POST_00523,user_257,2026-08-05 03:57:11.189091,Twitter,Watching #Cinema with my friends this weekend.,"#Cinema,#Blockbuster",278,33,49,10505,Watching #Cinema with my friends this weekend.,0.4767,positive,360,3.4266133637921183
POST_00524,user_593,2026-07-31 22:21:11.189091,Instagram,Not worth the upgrade. #TechLaunch is just a rehash of last year's model.,"#Smartphone2024,#GadgetReview,#TechLaunch",4178,1459,1175,62589,Not worth the upgrade. #TechLaunch is just a rehash of last year's model.,-0.1695,negative,6812,10.88352772008308
POST_00525,user_2260,2026-08-05 09:49:11.189091,Reddit,Will wait for the reviews before buying the #Smartphone2024 device.,"#TechLaunch,#GadgetReview",136,44,21,24635,Will wait for the reviews before buying the #Smartphone2024 device.,0.0,neutral,201,0.8158792011690209
POST_00526,user_1222,2026-08-10 07:10:11.189091,Reddit,Terrible customer service when I tried to return my #GadgetReview. Never again.,"#Smartphone2024,#TechLaunch",348,136,34,6990,Terrible customer service when I tried to return my #GadgetReview. Never again.,-0.4767,negative,518,7.40952653411529
POST_00527,user_2060,2026-07-29 10:47:11.189091,Reddit,The plot in #Blockbuster made no sense. Avoid at all costs.,"#MovieRelease,#Cinema",3414,1037,582,51378,The plot in #Blockbuster made no sense. Avoid at all costs.,0.5556,positive,5033,9.795830981529418
POST_00528,user_4081,2026-08-05 16:08:11.189091,Twitter,Who do you think will win the #ChampionshipGame?,"#ChampionshipGame,#Finals,#SportsEvent",1618,332,394,75207,Who do you think will win the #ChampionshipGame?,0.5859,positive,2344,3.116689713860228
POST_00529,user_2198,2026-08-03 13:10:11.189091,Twitter,I fell asleep halfway through #MovieRelease.,#Blockbuster,323,47,77,85372,I fell asleep halfway through #MovieRelease.,0.0,neutral,447,0.5235847399060592
POST_00530,user_1035,2026-08-03 01:54:11.189091,Reddit,Incredible performance by the lead actor in #Blockbuster! A must watch!,"#MovieRelease,#Cinema,#Blockbuster",2382,525,616,32984,Incredible performance by the lead actor in #Blockbuster! A must watch!,0.6688,positive,3523,10.680612399575566
POST_00531,user_3612,2026-07-20 19:19:11.189091,Twitter,"#Cinema had some decent moments, but overall average. https://example.com/link","#MovieRelease,#Cinema,#Blockbuster",252,47,25,17638,"#Cinema had some decent moments, but overall average.",0.0,neutral,324,1.836838823062532
POST_00532,user_3157,2026-08-04 03:13:11.189091,Reddit,What a thrilling finish to the #Finals! Unbelievable! 🏆🔥,#Finals,1075,286,107,35926,What a thrilling finish to the #Finals! Unbelievable!,0.6688,positive,1468,4.086063406351769
POST_00533,user_2024,2026-07-20 04:39:11.189091,Reddit,Terrible customer service when I tried to return my #GadgetReview. Never again. https://example.com/link,"#TechLaunch,#GadgetReview,#Smartphone2024",1728,488,265,62569,Terrible customer service when I tried to return my #GadgetReview. Never again.,-0.4767,negative,2481,3.9651590218954773
POST_00534,user_3792,2026-07-29 04:45:11.189091,Twitter,Will wait for the reviews before buying the #Smartphone2024 device.,"#GadgetReview,#Smartphone2024,#TechLaunch",684,206,93,15200,Will wait for the reviews before buying the #Smartphone2024 device.,0.0,neutral,983,6.466679823695809
POST_00535,user_1461,2026-07-22 13:16:11.189091,Instagram,Terrible refereeing ruined the #SportsEvent. Absolutely rigged. 🗑️,"#ChampionshipGame,#SportsEvent,#Finals",1215,318,203,45921,Terrible refereeing ruined the #SportsEvent. Absolutely rigged.,-0.8399,negative,1736,3.7803231566569404
POST_00536,user_4071,2026-07-23 18:06:11.189091,Reddit,The broadcast quality for the #SportsEvent is awful. 😡,#ChampionshipGame,919,336,93,21024,The broadcast quality for the #SportsEvent is awful.,-0.4588,negative,1348,6.41141498216409
POST_00537,user_2695,2026-08-10 19:38:11.189091,Instagram,Comparing the #GadgetReview with other models. @user_2695 ,#GadgetReview,141,48,25,14650,Comparing the #GadgetReview with other models.,0.0,neutral,214,1.460651150092144
POST_00538,user_1943,2026-07-25 17:20:11.189091,Twitter,The plot in #MovieRelease made no sense. Avoid at all costs.,"#MovieRelease,#Blockbuster",519,199,59,11583,The plot in #MovieRelease made no sense. Avoid at all costs.,-0.0803,negative,777,6.707527624309392
POST_00539,user_1896,2026-08-09 10:37:11.189091,Twitter,What a thrilling finish to the #SportsEvent! Unbelievable! 🏆🔥 @user_1896  https://example.com/link,"#Finals,#SportsEvent,#ChampionshipGame",603,125,105,10656,What a thrilling finish to the #SportsEvent! Unbelievable!,0.6688,positive,833,7.81645866566576
POST_00540,user_3907,2026-07-27 22:15:11.189091,Twitter,Not worth the upgrade. #GadgetReview is just a rehash of last year's model.,"#GadgetReview,#Smartphone2024",1288,425,332,18660,Not worth the upgrade. #GadgetReview is just a rehash of last year's model.,-0.1695,negative,2045,10.958683886179733
POST_00541,user_3392,2026-07-29 00:53:11.189091,Instagram,The visual effects in #Cinema blew my mind. 10/10.,"#Cinema,#Blockbuster,#MovieRelease",10338,3795,2697,88959,The visual effects in #Cinema blew my mind. 10/10.,0.0,neutral,16830,18.91861510791367
POST_00542,user_830,2026-07-19 20:50:11.189091,Twitter,"#MovieRelease had some decent moments, but overall average.",#MovieRelease,594,75,77,56265,"#MovieRelease had some decent moments, but overall average.",0.0,neutral,746,1.3258450929513383
POST_00543,user_1645,2026-08-03 08:06:11.189091,Twitter,Terrible refereeing ruined the #Finals. Absolutely rigged. 🗑️,#Finals,885,115,65,21263,Terrible refereeing ruined the #Finals. Absolutely rigged.,-0.8399,negative,1065,5.008465011286681
POST_00544,user_4565,2026-07-21 19:20:11.189091,Twitter,The #SportsEvent is pretty competitive this year. @user_4565  https://example.com/link,#ChampionshipGame,1000,397,139,80767,The #SportsEvent is pretty competitive this year.,0.5994,positive,1536,1.9017432646592711
POST_00545,user_2609,2026-07-17 09:07:11.189091,Twitter,I was on the edge of my seat during #MovieRelease!,"#Cinema,#Blockbuster",1676,536,359,29670,I was on the edge of my seat during #MovieRelease!,0.0,neutral,2571,8.665026456809679
POST_00546,user_3096,2026-07-28 13:18:11.189091,Reddit,I fell asleep halfway through #Cinema.,"#Blockbuster,#Cinema,#MovieRelease",3673,597,753,93606,I fell asleep halfway through #Cinema.,0.0,neutral,5023,5.3660516841689185
POST_00547,user_4993,2026-07-18 06:23:11.189091,Instagram,Can't believe we lost the #ChampionshipGame. So heartbroken right now.,"#ChampionshipGame,#SportsEvent",3761,1102,363,67761,Can't believe we lost the #ChampionshipGame. So heartbroken right now.,-0.6735,negative,5226,7.712287122576075
POST_00548,user_3798,2026-08-02 18:15:11.189091,Reddit,The visual effects in #Blockbuster blew my mind. 10/10.,#MovieRelease,3299,631,832,74048,The visual effects in #Blockbuster blew my mind. 10/10.,0.5994,positive,4762,6.4308768518143395
POST_00549,user_1189,2026-08-02 11:21:11.189091,Twitter,Watching #Cinema with my friends this weekend.,"#Blockbuster,#Cinema",1236,267,298,27383,Watching #Cinema with my friends this weekend.,0.4767,positive,1801,6.576833187262634
POST_00550,user_3813,2026-07-21 00:56:11.189091,Twitter,The broadcast quality for the #SportsEvent is awful. 😡 https://example.com/link,#Finals,105,16,7,16643,The broadcast quality for the #SportsEvent is awful.,-0.4588,negative,128,0.7690459024273011
POST_00551,user_4140,2026-08-10 08:40:11.189091,Reddit,Watching the #ChampionshipGame with friends. Game is tied.,"#SportsEvent,#Finals",43,11,4,28778,Watching the #ChampionshipGame with friends. Game is tied.,0.4767,positive,58,0.201535842107092
POST_00552,user_1596,2026-07-20 06:32:11.189091,Twitter,Terrible customer service when I tried to return my #Smartphone2024. Never again.,"#Smartphone2024,#GadgetReview",3393,1193,936,34441,Terrible customer service when I tried to return my #Smartphone2024. Never again.,-0.4767,negative,5522,16.032750711340803
POST_00553,user_906,2026-07-31 05:35:11.189091,Instagram,Finally got my hands on the #GadgetReview device. Loving the battery life. 😍 @user_906  https://example.com/link,"#TechLaunch,#GadgetReview",935,142,194,64360,Finally got my hands on the #GadgetReview device. Loving the battery life.,0.5994,positive,1271,1.974798402759435
POST_00554,user_3516,2026-07-21 05:56:11.189091,Instagram,Extremely disappointed with the #Smartphone2024 phone. Overheating issues are terrible. 😡,#GadgetReview,2096,221,558,37152,Extremely disappointed with the #Smartphone2024 phone. Overheating issues are terrible.,-0.7574,negative,2875,7.738271472021102
POST_00555,user_1316,2026-08-11 01:52:11.189091,Reddit,Just saw the specs for the #GadgetReview phone. They seem okay. https://example.com/link,#GadgetReview,1340,393,312,35646,Just saw the specs for the #GadgetReview phone. They seem okay.,0.2263,positive,2045,5.736808146548097
POST_00556,user_3752,2026-08-05 16:40:11.189091,Instagram,The battery life on this #GadgetReview is a joke. 🗑️,"#Smartphone2024,#GadgetReview,#TechLaunch",432,137,66,30026,The battery life on this #GadgetReview is a joke.,0.296,positive,635,2.1147633796250043
POST_00557,user_2961,2026-07-22 02:06:11.189091,Instagram,Extremely disappointed with the #TechLaunch phone. Overheating issues are terrible. 😡,"#TechLaunch,#GadgetReview,#Smartphone2024",1731,207,259,42533,Extremely disappointed with the #TechLaunch phone. Overheating issues are terrible.,-0.7574,negative,2197,5.165279541073024
POST_00558,user_4178,2026-07-28 06:20:11.189091,Twitter,I fell asleep halfway through #Cinema.,"#Cinema,#MovieRelease,#Blockbuster",5467,633,1184,50735,I fell asleep halfway through #Cinema.,0.0,neutral,7284,14.35666982024598
POST_00559,user_4085,2026-07-24 19:55:11.189091,Instagram,I fell asleep halfway through #MovieRelease.,#MovieRelease,2564,664,369,38470,I fell asleep halfway through #MovieRelease.,0.0,neutral,3597,9.349899924618544
POST_00560,user_2166,2026-07-24 14:41:11.189091,Twitter,Incredible performance by the lead actor in #Blockbuster! A must watch!,"#MovieRelease,#Blockbuster,#Cinema",8782,2225,2269,72783,Incredible performance by the lead actor in #Blockbuster! A must watch!,0.6688,positive,13276,18.240272587381842
POST_00561,user_4615,2026-07-12 00:38:11.189091,Reddit,Not worth the upgrade. #Smartphone2024 is just a rehash of last year's model. @user_4615  https://example.com/link,#TechLaunch,4306,463,272,62897,Not worth the upgrade. #Smartphone2024 is just a rehash of last year's model.,-0.1695,negative,5041,8.014563261152977
POST_00562,user_629,2026-07-29 17:30:11.189091,Instagram,Will wait for the reviews before buying the #Smartphone2024 device.,#Smartphone2024,2737,1059,359,71385,Will wait for the reviews before buying the #Smartphone2024 device.,0.0,neutral,4155,5.820468999523716
POST_00563,user_4093,2026-08-07 20:16:11.189091,Reddit,Comparing the #GadgetReview with other models. https://example.com/link,"#GadgetReview,#TechLaunch,#Smartphone2024",1017,271,195,21092,Comparing the #GadgetReview with other models.,0.0,neutral,1483,7.030768501398568
POST_00564,user_1753,2026-07-15 13:16:11.189091,Instagram,Extremely disappointed with the #Smartphone2024 phone. Overheating issues are terrible. 😡 https://example.com/link,"#TechLaunch,#Smartphone2024,#GadgetReview",2504,941,130,28085,Extremely disappointed with the #Smartphone2024 phone. Overheating issues are terrible.,-0.7574,negative,3575,12.72876166061383
POST_00565,user_286,2026-08-08 20:08:11.189091,Twitter,Just saw the specs for the #Smartphone2024 phone. They seem okay.,#Smartphone2024,3663,1320,900,79051,Just saw the specs for the #Smartphone2024 phone. They seem okay.,0.2263,positive,5883,7.441936952891767
POST_00566,user_3140,2026-07-27 02:58:11.189091,Instagram,Will wait for the reviews before buying the #GadgetReview device. https://example.com/link,"#Smartphone2024,#TechLaunch",142,21,7,57079,Will wait for the reviews before buying the #GadgetReview device.,0.0,neutral,170,0.2978276103714086
POST_00567,user_95,2026-08-08 00:58:11.189091,Reddit,My team finally won the #Finals! Best day ever! https://example.com/link,"#SportsEvent,#ChampionshipGame",9078,3077,1098,85346,My team finally won the #Finals! Best day ever!,0.8585,positive,13253,15.528372409106353
POST_00568,user_3938,2026-08-11 10:40:11.189091,Reddit,The new #Smartphone2024 phone is absolutely amazing! The camera is unreal! 📱✨,"#GadgetReview,#TechLaunch,#Smartphone2024",486,87,144,50998,The new #Smartphone2024 phone is absolutely amazing! The camera is unreal!,0.6885,positive,717,1.405909919802349
POST_00569,user_3188,2026-07-22 12:04:11.189091,Instagram,Terrible refereeing ruined the #Finals. Absolutely rigged. 🗑️,"#ChampionshipGame,#Finals",9476,2292,1494,91545,Terrible refereeing ruined the #Finals. Absolutely rigged.,-0.8399,negative,13262,14.486706136805541
POST_00570,user_757,2026-07-13 11:40:11.189091,Twitter,Finally got my hands on the #GadgetReview device. Loving the battery life. 😍,"#GadgetReview,#Smartphone2024,#TechLaunch",387,53,92,65751,Finally got my hands on the #GadgetReview device. Loving the battery life.,0.5994,positive,532,0.80910086385205
POST_00571,user_3127,2026-07-21 06:29:11.189091,Twitter,Finally got my hands on the #Smartphone2024 device. Loving the battery life. 😍,#TechLaunch,1192,383,143,11177,Finally got my hands on the #Smartphone2024 device. Loving the battery life.,0.5994,positive,1718,15.369475755949185
POST_00572,user_4673,2026-07-22 18:04:11.189091,Instagram,My team finally won the #SportsEvent! Best day ever! @user_4673 ,"#SportsEvent,#ChampionshipGame,#Finals",5412,1786,542,99865,My team finally won the #SportsEvent! Best day ever!,0.8585,positive,7740,7.750385516592234
POST_00573,user_4152,2026-07-29 04:37:11.189091,Twitter,"#Cinema had some decent moments, but overall average.","#Cinema,#Blockbuster",1632,381,200,56902,"#Cinema had some decent moments, but overall average.",0.0,neutral,2213,3.8890743897509794
POST_00574,user_1370,2026-08-07 03:34:11.189091,Reddit,Finally got my hands on the #GadgetReview device. Loving the battery life. 😍,#Smartphone2024,1905,748,110,66675,Finally got my hands on the #GadgetReview device. Loving the battery life.,0.5994,positive,2763,4.143919851220829
POST_00575,user_3798,2026-08-08 08:58:11.189091,Instagram,Incredible performance by the lead actor in #MovieRelease! A must watch!,"#MovieRelease,#Blockbuster",741,239,87,29359,Incredible performance by the lead actor in #MovieRelease! A must watch!,0.0,neutral,1067,3.634196185286104
POST_00576,user_1112,2026-08-03 17:38:11.189091,Twitter,The visual effects in #Cinema blew my mind. 10/10.,"#MovieRelease,#Cinema,#Blockbuster",3453,1018,811,58636,The visual effects in #Cinema blew my mind. 10/10.,0.0,neutral,5282,9.0079642546515
POST_00577,user_3251,2026-07-30 22:18:11.189091,Reddit,Worst ending ever. #Cinema completely ruined the franchise. https://example.com/link,#Blockbuster,8490,3008,1634,88579,Worst ending ever. #Cinema completely ruined the franchise.,-0.8173,negative,13132,14.825016933845111
POST_00578,user_3660,2026-08-05 13:46:11.189091,Twitter,Not worth the upgrade. #Smartphone2024 is just a rehash of last year's model.,#Smartphone2024,7856,1185,2263,92644,Not worth the upgrade. #Smartphone2024 is just a rehash of last year's model.,-0.1695,negative,11304,12.201413999676184
POST_00579,user_2471,2026-08-04 22:09:11.189091,Instagram,Incredible display of skill at the #Finals today.,"#Finals,#ChampionshipGame",4106,763,721,87187,Incredible display of skill at the #Finals today.,0.0,neutral,5590,6.411432765976969
POST_00580,user_4777,2026-07-13 07:41:11.189091,Twitter,Best #TechLaunch I have ever used. Highly recommend!,#Smartphone2024,618,151,80,13286,Best #TechLaunch I have ever used. Highly recommend!,0.8066,positive,849,6.389704222172048
POST_00581,user_877,2026-07-26 19:58:11.189091,Twitter,The broadcast quality for the #Finals is awful. 😡 https://example.com/link,"#ChampionshipGame,#Finals,#SportsEvent",3660,735,999,99048,The broadcast quality for the #Finals is awful.,-0.4588,negative,5394,5.445789457743137
POST_00582,user_1683,2026-07-25 08:03:11.189091,Twitter,My team finally won the #Finals! Best day ever! https://example.com/link,"#ChampionshipGame,#SportsEvent",6,2,1,181,My team finally won the #Finals! Best day ever!,0.8585,positive,9,4.945054945054945
POST_00583,user_3575,2026-08-06 19:49:11.189091,Instagram,Getting snacks ready for the #Finals.,#Finals,1433,548,148,35426,Getting snacks ready for the #Finals.,0.3612,positive,2129,6.009540745758884
POST_00584,user_1019,2026-07-14 13:51:11.189091,Reddit,Best #Smartphone2024 I have ever used. Highly recommend!,"#TechLaunch,#GadgetReview",147,39,21,5906,Best #Smartphone2024 I have ever used. Highly recommend!,0.8066,positive,207,3.5043169121381412
POST_00585,user_4816,2026-08-08 01:09:11.189091,Reddit,Just saw the specs for the #TechLaunch phone. They seem okay.,"#TechLaunch,#GadgetReview",2444,551,458,91470,Just saw the specs for the #TechLaunch phone. They seem okay.,0.2263,positive,3453,3.7749669294093207
POST_00586,user_4340,2026-08-05 09:29:11.189091,Instagram,Just watched the new #Blockbuster. Best movie of the year! 🍿🎬,#Blockbuster,2082,224,388,84061,Just watched the new #Blockbuster. Best movie of the year!,0.8553,positive,2694,3.2047774261854345
POST_00587,user_2107,2026-07-27 02:40:11.189091,Reddit,My team finally won the #ChampionshipGame! Best day ever! @user_2107 ,"#SportsEvent,#Finals,#ChampionshipGame",212,72,52,2558,My team finally won the #ChampionshipGame! Best day ever!,0.8585,positive,336,13.130128956623683
POST_00588,user_4433,2026-07-16 12:24:11.189091,Instagram,I fell asleep halfway through #Blockbuster. @user_4433 ,"#MovieRelease,#Blockbuster,#Cinema",3913,525,920,91198,I fell asleep halfway through #Blockbuster.,0.5994,positive,5358,5.875064419566004
POST_00589,user_4225,2026-08-01 06:54:11.189091,Reddit,"Wow, the screen on the #TechLaunch is stunning.","#GadgetReview,#Smartphone2024,#TechLaunch",3046,907,688,69130,"Wow, the screen on the #TechLaunch is stunning.",0.7506,positive,4641,6.713341337460762
POST_00590,user_1982,2026-07-15 12:37:11.189091,Reddit,Can't stop thinking about that game winning play at the #ChampionshipGame!,"#ChampionshipGame,#SportsEvent",1814,700,225,35249,Can't stop thinking about that game winning play at the #ChampionshipGame!,0.7894,positive,2739,7.770212765957448
POST_00591,user_4513,2026-07-24 17:15:11.189091,Twitter,Terrible customer service when I tried to return my #TechLaunch. Never again.,"#GadgetReview,#Smartphone2024,#TechLaunch",2735,429,627,37795,Terrible customer service when I tried to return my #TechLaunch. Never again.,-0.4767,negative,3791,10.030161921896497
POST_00592,user_613,2026-08-03 07:01:11.189091,Reddit,I fell asleep halfway through #MovieRelease.,"#Cinema,#MovieRelease,#Blockbuster",4118,827,720,64168,I fell asleep halfway through #MovieRelease.,0.0,neutral,5665,8.828250401284109
POST_00593,user_4594,2026-08-10 04:29:11.189091,Instagram,The visual effects in #Blockbuster blew my mind. 10/10.,#Cinema,1820,260,480,70367,The visual effects in #Blockbuster blew my mind. 10/10.,0.5994,positive,2560,3.638017280582083
POST_00594,user_3425,2026-07-20 13:33:11.189091,Twitter,I fell asleep halfway through #MovieRelease.,#Cinema,245,59,66,17834,I fell asleep halfway through #MovieRelease.,0.0,neutral,370,2.0745724698626296
POST_00595,user_2544,2026-07-17 12:52:11.189091,Reddit,Terrible refereeing ruined the #ChampionshipGame. Absolutely rigged. 🗑️,"#SportsEvent,#Finals,#ChampionshipGame",487,62,32,36390,Terrible refereeing ruined the #ChampionshipGame. Absolutely rigged.,-0.8399,negative,581,1.5965485971806217
POST_00596,user_1992,2026-07-25 00:36:11.189091,Twitter,Going to see #MovieRelease tonight. Hope it's good. https://example.com/link,#Cinema,499,55,148,52747,Going to see #MovieRelease tonight. Hope it's good.,0.7003,positive,702,1.3308561462045954
POST_00597,user_3962,2026-07-20 02:44:11.189091,Twitter,Can't believe we lost the #SportsEvent. So heartbroken right now. @user_3962 ,"#ChampionshipGame,#SportsEvent",5776,1244,1066,68839,Can't believe we lost the #SportsEvent. So heartbroken right now.,-0.6735,negative,8086,11.74607786170831
POST_00598,user_3760,2026-08-04 07:56:11.189091,Instagram,The visual effects in #MovieRelease blew my mind. 10/10.,#Blockbuster,94,12,27,1703,The visual effects in #MovieRelease blew my mind. 10/10.,0.0,neutral,133,7.805164319248827
POST_00599,user_3063,2026-08-08 03:49:11.189091,Instagram,Worst ending ever. #Cinema completely ruined the franchise.,"#Cinema,#MovieRelease",59,8,4,36994,Worst ending ever. #Cinema completely ruined the franchise.,-0.8173,negative,71,0.19191782673334234
POST_00600,user_2423,2026-07-16 03:32:11.189091,Reddit,Not worth the upgrade. #Smartphone2024 is just a rehash of last year's model. https://example.com/link,"#Smartphone2024,#GadgetReview,#TechLaunch",849,99,96,19053,Not worth the upgrade. #Smartphone2024 is just a rehash of last year's model.,-0.1695,negative,1044,5.479164479899234
POST_00601,user_2387,2026-08-10 06:20:11.189091,Twitter,"Wow, the screen on the #Smartphone2024 is stunning. https://example.com/link","#TechLaunch,#GadgetReview,#Smartphone2024",1892,194,308,60109,"Wow, the screen on the #Smartphone2024 is stunning.",0.7506,positive,2394,3.982698386291798
POST_00602,user_3751,2026-08-01 14:18:11.189091,Reddit,Incredible performance by the lead actor in #MovieRelease! A must watch!,#Cinema,1744,473,293,26141,Incredible performance by the lead actor in #MovieRelease! A must watch!,0.0,neutral,2510,9.601407696427206
POST_00603,user_3680,2026-07-30 16:16:11.189091,Reddit,Getting snacks ready for the #SportsEvent. https://example.com/link,"#ChampionshipGame,#Finals",1230,423,165,84932,Getting snacks ready for the #SportsEvent.,0.3612,positive,1818,2.140510755536717
POST_00604,user_4721,2026-08-02 05:25:11.189091,Instagram,Terrible customer service when I tried to return my #TechLaunch. Never again.,#Smartphone2024,3208,506,935,54199,Terrible customer service when I tried to return my #TechLaunch. Never again.,-0.4767,negative,4649,8.57749077490775
POST_00605,user_2337,2026-07-11 16:57:11.189091,Instagram,"Wow, the screen on the #GadgetReview is stunning.","#TechLaunch,#Smartphone2024",3002,629,549,79899,"Wow, the screen on the #GadgetReview is stunning.",0.7506,positive,4180,5.231539424280351
POST_00606,user_1196,2026-08-09 23:45:11.189091,Reddit,The battery life on this #TechLaunch is a joke. 🗑️,#Smartphone2024,1497,431,265,26566,The battery life on this #TechLaunch is a joke.,0.296,positive,2193,8.25460157338051
POST_00607,user_3809,2026-07-17 19:59:11.189091,Instagram,Worst performance by my team in the #Finals. Embarrassing.,"#ChampionshipGame,#Finals",111,28,26,56538,Worst performance by my team in the #Finals. Embarrassing.,-0.7717,negative,165,0.2918339553228745
POST_00608,user_3434,2026-07-20 06:26:11.189091,Twitter,Watching the #ChampionshipGame with friends. Game is tied. https://example.com/link,"#Finals,#ChampionshipGame",1150,249,92,37987,Watching the #ChampionshipGame with friends. Game is tied.,0.4767,positive,1491,3.9249236601031905
POST_00609,user_166,2026-08-09 22:51:11.189091,Instagram,Finally got my hands on the #TechLaunch device. Loving the battery life. 😍,"#TechLaunch,#GadgetReview",8045,2651,547,90386,Finally got my hands on the #TechLaunch device. Loving the battery life.,0.5994,positive,11243,12.438735658889
POST_00610,user_4796,2026-08-09 23:56:11.189091,Instagram,"Wow, the screen on the #Smartphone2024 is stunning.","#GadgetReview,#Smartphone2024,#TechLaunch",1265,370,85,51844,"Wow, the screen on the #Smartphone2024 is stunning.",0.7506,positive,1720,3.317581251808275
POST_00611,user_3055,2026-07-29 17:45:11.189091,Reddit,I was on the edge of my seat during #Cinema!,"#MovieRelease,#Blockbuster",4990,1874,381,56616,I was on the edge of my seat during #Cinema!,0.0,neutral,7245,12.796509882190863
POST_00612,user_3993,2026-07-18 23:20:11.189091,Twitter,Worst ending ever. #MovieRelease completely ruined the franchise. @user_3993 ,"#Cinema,#Blockbuster,#MovieRelease",6640,858,1797,80627,Worst ending ever. #MovieRelease completely ruined the franchise.,-0.8173,negative,9295,11.528253212283573
POST_00613,user_139,2026-07-17 08:57:11.189091,Twitter,Can't stop thinking about that game winning play at the #ChampionshipGame!,"#Finals,#SportsEvent",6313,2491,1451,54448,Can't stop thinking about that game winning play at the #ChampionshipGame!,0.7894,positive,10255,18.834138368014106
POST_00614,user_3473,2026-07-16 16:51:11.189091,Twitter,What a thrilling finish to the #SportsEvent! Unbelievable! 🏆🔥,"#Finals,#SportsEvent,#ChampionshipGame",791,182,235,70070,What a thrilling finish to the #SportsEvent! Unbelievable!,0.6688,positive,1208,1.723965691941031
POST_00615,user_3353,2026-07-29 22:34:11.189091,Twitter,Finally got my hands on the #TechLaunch device. Loving the battery life. 😍,#Smartphone2024,2291,526,486,35518,Finally got my hands on the #TechLaunch device. Loving the battery life.,0.5994,positive,3303,9.299248289647794
POST_00616,user_4216,2026-07-29 12:05:11.189091,Instagram,Extremely disappointed with the #TechLaunch phone. Overheating issues are terrible. 😡,"#GadgetReview,#TechLaunch",2864,587,433,50729,Extremely disappointed with the #TechLaunch phone. Overheating issues are terrible.,-0.7574,negative,3884,7.656219199684605
POST_00617,user_2231,2026-07-20 20:35:11.189091,Instagram,Extremely disappointed with the #Smartphone2024 phone. Overheating issues are terrible. 😡 https://example.com/link,"#Smartphone2024,#TechLaunch",459,95,79,33815,Extremely disappointed with the #Smartphone2024 phone. Overheating issues are terrible.,-0.7574,negative,633,1.8718949609652238
POST_00618,user_550,2026-07-13 08:29:11.189091,Twitter,Terrible customer service when I tried to return my #GadgetReview. Never again.,"#TechLaunch,#GadgetReview",0,0,0,37,Terrible customer service when I tried to return my #GadgetReview. Never again.,-0.4767,negative,0,0.0
POST_00619,user_3535,2026-08-01 14:28:11.189091,Twitter,The broadcast quality for the #SportsEvent is awful. 😡 https://example.com/link,"#SportsEvent,#ChampionshipGame",3676,1254,372,64110,The broadcast quality for the #SportsEvent is awful.,-0.4588,negative,5302,8.27003166383304
POST_00620,user_1260,2026-08-08 23:23:11.189091,Reddit,Will wait for the reviews before buying the #GadgetReview device. @user_1260 ,#TechLaunch,566,93,61,19050,Will wait for the reviews before buying the #GadgetReview device.,0.0,neutral,720,3.7793291690724895
POST_00621,user_1418,2026-08-08 16:10:11.189091,Reddit,The visual effects in #Blockbuster blew my mind. 10/10. @user_1418 ,#MovieRelease,849,207,244,78129,The visual effects in #Blockbuster blew my mind. 10/10.,0.5994,positive,1300,1.6638935108153077
POST_00622,user_3500,2026-07-14 13:36:11.189091,Reddit,Just watched the new #Cinema. Best movie of the year! 🍿🎬 @user_3500 ,#MovieRelease,1277,138,195,34662,Just watched the new #Cinema. Best movie of the year!,0.6696,positive,1610,4.644722037907856
POST_00623,user_3396,2026-08-03 06:30:11.189091,Twitter,Just watched the new #MovieRelease. Best movie of the year! 🍿🎬,"#Cinema,#Blockbuster",629,222,99,25357,Just watched the new #MovieRelease. Best movie of the year!,0.6696,positive,950,3.7463522359807557
POST_00624,user_1032,2026-07-13 08:18:11.189091,Reddit,Extremely disappointed with the #TechLaunch phone. Overheating issues are terrible. 😡 https://example.com/link,"#GadgetReview,#TechLaunch",63,19,6,5299,Extremely disappointed with the #TechLaunch phone. Overheating issues are terrible.,-0.7574,negative,88,1.6603773584905661
POST_00625,user_3189,2026-08-01 15:35:11.189091,Reddit,Terrible refereeing ruined the #Finals. Absolutely rigged. 🗑️ @user_3189  https://example.com/link,"#ChampionshipGame,#SportsEvent,#Finals",4115,1315,448,70606,Terrible refereeing ruined the #Finals. Absolutely rigged.,-0.8399,negative,5878,8.324953616496948
POST_00626,user_1783,2026-07-25 12:32:11.189091,Twitter,Worst ending ever. #Cinema completely ruined the franchise. https://example.com/link,"#Blockbuster,#MovieRelease",4648,1223,984,89661,Worst ending ever. #Cinema completely ruined the franchise.,-0.8173,negative,6855,7.6453793134215156
POST_00627,user_4752,2026-08-06 09:52:11.189091,Instagram,Getting snacks ready for the #ChampionshipGame.,"#Finals,#ChampionshipGame",245,63,39,11249,Getting snacks ready for the #ChampionshipGame.,0.3612,positive,347,3.0844444444444443
POST_00628,user_2575,2026-08-09 02:30:11.189091,Instagram,Extremely disappointed with the #GadgetReview phone. Overheating issues are terrible. 😡,"#Smartphone2024,#GadgetReview,#TechLaunch",4804,704,1103,54142,Extremely disappointed with the #GadgetReview phone. Overheating issues are terrible.,-0.7574,negative,6611,12.210258020427386
POST_00629,user_3874,2026-07-25 20:12:11.189091,Instagram,Not worth the upgrade. #TechLaunch is just a rehash of last year's model.,"#TechLaunch,#GadgetReview,#Smartphone2024",2666,494,298,79529,Not worth the upgrade. #TechLaunch is just a rehash of last year's model.,-0.1695,negative,3458,4.348044762982522
POST_00630,user_4845,2026-07-19 19:26:11.189091,Twitter,The battery life on this #GadgetReview is a joke. 🗑️ @user_4845 ,#GadgetReview,3774,992,815,62416,The battery life on this #GadgetReview is a joke.,0.296,positive,5581,8.941474277840973
POST_00631,user_2816,2026-07-18 05:24:11.189091,Reddit,Best #TechLaunch I have ever used. Highly recommend!,"#GadgetReview,#Smartphone2024,#TechLaunch",3816,656,758,55177,Best #TechLaunch I have ever used. Highly recommend!,0.8066,positive,5230,9.478415310449817
POST_00632,user_2171,2026-07-15 13:45:11.189091,Reddit,Anyone getting the new #GadgetReview? I can't decide.,"#GadgetReview,#TechLaunch,#Smartphone2024",3447,1047,304,78941,Anyone getting the new #GadgetReview? I can't decide.,0.0,neutral,4798,6.077879962504117
POST_00633,user_30,2026-07-12 13:41:11.189091,Reddit,The battery life on this #GadgetReview is a joke. 🗑️ https://example.com/link,#Smartphone2024,525,110,143,83615,The battery life on this #GadgetReview is a joke.,0.296,positive,778,0.9304439341752775
POST_00634,user_411,2026-08-02 06:10:11.189091,Instagram,Going to see #Cinema tonight. Hope it's good.,#MovieRelease,1478,316,234,75965,Going to see #Cinema tonight. Hope it's good.,0.7003,positive,2028,2.669615354237422
POST_00635,user_2404,2026-08-08 21:26:11.189091,Twitter,Incredible display of skill at the #Finals today. @user_2404 ,"#Finals,#ChampionshipGame,#SportsEvent",408,118,47,91200,Incredible display of skill at the #Finals today.,0.0,neutral,573,0.6282825846207827
POST_00636,user_2747,2026-07-26 15:39:11.189091,Instagram,Can't believe we lost the #SportsEvent. So heartbroken right now.,#SportsEvent,4996,891,1295,90988,Can't believe we lost the #SportsEvent. So heartbroken right now.,-0.6735,negative,7182,7.893261822857708
POST_00637,user_2216,2026-07-13 11:10:11.189091,Twitter,Terrible refereeing ruined the #Finals. Absolutely rigged. 🗑️ @user_2216 ,#SportsEvent,1073,365,94,16997,Terrible refereeing ruined the #Finals. Absolutely rigged.,-0.8399,negative,1532,9.012825038239793
POST_00638,user_2759,2026-07-12 14:34:11.189091,Twitter,Watching the #Finals with friends. Game is tied.,"#SportsEvent,#ChampionshipGame",460,74,122,25219,Watching the #Finals with friends. Game is tied.,0.4767,positive,656,2.6011102299762094
POST_00639,user_1181,2026-08-02 08:23:11.189091,Twitter,The visual effects in #Cinema blew my mind. 10/10.,#Cinema,76,14,3,9861,The visual effects in #Cinema blew my mind. 10/10.,0.0,neutral,93,0.9430135875076049
POST_00640,user_2472,2026-08-05 06:18:11.189091,Reddit,I fell asleep halfway through #Cinema.,#MovieRelease,1538,300,84,64709,I fell asleep halfway through #Cinema.,0.0,neutral,1922,2.9701746252511203
POST_00641,user_4287,2026-07-26 12:02:11.189091,Twitter,The plot in #MovieRelease made no sense. Avoid at all costs.,"#MovieRelease,#Cinema,#Blockbuster",2977,485,508,37890,The plot in #MovieRelease made no sense. Avoid at all costs.,-0.0803,negative,3970,10.477422079121691
POST_00642,user_3278,2026-07-31 13:27:11.189091,Reddit,Extremely disappointed with the #GadgetReview phone. Overheating issues are terrible. 😡,"#GadgetReview,#Smartphone2024",2583,993,229,35364,Extremely disappointed with the #GadgetReview phone. Overheating issues are terrible.,-0.7574,negative,3805,10.759225222677788
POST_00643,user_4588,2026-07-18 06:11:11.189091,Instagram,Can't believe we lost the #ChampionshipGame. So heartbroken right now. https://example.com/link,"#SportsEvent,#Finals,#ChampionshipGame",55,19,4,1333,Can't believe we lost the #ChampionshipGame. So heartbroken right now.,-0.6735,negative,78,5.847076461769116
POST_00644,user_2713,2026-08-08 10:14:11.189091,Twitter,The new #GadgetReview phone is absolutely amazing! The camera is unreal! 📱✨,#GadgetReview,3502,453,967,70647,The new #GadgetReview phone is absolutely amazing! The camera is unreal!,0.6885,positive,4922,6.966934661986185
POST_00645,user_113,2026-07-17 06:33:11.189091,Instagram,The visual effects in #Cinema blew my mind. 10/10. @user_113  https://example.com/link,#Blockbuster,821,103,182,24555,The visual effects in #Cinema blew my mind. 10/10.,0.0,neutral,1106,4.503990877993159
POST_00646,user_4100,2026-08-01 21:29:11.189091,Reddit,Watching the #SportsEvent with friends. Game is tied.,"#ChampionshipGame,#SportsEvent",980,296,246,72073,Watching the #SportsEvent with friends. Game is tied.,0.4767,positive,1522,2.1117185115298165
POST_00647,user_3777,2026-08-05 18:20:11.189091,Instagram,"#Blockbuster had some decent moments, but overall average.","#Cinema,#MovieRelease",2295,311,597,57945,"#Blockbuster had some decent moments, but overall average.",0.3506,positive,3203,5.527560142201359
POST_00648,user_3268,2026-08-01 22:59:11.189091,Reddit,The visual effects in #Blockbuster blew my mind. 10/10.,"#Blockbuster,#MovieRelease,#Cinema",9102,1123,1107,87388,The visual effects in #Blockbuster blew my mind. 10/10.,0.5994,positive,11332,12.967307098147366
POST_00649,user_611,2026-07-19 12:15:11.189091,Instagram,The new #TechLaunch phone is absolutely amazing! The camera is unreal! 📱✨ @user_611 ,"#Smartphone2024,#GadgetReview",1550,268,440,39210,The new #TechLaunch phone is absolutely amazing! The camera is unreal!,0.6885,positive,2258,5.758588151284078
POST_00650,user_2316,2026-08-07 16:42:11.189091,Instagram,Not worth the upgrade. #Smartphone2024 is just a rehash of last year's model. @user_2316 ,#TechLaunch,3643,959,261,38379,Not worth the upgrade. #Smartphone2024 is just a rehash of last year's model.,-0.1695,negative,4863,12.670661803022407
POST_00651,user_4095,2026-08-02 02:40:11.189091,Twitter,Getting snacks ready for the #SportsEvent.,"#SportsEvent,#ChampionshipGame,#Finals",1661,417,245,54818,Getting snacks ready for the #SportsEvent.,0.3612,positive,2323,4.2375818603039095
POST_00652,user_1690,2026-08-07 20:40:11.189091,Twitter,Worst ending ever. #Cinema completely ruined the franchise.,#MovieRelease,3154,850,324,81209,Worst ending ever. #Cinema completely ruined the franchise.,-0.8173,negative,4328,5.3293929319049385
POST_00653,user_2245,2026-08-05 23:01:11.189091,Twitter,The broadcast quality for the #Finals is awful. 😡 @user_2245 ,"#SportsEvent,#Finals,#ChampionshipGame",88,13,7,11058,The broadcast quality for the #Finals is awful.,-0.4588,negative,108,0.9765801609548784
POST_00654,user_2111,2026-07-18 13:09:11.189091,Twitter,Incredible performance by the lead actor in #Blockbuster! A must watch!,"#Blockbuster,#Cinema",406,128,64,7016,Incredible performance by the lead actor in #Blockbuster! A must watch!,0.6688,positive,598,8.522160467436226
POST_00655,user_3102,2026-07-20 21:45:11.189091,Twitter,The new #Smartphone2024 phone is absolutely amazing! The camera is unreal! 📱✨ @user_3102  https://example.com/link,"#Smartphone2024,#TechLaunch,#GadgetReview",347,39,53,30767,The new #Smartphone2024 phone is absolutely amazing! The camera is unreal!,0.6885,positive,439,1.4268070722828914
POST_00656,user_2045,2026-07-30 06:55:11.189091,Instagram,"Wow, the screen on the #TechLaunch is stunning.",#Smartphone2024,554,170,65,7710,"Wow, the screen on the #TechLaunch is stunning.",0.7506,positive,789,10.232135909739332
POST_00657,user_16,2026-07-13 02:01:11.189091,Twitter,The visual effects in #MovieRelease blew my mind. 10/10. https://example.com/link,"#Cinema,#MovieRelease",1863,726,198,29229,The visual effects in #MovieRelease blew my mind. 10/10.,0.0,neutral,2787,9.534724598015737
POST_00658,user_1178,2026-07-18 15:09:11.189091,Twitter,Will wait for the reviews before buying the #TechLaunch device.,#GadgetReview,545,66,40,23567,Will wait for the reviews before buying the #TechLaunch device.,0.0,neutral,651,2.7622199592668024
POST_00659,user_4221,2026-07-15 03:37:11.189091,Instagram,Just saw the specs for the #TechLaunch phone. They seem okay. https://example.com/link,#TechLaunch,571,96,29,52014,Just saw the specs for the #TechLaunch phone. They seem okay.,0.2263,positive,696,1.3380755551283283
POST_00660,user_3938,2026-07-12 05:54:11.189091,Instagram,The broadcast quality for the #Finals is awful. 😡,"#SportsEvent,#Finals,#ChampionshipGame",212,47,43,10048,The broadcast quality for the #Finals is awful.,-0.4588,negative,302,3.0052741566325007
POST_00661,user_4621,2026-08-05 23:51:11.189091,Twitter,Going to see #MovieRelease tonight. Hope it's good.,#Cinema,68,21,3,2910,Going to see #MovieRelease tonight. Hope it's good.,0.7003,positive,92,3.160425970456888
POST_00662,user_2850,2026-07-23 01:28:11.189091,Instagram,Just saw the specs for the #TechLaunch phone. They seem okay.,#TechLaunch,275,68,65,20561,Just saw the specs for the #TechLaunch phone. They seem okay.,0.2263,positive,408,1.9842427779398892
POST_00663,user_1937,2026-08-05 11:40:11.189091,Instagram,Worst performance by my team in the #Finals. Embarrassing.,"#Finals,#ChampionshipGame,#SportsEvent",4456,1593,1269,49246,Worst performance by my team in the #Finals. Embarrassing.,-0.7717,negative,7318,14.859788413507422
POST_00664,user_3402,2026-07-22 22:05:11.189091,Twitter,Watching the #Finals with friends. Game is tied.,"#Finals,#ChampionshipGame",2247,420,424,91138,Watching the #Finals with friends. Game is tied.,0.4767,positive,3091,3.3915228387408245
POST_00665,user_4663,2026-07-19 13:00:11.189091,Instagram,What a waste of time. #Blockbuster was completely boring. 🥱,"#Cinema,#Blockbuster,#MovieRelease",13,3,2,293,What a waste of time. #Blockbuster was completely boring.,-0.1263,negative,18,6.122448979591836
POST_00666,user_347,2026-07-22 07:37:11.189091,Reddit,"Tickets for #Blockbuster were expensive, hope it's worth it.",#Blockbuster,80,9,6,17652,"Tickets for #Blockbuster were expensive, hope it's worth it.",0.8271,positive,95,0.5381521554410016
POST_00667,user_2811,2026-07-25 11:06:11.189091,Reddit,Best #GadgetReview I have ever used. Highly recommend!,"#Smartphone2024,#GadgetReview",1514,328,132,37528,Best #GadgetReview I have ever used. Highly recommend!,0.8066,positive,1974,5.2599323190066345
POST_00668,user_1397,2026-07-17 15:41:11.189091,Reddit,What a thrilling finish to the #ChampionshipGame! Unbelievable! 🏆🔥,#SportsEvent,5696,1627,977,96284,What a thrilling finish to the #ChampionshipGame! Unbelievable!,0.6688,positive,8300,8.620241989925741
POST_00669,user_3990,2026-07-24 12:54:11.189091,Reddit,"#Blockbuster had some decent moments, but overall average. @user_3990 ",#Blockbuster,358,113,63,53577,"#Blockbuster had some decent moments, but overall average.",0.3506,positive,534,0.9966777408637874
POST_00670,user_4020,2026-08-03 20:43:11.189091,Instagram,The plot in #Cinema made no sense. Avoid at all costs. @user_4020 ,"#Blockbuster,#Cinema",7114,2603,813,86712,The plot in #Cinema made no sense. Avoid at all costs.,-0.0803,negative,10530,12.143507893856746
POST_00671,user_4592,2026-07-16 02:31:11.189091,Twitter,The battery life on this #Smartphone2024 is a joke. 🗑️ https://example.com/link,#Smartphone2024,7918,1904,2025,91496,The battery life on this #Smartphone2024 is a joke.,0.296,positive,11847,12.947965507065806
POST_00672,user_4319,2026-08-04 12:20:11.189091,Reddit,What a thrilling finish to the #ChampionshipGame! Unbelievable! 🏆🔥,#SportsEvent,5620,594,1589,78582,What a thrilling finish to the #ChampionshipGame! Unbelievable!,0.6688,positive,7803,9.929628545614191
POST_00673,user_2327,2026-07-20 11:15:11.189091,Instagram,What a waste of time. #MovieRelease was completely boring. 🥱,#MovieRelease,2788,398,425,32147,What a waste of time. #MovieRelease was completely boring.,-0.659,negative,3611,11.232425034216748
POST_00674,user_537,2026-08-04 22:29:11.189091,Reddit,I was on the edge of my seat during #Blockbuster!,"#Blockbuster,#MovieRelease",2501,324,329,36755,I was on the edge of my seat during #Blockbuster!,0.636,positive,3154,8.580911959952116
POST_00675,user_1315,2026-07-21 13:57:11.189091,Instagram,Can't believe we lost the #ChampionshipGame. So heartbroken right now. https://example.com/link,#SportsEvent,644,222,91,11843,Can't believe we lost the #ChampionshipGame. So heartbroken right now.,-0.6735,negative,957,8.080040526849038
POST_00676,user_4354,2026-07-27 01:43:11.189091,Twitter,Can't stop thinking about that game winning play at the #Finals!,#Finals,4127,1390,580,66845,Can't stop thinking about that game winning play at the #Finals!,0.7894,positive,6097,9.12096460521198
POST_00677,user_4347,2026-07-29 15:33:11.189091,Instagram,What a waste of time. #MovieRelease was completely boring. 🥱,"#Cinema,#MovieRelease",3005,826,624,59874,What a waste of time. #MovieRelease was completely boring.,-0.659,negative,4455,7.440501043841335
POST_00678,user_3631,2026-07-27 03:32:11.189091,Reddit,Going to see #Cinema tonight. Hope it's good.,"#MovieRelease,#Blockbuster,#Cinema",1626,555,217,74934,Going to see #Cinema tonight. Hope it's good.,0.7003,positive,2398,3.200106759191299
POST_00679,user_2980,2026-08-02 00:32:11.189091,Twitter,The broadcast quality for the #SportsEvent is awful. 😡,"#Finals,#ChampionshipGame,#SportsEvent",7308,1745,1841,86600,The broadcast quality for the #SportsEvent is awful.,-0.4588,negative,10894,12.579531414186903
POST_00680,user_772,2026-08-06 13:31:11.189091,Reddit,I fell asleep halfway through #Blockbuster. @user_772 ,"#Blockbuster,#Cinema,#MovieRelease",914,261,257,84537,I fell asleep halfway through #Blockbuster.,0.5994,positive,1432,1.6939127966121743
POST_00681,user_1197,2026-07-17 06:29:11.189091,Instagram,Just saw the specs for the #TechLaunch phone. They seem okay.,#Smartphone2024,931,121,80,19764,Just saw the specs for the #TechLaunch phone. They seem okay.,0.2263,positive,1132,5.727295724766
POST_00682,user_3196,2026-08-05 11:29:11.189091,Instagram,Watching the #SportsEvent with friends. Game is tied.,"#Finals,#ChampionshipGame,#SportsEvent",2767,634,311,71428,Watching the #SportsEvent with friends. Game is tied.,0.4767,positive,3712,5.196768819387083
POST_00683,user_1380,2026-07-29 09:38:11.189091,Instagram,The broadcast quality for the #ChampionshipGame is awful. 😡 @user_1380  https://example.com/link,"#Finals,#SportsEvent",8348,1830,2270,80923,The broadcast quality for the #ChampionshipGame is awful.,-0.4588,negative,12448,15.382334041817014
POST_00684,user_2651,2026-08-10 12:54:11.189091,Twitter,Comparing the #Smartphone2024 with other models. @user_2651 ,"#Smartphone2024,#GadgetReview,#TechLaunch",2208,870,660,65492,Comparing the #Smartphone2024 with other models.,0.0,neutral,3738,5.707480188722458
POST_00685,user_4766,2026-07-30 23:22:11.189091,Reddit,Getting snacks ready for the #SportsEvent. https://example.com/link,"#Finals,#SportsEvent",166,24,39,42032,Getting snacks ready for the #SportsEvent.,0.3612,positive,229,0.5448100302143554
POST_00686,user_2219,2026-07-23 18:10:11.189091,Reddit,Can't believe we lost the #Finals. So heartbroken right now.,"#ChampionshipGame,#Finals",3554,626,469,92218,Can't believe we lost the #Finals. So heartbroken right now.,-0.6735,negative,4649,5.0412604777757295
POST_00687,user_280,2026-07-17 08:31:11.189091,Instagram,The new #TechLaunch phone is absolutely amazing! The camera is unreal! 📱✨,"#GadgetReview,#TechLaunch",6478,793,1637,99621,The new #TechLaunch phone is absolutely amazing! The camera is unreal!,0.6885,positive,8908,8.941800004015176
POST_00688,user_3564,2026-08-05 07:06:11.189091,Instagram,The plot in #Cinema made no sense. Avoid at all costs.,#Blockbuster,231,89,53,40496,The plot in #Cinema made no sense. Avoid at all costs.,-0.0803,negative,373,0.9210558806825198
POST_00689,user_778,2026-07-28 03:54:11.189091,Twitter,Watching #Blockbuster with my friends this weekend. https://example.com/link,"#MovieRelease,#Cinema,#Blockbuster",443,84,39,28383,Watching #Blockbuster with my friends this weekend.,0.7906,positive,566,1.9940811724915446
POST_00690,user_4006,2026-08-10 05:57:11.189091,Reddit,Incredible performance by the lead actor in #Cinema! A must watch! @user_4006  https://example.com/link,#Blockbuster,1064,323,76,24884,Incredible performance by the lead actor in #Cinema! A must watch!,0.0,neutral,1463,5.8790436005625875
POST_00691,user_3193,2026-08-02 22:09:11.189091,Twitter,Will wait for the reviews before buying the #TechLaunch device.,#Smartphone2024,568,114,110,46537,Will wait for the reviews before buying the #TechLaunch device.,0.0,neutral,792,1.7018350595212517
POST_00692,user_1215,2026-07-12 04:05:11.189091,Reddit,Anyone getting the new #TechLaunch? I can't decide.,"#TechLaunch,#Smartphone2024",672,174,52,61542,Anyone getting the new #TechLaunch? I can't decide.,0.0,neutral,898,1.4591423882488666
POST_00693,user_4798,2026-08-01 22:48:11.189091,Reddit,Worst ending ever. #MovieRelease completely ruined the franchise.,"#MovieRelease,#Blockbuster",337,70,25,8282,Worst ending ever. #MovieRelease completely ruined the franchise.,-0.8173,negative,432,5.215501629844259
POST_00694,user_2432,2026-07-24 16:50:11.189091,Reddit,Will wait for the reviews before buying the #GadgetReview device.,"#TechLaunch,#Smartphone2024",102,40,23,2967,Will wait for the reviews before buying the #GadgetReview device.,0.0,neutral,165,5.559299191374663
POST_00695,user_4541,2026-07-26 23:01:11.189091,Instagram,Best #TechLaunch I have ever used. Highly recommend!,#Smartphone2024,1000,370,89,9561,Best #TechLaunch I have ever used. Highly recommend!,0.8066,positive,1459,15.258314160217529
POST_00696,user_2489,2026-07-22 08:06:11.189091,Instagram,Worst ending ever. #Blockbuster completely ruined the franchise.,#Cinema,818,200,42,26940,Worst ending ever. #Blockbuster completely ruined the franchise.,-0.5563,negative,1060,3.934523588582458
POST_00697,user_3248,2026-08-11 14:58:11.189091,Twitter,Watching the #ChampionshipGame with friends. Game is tied.,"#SportsEvent,#ChampionshipGame,#Finals",1564,469,441,34124,Watching the #ChampionshipGame with friends. Game is tied.,0.4767,positive,2474,7.24981684981685
POST_00698,user_3167,2026-07-13 20:25:11.189091,Twitter,Can't believe we lost the #ChampionshipGame. So heartbroken right now.,#SportsEvent,2845,1056,766,54034,Can't believe we lost the #ChampionshipGame. So heartbroken right now.,-0.6735,negative,4667,8.636994540575554
POST_00699,user_1561,2026-08-10 16:05:11.189091,Instagram,Getting snacks ready for the #ChampionshipGame. @user_1561 ,#SportsEvent,2610,266,363,55563,Getting snacks ready for the #ChampionshipGame.,0.3612,positive,3239,5.82931394428047
POST_00700,user_3808,2026-07-11 16:32:11.189091,Instagram,Incredible performance by the lead actor in #Cinema! A must watch! https://example.com/link,#Blockbuster,1469,554,95,92872,Incredible performance by the lead actor in #Cinema! A must watch!,0.0,neutral,2118,2.2805336319490053
POST_00701,user_3476,2026-07-23 08:16:11.189091,Instagram,My team finally won the #ChampionshipGame! Best day ever! https://example.com/link,"#ChampionshipGame,#Finals",245,92,50,2414,My team finally won the #ChampionshipGame! Best day ever!,0.8585,positive,387,16.024844720496894
POST_00702,user_1765,2026-08-06 01:49:11.189091,Twitter,Worst ending ever. #Cinema completely ruined the franchise.,"#Blockbuster,#Cinema",4474,1441,937,92516,Worst ending ever. #Cinema completely ruined the franchise.,-0.8173,negative,6852,7.406206426926944
POST_00703,user_1137,2026-07-20 16:46:11.189091,Twitter,Watching #Cinema with my friends this weekend.,"#MovieRelease,#Cinema,#Blockbuster",200,46,48,10004,Watching #Cinema with my friends this weekend.,0.4767,positive,294,2.9385307346326837
POST_00704,user_4237,2026-07-13 16:03:11.189091,Reddit,Watching the #ChampionshipGame with friends. Game is tied.,#SportsEvent,62,9,13,10707,Watching the #ChampionshipGame with friends. Game is tied.,0.4767,positive,84,0.7844602166604409
POST_00705,user_2158,2026-07-28 16:26:11.189091,Instagram,"#Cinema had some decent moments, but overall average.",#MovieRelease,1480,351,149,90262,"#Cinema had some decent moments, but overall average.",0.0,neutral,1980,2.1935898430143026
POST_00706,user_896,2026-08-03 17:33:11.189091,Twitter,Finally got my hands on the #GadgetReview device. Loving the battery life. 😍 https://example.com/link,"#Smartphone2024,#TechLaunch,#GadgetReview",4486,734,1164,63139,Finally got my hands on the #GadgetReview device. Loving the battery life.,0.5994,positive,6384,10.110864745011087
POST_00707,user_2224,2026-08-06 13:14:11.189091,Reddit,Not worth the upgrade. #GadgetReview is just a rehash of last year's model. @user_2224 ,"#Smartphone2024,#GadgetReview,#TechLaunch",2381,636,692,86623,Not worth the upgrade. #GadgetReview is just a rehash of last year's model.,-0.1695,negative,3709,4.2817233099372
POST_00708,user_1204,2026-08-04 01:28:11.189091,Instagram,The plot in #Blockbuster made no sense. Avoid at all costs.,"#MovieRelease,#Cinema",80,11,23,10486,The plot in #Blockbuster made no sense. Avoid at all costs.,0.5556,positive,114,1.0870601697339564
POST_00709,user_1191,2026-07-22 11:25:11.189091,Instagram,Getting snacks ready for the #Finals. @user_1191  https://example.com/link,"#ChampionshipGame,#SportsEvent",1417,488,361,40227,Getting snacks ready for the #Finals.,0.3612,positive,2266,5.632892512677737
POST_00710,user_2034,2026-07-25 22:26:11.189091,Instagram,Worst ending ever. #Blockbuster completely ruined the franchise.,"#Blockbuster,#Cinema,#MovieRelease",3347,1107,462,44275,Worst ending ever. #Blockbuster completely ruined the franchise.,-0.5563,negative,4916,11.103080675761134
POST_00711,user_3174,2026-07-22 12:30:11.189091,Reddit,Just watched the new #MovieRelease. Best movie of the year! 🍿🎬,#MovieRelease,1900,650,240,29335,Just watched the new #MovieRelease. Best movie of the year!,0.6696,positive,2790,9.510499045541314
POST_00712,user_605,2026-07-26 01:04:11.189091,Twitter,"Tickets for #MovieRelease were expensive, hope it's worth it.","#Cinema,#MovieRelease,#Blockbuster",1821,543,164,86531,"Tickets for #MovieRelease were expensive, hope it's worth it.",0.5859,positive,2528,2.921462580317108
POST_00713,user_4338,2026-08-04 15:34:11.189091,Instagram,Not worth the upgrade. #TechLaunch is just a rehash of last year's model. @user_4338 ,#Smartphone2024,1874,227,538,27619,Not worth the upgrade. #TechLaunch is just a rehash of last year's model.,-0.1695,negative,2639,9.554670528602461
POST_00714,user_3950,2026-08-04 13:47:11.189091,Twitter,The plot in #Blockbuster made no sense. Avoid at all costs.,"#Cinema,#Blockbuster",2868,369,508,68758,The plot in #Blockbuster made no sense. Avoid at all costs.,0.5556,positive,3745,5.446559723090796
POST_00715,user_2137,2026-08-04 19:42:11.189091,Reddit,I fell asleep halfway through #MovieRelease. @user_2137  https://example.com/link,#Cinema,909,120,223,16679,I fell asleep halfway through #MovieRelease.,0.0,neutral,1252,7.505995203836931
POST_00716,user_3241,2026-08-04 06:47:11.189091,Twitter,Comparing the #TechLaunch with other models.,"#TechLaunch,#GadgetReview",306,109,52,7683,Comparing the #TechLaunch with other models.,0.0,neutral,467,6.07756376887038
POST_00717,user_2422,2026-07-17 23:44:11.189091,Twitter,Terrible refereeing ruined the #SportsEvent. Absolutely rigged. 🗑️,#ChampionshipGame,4643,1403,1243,83657,Terrible refereeing ruined the #SportsEvent. Absolutely rigged.,-0.8399,negative,7289,8.7128547180186
POST_00718,user_4647,2026-08-10 05:12:11.189091,Reddit,Finally got my hands on the #GadgetReview device. Loving the battery life. 😍,"#GadgetReview,#TechLaunch",4470,884,484,58197,Finally got my hands on the #GadgetReview device. Loving the battery life.,0.5994,positive,5838,10.031272552321385
POST_00719,user_2437,2026-07-19 15:57:11.189091,Instagram,"Tickets for #Cinema were expensive, hope it's worth it.","#Cinema,#MovieRelease,#Blockbuster",244,72,66,39164,"Tickets for #Cinema were expensive, hope it's worth it.",0.5859,positive,382,0.9753606536448359
POST_00720,user_400,2026-07-30 06:23:11.189091,Twitter,Just watched the new #Blockbuster. Best movie of the year! 🍿🎬,"#Blockbuster,#MovieRelease",1985,713,531,51556,Just watched the new #Blockbuster. Best movie of the year!,0.8553,positive,3229,6.2629710805516225
POST_00721,user_115,2026-07-18 01:45:11.189091,Twitter,"#Blockbuster had some decent moments, but overall average.","#MovieRelease,#Cinema",278,77,48,9621,"#Blockbuster had some decent moments, but overall average.",0.3506,positive,403,4.188318436915402
POST_00722,user_1930,2026-07-25 12:31:11.189091,Reddit,Anyone getting the new #TechLaunch? I can't decide. @user_1930 ,#TechLaunch,786,266,179,35270,Anyone getting the new #TechLaunch? I can't decide.,0.0,neutral,1231,3.4901193615151263
POST_00723,user_4963,2026-07-18 02:16:11.189091,Instagram,Getting snacks ready for the #ChampionshipGame. @user_4963 ,#ChampionshipGame,3436,618,474,88461,Getting snacks ready for the #ChampionshipGame.,0.3612,positive,4528,5.118581990007009
POST_00724,user_2801,2026-07-31 02:05:11.189091,Instagram,The battery life on this #GadgetReview is a joke. 🗑️ @user_2801 ,"#TechLaunch,#Smartphone2024",333,45,82,23456,The battery life on this #GadgetReview is a joke.,0.296,positive,460,1.9610350854755512
POST_00725,user_1548,2026-07-31 20:48:11.189091,Twitter,Extremely disappointed with the #Smartphone2024 phone. Overheating issues are terrible. 😡 https://example.com/link,"#Smartphone2024,#GadgetReview",558,176,127,17278,Extremely disappointed with the #Smartphone2024 phone. Overheating issues are terrible.,-0.7574,negative,861,4.982927252734534
POST_00726,user_4465,2026-07-19 14:14:11.189091,Instagram,Anyone getting the new #TechLaunch? I can't decide.,"#GadgetReview,#TechLaunch,#Smartphone2024",2826,968,214,58148,Anyone getting the new #TechLaunch? I can't decide.,0.0,neutral,4008,6.892637878553372
POST_00727,user_2299,2026-08-02 16:17:11.189091,Twitter,Watching the #ChampionshipGame with friends. Game is tied.,#Finals,1595,215,448,44257,Watching the #ChampionshipGame with friends. Game is tied.,0.4767,positive,2258,5.101902480907407
POST_00728,user_3979,2026-08-07 11:15:11.189091,Twitter,Who do you think will win the #ChampionshipGame?,"#ChampionshipGame,#SportsEvent,#Finals",1659,208,461,51170,Who do you think will win the #ChampionshipGame?,0.5859,positive,2328,4.5494518379550914
POST_00729,user_2807,2026-07-14 02:44:11.189091,Instagram,"Tickets for #MovieRelease were expensive, hope it's worth it.","#MovieRelease,#Cinema",641,108,138,76393,"Tickets for #MovieRelease were expensive, hope it's worth it.",0.5859,positive,887,1.161085949158311
POST_00730,user_2572,2026-07-13 16:59:11.189091,Reddit,Incredible performance by the lead actor in #Blockbuster! A must watch! https://example.com/link,"#Cinema,#Blockbuster",2468,548,224,39004,Incredible performance by the lead actor in #Blockbuster! A must watch!,0.6688,positive,3240,8.30662735546725
POST_00731,user_3150,2026-07-17 14:21:11.189091,Reddit,My team finally won the #SportsEvent! Best day ever!,"#ChampionshipGame,#Finals,#SportsEvent",7335,779,759,70092,My team finally won the #SportsEvent! Best day ever!,0.8585,positive,8873,12.658896038120782
POST_00732,user_599,2026-08-02 06:24:11.189091,Twitter,"#Cinema had some decent moments, but overall average. https://example.com/link","#Blockbuster,#MovieRelease",20,4,4,574,"#Cinema had some decent moments, but overall average.",0.0,neutral,28,4.869565217391305
POST_00733,user_4988,2026-07-27 16:29:11.189091,Reddit,Anyone getting the new #TechLaunch? I can't decide.,"#GadgetReview,#TechLaunch,#Smartphone2024",2128,237,162,63060,Anyone getting the new #TechLaunch? I can't decide.,0.0,neutral,2527,4.007231093702923
POST_00734,user_143,2026-08-07 19:18:11.189091,Twitter,Finally got my hands on the #Smartphone2024 device. Loving the battery life. 😍,#Smartphone2024,428,161,59,7530,Finally got my hands on the #Smartphone2024 device. Loving the battery life.,0.5994,positive,648,8.604435001991767
POST_00735,user_106,2026-08-08 20:23:11.189091,Reddit,"Wow, the screen on the #TechLaunch is stunning.",#GadgetReview,817,102,225,14200,"Wow, the screen on the #TechLaunch is stunning.",0.7506,positive,1144,8.055770720371806
POST_00736,user_2442,2026-07-17 16:31:11.189091,Reddit,The new #GadgetReview phone is absolutely amazing! The camera is unreal! 📱✨ @user_2442 ,"#Smartphone2024,#GadgetReview,#TechLaunch",7302,1585,784,76712,The new #GadgetReview phone is absolutely amazing! The camera is unreal!,0.6885,positive,9671,12.606728976835738
POST_00737,user_3657,2026-07-22 11:10:11.189091,Instagram,Extremely disappointed with the #GadgetReview phone. Overheating issues are terrible. 😡 @user_3657 ,#GadgetReview,247,78,64,27139,Extremely disappointed with the #GadgetReview phone. Overheating issues are terrible.,-0.7574,negative,389,1.4333087693441415
POST_00738,user_4336,2026-07-21 01:11:11.189091,Twitter,Just watched the new #Cinema. Best movie of the year! 🍿🎬,#Cinema,2699,648,197,35635,Just watched the new #Cinema. Best movie of the year!,0.6696,positive,3544,9.944999438769782
POST_00739,user_4568,2026-07-22 18:34:11.189091,Instagram,Getting snacks ready for the #ChampionshipGame.,#SportsEvent,603,103,171,18076,Getting snacks ready for the #ChampionshipGame.,0.3612,positive,877,4.851468717154395
POST_00740,user_321,2026-07-25 22:06:11.189091,Reddit,I fell asleep halfway through #Cinema.,"#MovieRelease,#Cinema,#Blockbuster",1593,405,453,99972,I fell asleep halfway through #Cinema.,0.0,neutral,2451,2.451661948726156
POST_00741,user_2417,2026-08-08 09:23:11.189091,Instagram,Worst performance by my team in the #Finals. Embarrassing.,#ChampionshipGame,1570,483,206,87534,Worst performance by my team in the #Finals. Embarrassing.,-0.7717,negative,2259,2.580682012909122
POST_00742,user_2687,2026-07-13 23:18:11.189091,Instagram,Going to see #Cinema tonight. Hope it's good.,"#MovieRelease,#Cinema",1701,234,126,55658,Going to see #Cinema tonight. Hope it's good.,0.7003,positive,2061,3.702905190535223
POST_00743,user_1012,2026-08-10 03:58:11.189091,Instagram,"Tickets for #MovieRelease were expensive, hope it's worth it. https://example.com/link","#Cinema,#MovieRelease,#Blockbuster",244,28,30,52446,"Tickets for #MovieRelease were expensive, hope it's worth it.",0.5859,positive,302,0.575819398630999
POST_00744,user_522,2026-08-02 01:41:11.189091,Twitter,Can't stop thinking about that game winning play at the #ChampionshipGame! @user_522 ,"#Finals,#ChampionshipGame",413,152,26,17175,Can't stop thinking about that game winning play at the #ChampionshipGame!,0.7894,positive,591,3.440847694457382
POST_00745,user_2030,2026-07-28 12:06:11.189091,Twitter,Just saw the specs for the #Smartphone2024 phone. They seem okay.,"#Smartphone2024,#TechLaunch,#GadgetReview",1263,261,211,91437,Just saw the specs for the #Smartphone2024 phone. They seem okay.,0.2263,positive,1735,1.8974605743782673
POST_00746,user_1409,2026-08-05 01:29:11.189091,Instagram,Who do you think will win the #SportsEvent?,"#Finals,#ChampionshipGame,#SportsEvent",37,3,7,25238,Who do you think will win the #SportsEvent?,0.5859,positive,47,0.186219739292365
POST_00747,user_4128,2026-07-29 00:29:11.189091,Reddit,Can't stop thinking about that game winning play at the #SportsEvent! @user_4128  https://example.com/link,#ChampionshipGame,1185,187,300,51437,Can't stop thinking about that game winning play at the #SportsEvent!,0.7894,positive,1672,3.250515183327501
POST_00748,user_4655,2026-08-11 05:10:11.189091,Reddit,"Tickets for #Cinema were expensive, hope it's worth it. @user_4655  https://example.com/link","#MovieRelease,#Cinema",252,61,54,45617,"Tickets for #Cinema were expensive, hope it's worth it.",0.5859,positive,367,0.8045069928536982
POST_00749,user_487,2026-07-26 03:13:11.189091,Reddit,The new #GadgetReview phone is absolutely amazing! The camera is unreal! 📱✨ https://example.com/link,#GadgetReview,927,255,48,46157,The new #GadgetReview phone is absolutely amazing! The camera is unreal!,0.6885,positive,1230,2.6647601715845575
POST_00750,user_291,2026-07-16 21:08:11.189091,Instagram,Incredible performance by the lead actor in #MovieRelease! A must watch!,#Blockbuster,2575,757,388,54612,Incredible performance by the lead actor in #MovieRelease! A must watch!,0.0,neutral,3720,6.811565011993482
POST_00751,user_2807,2026-07-27 16:23:11.189091,Instagram,Can't stop thinking about that game winning play at the #SportsEvent! https://example.com/link,"#Finals,#SportsEvent",1035,180,214,78830,Can't stop thinking about that game winning play at the #SportsEvent!,0.7894,positive,1429,1.8127386434270782
POST_00752,user_1637,2026-07-18 16:15:11.189091,Twitter,Just watched the new #Blockbuster. Best movie of the year! 🍿🎬,"#MovieRelease,#Blockbuster",36,9,5,2199,Just watched the new #Blockbuster. Best movie of the year!,0.8553,positive,50,2.272727272727273
POST_00753,user_1216,2026-08-01 16:33:11.189091,Twitter,The #SportsEvent is pretty competitive this year. @user_1216  https://example.com/link,"#ChampionshipGame,#Finals",1085,202,247,29458,The #SportsEvent is pretty competitive this year.,0.5994,positive,1534,5.207237177093588
POST_00754,user_4676,2026-07-24 10:39:11.189091,Reddit,"Tickets for #MovieRelease were expensive, hope it's worth it.","#Blockbuster,#MovieRelease,#Cinema",539,205,100,11932,"Tickets for #MovieRelease were expensive, hope it's worth it.",0.5859,positive,844,7.072823263219644
POST_00755,user_3755,2026-07-22 20:17:11.189091,Twitter,Incredible performance by the lead actor in #Blockbuster! A must watch!,#Blockbuster,2997,953,384,35839,Incredible performance by the lead actor in #Blockbuster! A must watch!,0.6688,positive,4334,12.092633928571427
POST_00756,user_4021,2026-07-17 07:58:11.189091,Reddit,Who do you think will win the #Finals? https://example.com/link,#Finals,387,140,108,30314,Who do you think will win the #Finals?,0.5859,positive,635,2.094672604321293
POST_00757,user_919,2026-08-07 11:55:11.189091,Twitter,Incredible performance by the lead actor in #Cinema! A must watch!,#Cinema,6761,1943,929,71737,Incredible performance by the lead actor in #Cinema! A must watch!,0.0,neutral,9633,13.428029775014636
POST_00758,user_2881,2026-07-23 10:41:11.189091,Instagram,The battery life on this #GadgetReview is a joke. 🗑️,"#Smartphone2024,#TechLaunch,#GadgetReview",1995,424,422,28514,The battery life on this #GadgetReview is a joke.,0.296,positive,2841,9.963177275118358
POST_00759,user_3911,2026-07-29 19:33:11.189091,Twitter,Watching the #Finals with friends. Game is tied.,"#Finals,#ChampionshipGame",903,270,188,60173,Watching the #Finals with friends. Game is tied.,0.4767,positive,1361,2.261774188187589
POST_00760,user_318,2026-07-16 07:35:11.189091,Twitter,I fell asleep halfway through #Blockbuster.,#MovieRelease,2311,361,479,32084,I fell asleep halfway through #Blockbuster.,0.5994,positive,3151,9.82078853046595
POST_00761,user_1986,2026-08-06 22:38:11.189091,Instagram,"Wow, the screen on the #GadgetReview is stunning.","#GadgetReview,#TechLaunch",2029,225,468,38136,"Wow, the screen on the #GadgetReview is stunning.",0.7506,positive,2722,7.137425597189082
POST_00762,user_4320,2026-08-09 01:56:11.189091,Twitter,Finally got my hands on the #TechLaunch device. Loving the battery life. 😍 https://example.com/link,"#GadgetReview,#TechLaunch",2119,349,135,38110,Finally got my hands on the #TechLaunch device. Loving the battery life.,0.5994,positive,2603,6.830049067198446
POST_00763,user_1178,2026-07-25 21:14:11.189091,Reddit,Watching the #Finals with friends. Game is tied.,"#SportsEvent,#ChampionshipGame,#Finals",1746,425,210,43195,Watching the #Finals with friends. Game is tied.,0.4767,positive,2381,5.512084452264099
POST_00764,user_4337,2026-08-09 00:16:11.189091,Twitter,Comparing the #GadgetReview with other models.,"#Smartphone2024,#GadgetReview",206,37,22,40100,Comparing the #GadgetReview with other models.,0.0,neutral,265,0.6608314007131991
POST_00765,user_4731,2026-07-28 08:10:11.189091,Twitter,What a thrilling finish to the #ChampionshipGame! Unbelievable! 🏆🔥,#SportsEvent,2436,244,535,33063,What a thrilling finish to the #ChampionshipGame! Unbelievable!,0.6688,positive,3215,9.723566416646504
POST_00766,user_2607,2026-07-13 22:38:11.189091,Twitter,Finally got my hands on the #Smartphone2024 device. Loving the battery life. 😍,"#Smartphone2024,#GadgetReview,#TechLaunch",1105,212,236,97708,Finally got my hands on the #Smartphone2024 device. Loving the battery life.,0.5994,positive,1553,1.5894134624241372
POST_00767,user_3997,2026-07-28 22:28:11.189091,Instagram,The broadcast quality for the #Finals is awful. 😡,"#Finals,#SportsEvent,#ChampionshipGame",4716,1113,995,85862,The broadcast quality for the #Finals is awful.,-0.4588,negative,6824,7.9475443438966735
POST_00768,user_3237,2026-07-29 14:16:11.189091,Reddit,Anyone getting the new #Smartphone2024? I can't decide.,"#Smartphone2024,#GadgetReview",113,20,24,9103,Anyone getting the new #Smartphone2024? I can't decide.,0.0,neutral,157,1.7245166959578209
POST_00769,user_4701,2026-07-27 00:42:11.189091,Twitter,Watching #Cinema with my friends this weekend.,#Cinema,296,91,17,37863,Watching #Cinema with my friends this weekend.,0.4767,positive,404,1.0669765476442004
POST_00770,user_4168,2026-08-09 11:29:11.189091,Reddit,"Wow, the screen on the #TechLaunch is stunning.","#GadgetReview,#Smartphone2024,#TechLaunch",1197,251,313,33874,"Wow, the screen on the #TechLaunch is stunning.",0.7506,positive,1761,5.198523985239852
POST_00771,user_1458,2026-07-20 01:22:11.189091,Instagram,Watching the #SportsEvent with friends. Game is tied. @user_1458 ,"#Finals,#SportsEvent",2871,674,565,77517,Watching the #SportsEvent with friends. Game is tied.,0.4767,positive,4110,5.301994375499884
POST_00772,user_3138,2026-08-02 16:38:11.189091,Reddit,Just saw the specs for the #TechLaunch phone. They seem okay. https://example.com/link,"#GadgetReview,#TechLaunch",1164,458,337,75766,Just saw the specs for the #TechLaunch phone. They seem okay.,0.2263,positive,1959,2.5855583565404463
POST_00773,user_1636,2026-07-28 00:57:11.189091,Instagram,Can't stop thinking about that game winning play at the #SportsEvent!,"#SportsEvent,#Finals,#ChampionshipGame",885,340,94,36055,Can't stop thinking about that game winning play at the #SportsEvent!,0.7894,positive,1319,3.6581983581096074
POST_00774,user_3902,2026-07-19 12:43:11.189091,Reddit,The broadcast quality for the #SportsEvent is awful. 😡,#ChampionshipGame,7169,1605,551,69039,The broadcast quality for the #SportsEvent is awful.,-0.4588,negative,9325,13.506662804171496
POST_00775,user_4363,2026-07-16 14:24:11.189091,Reddit,Watching the #ChampionshipGame with friends. Game is tied. https://example.com/link,#SportsEvent,126,48,23,34484,Watching the #ChampionshipGame with friends. Game is tied.,0.4767,positive,197,0.5712628679135856
POST_00776,user_2282,2026-07-30 13:13:11.189091,Twitter,Just saw the specs for the #GadgetReview phone. They seem okay.,"#TechLaunch,#Smartphone2024,#GadgetReview",2128,287,287,61931,Just saw the specs for the #GadgetReview phone. They seem okay.,0.2263,positive,2702,4.36284957695537
POST_00777,user_961,2026-07-16 05:47:11.189091,Reddit,Can't believe we lost the #SportsEvent. So heartbroken right now.,#SportsEvent,101,30,5,25765,Can't believe we lost the #SportsEvent. So heartbroken right now.,-0.6735,negative,136,0.527827369401537
POST_00778,user_2311,2026-07-28 06:18:11.189091,Twitter,The visual effects in #Blockbuster blew my mind. 10/10.,"#MovieRelease,#Cinema,#Blockbuster",1994,284,311,61894,The visual effects in #Blockbuster blew my mind. 10/10.,0.5994,positive,2589,4.1828903788674365
POST_00779,user_1151,2026-07-31 07:14:11.189091,Instagram,The visual effects in #Blockbuster blew my mind. 10/10.,"#MovieRelease,#Blockbuster,#Cinema",3246,477,968,61044,The visual effects in #Blockbuster blew my mind. 10/10.,0.5994,positive,4691,7.6844950446392
POST_00780,user_1084,2026-07-29 07:15:11.189091,Instagram,What a waste of time. #MovieRelease was completely boring. 🥱,#Cinema,198,58,10,43806,What a waste of time. #MovieRelease was completely boring.,-0.659,negative,266,0.6072088935558244
POST_00781,user_4155,2026-07-23 03:23:11.189091,Twitter,Just saw the specs for the #TechLaunch phone. They seem okay.,"#GadgetReview,#Smartphone2024,#TechLaunch",1641,611,175,61555,Just saw the specs for the #TechLaunch phone. They seem okay.,0.2263,positive,2427,3.9427513158749754
POST_00782,user_2236,2026-07-20 18:32:11.189091,Reddit,Just watched the new #Blockbuster. Best movie of the year! 🍿🎬,#Blockbuster,4651,775,375,62168,Just watched the new #Blockbuster. Best movie of the year!,0.8553,positive,5801,9.331017066383568
POST_00783,user_922,2026-07-27 03:53:11.189091,Instagram,Can't stop thinking about that game winning play at the #SportsEvent!,"#Finals,#SportsEvent",1285,477,95,21134,Can't stop thinking about that game winning play at the #SportsEvent!,0.7894,positive,1857,8.786373314407381
POST_00784,user_3933,2026-07-27 21:14:11.189091,Instagram,Incredible display of skill at the #Finals today.,#Finals,3491,997,1014,60374,Incredible display of skill at the #Finals today.,0.0,neutral,5502,9.11304347826087
POST_00785,user_18,2026-07-13 16:38:11.189091,Instagram,Terrible refereeing ruined the #ChampionshipGame. Absolutely rigged. 🗑️,#ChampionshipGame,5962,1176,1280,91728,Terrible refereeing ruined the #ChampionshipGame. Absolutely rigged.,-0.8399,negative,8418,9.177032345277938
POST_00786,user_2090,2026-08-02 09:59:11.189091,Instagram,The visual effects in #Cinema blew my mind. 10/10.,"#MovieRelease,#Blockbuster",314,91,40,46610,The visual effects in #Cinema blew my mind. 10/10.,0.0,neutral,445,0.9547102615262492
POST_00787,user_1399,2026-08-10 20:19:11.189091,Instagram,The #SportsEvent is pretty competitive this year.,"#Finals,#ChampionshipGame",1216,247,205,36470,The #SportsEvent is pretty competitive this year.,0.5994,positive,1668,4.573496750843136
POST_00788,user_1065,2026-07-13 01:14:11.189091,Twitter,The plot in #MovieRelease made no sense. Avoid at all costs. @user_1065 ,"#MovieRelease,#Blockbuster",2010,347,346,83072,The plot in #MovieRelease made no sense. Avoid at all costs.,-0.0803,negative,2703,3.253764761113719
POST_00789,user_3663,2026-07-27 21:26:11.189091,Twitter,Best #GadgetReview I have ever used. Highly recommend!,#TechLaunch,2727,434,634,49061,Best #GadgetReview I have ever used. Highly recommend!,0.8066,positive,3795,7.735110676287146
POST_00790,user_4011,2026-08-11 01:23:11.189091,Instagram,The battery life on this #GadgetReview is a joke. 🗑️ @user_4011 ,"#GadgetReview,#TechLaunch,#Smartphone2024",481,157,44,46520,The battery life on this #GadgetReview is a joke.,0.296,positive,682,1.4660046000730853
POST_00791,user_2726,2026-08-02 06:57:11.189091,Instagram,The battery life on this #Smartphone2024 is a joke. 🗑️,"#TechLaunch,#GadgetReview,#Smartphone2024",6574,1222,1335,71886,The battery life on this #Smartphone2024 is a joke.,0.296,positive,9131,12.70187933840611
POST_00792,user_488,2026-07-31 20:39:11.189091,Instagram,Will wait for the reviews before buying the #GadgetReview device. https://example.com/link,#Smartphone2024,62,19,4,14136,Will wait for the reviews before buying the #GadgetReview device.,0.0,neutral,85,0.6012591073070666
POST_00793,user_2063,2026-07-13 00:12:11.189091,Reddit,Anyone getting the new #Smartphone2024? I can't decide.,#Smartphone2024,3356,563,912,70462,Anyone getting the new #Smartphone2024? I can't decide.,0.0,neutral,4831,6.856080496146914
POST_00794,user_980,2026-07-24 20:36:11.189091,Instagram,Incredible performance by the lead actor in #Blockbuster! A must watch!,"#Blockbuster,#MovieRelease",3196,709,690,39432,Incredible performance by the lead actor in #Blockbuster! A must watch!,0.6688,positive,4595,11.652676692110669
POST_00795,user_4450,2026-07-28 07:33:11.189091,Twitter,The broadcast quality for the #SportsEvent is awful. 😡,#ChampionshipGame,711,172,58,73812,The broadcast quality for the #SportsEvent is awful.,-0.4588,negative,941,1.2748431848048447
POST_00796,user_3767,2026-07-15 01:19:11.189091,Twitter,Watching #Cinema with my friends this weekend.,"#Cinema,#Blockbuster",174,69,11,9874,Watching #Cinema with my friends this weekend.,0.4767,positive,254,2.572151898734177
POST_00797,user_1078,2026-08-02 17:09:11.189091,Twitter,The broadcast quality for the #ChampionshipGame is awful. 😡,"#SportsEvent,#ChampionshipGame,#Finals",4,1,0,680,The broadcast quality for the #ChampionshipGame is awful.,-0.4588,negative,5,0.7342143906020557
POST_00798,user_298,2026-07-28 12:51:11.189091,Instagram,Terrible refereeing ruined the #SportsEvent. Absolutely rigged. 🗑️,#ChampionshipGame,244,50,38,8318,Terrible refereeing ruined the #SportsEvent. Absolutely rigged.,-0.8399,negative,332,3.990864286572905
POST_00799,user_4609,2026-07-20 10:19:11.189091,Instagram,The new #Smartphone2024 phone is absolutely amazing! The camera is unreal! 📱✨ @user_4609 ,"#Smartphone2024,#GadgetReview,#TechLaunch",650,113,154,8413,The new #Smartphone2024 phone is absolutely amazing! The camera is unreal!,0.6885,positive,917,10.898502495840265
POST_00800,user_2941,2026-07-31 11:23:11.189091,Reddit,Who do you think will win the #Finals?,"#SportsEvent,#ChampionshipGame",155,58,35,11588,Who do you think will win the #Finals?,0.5859,positive,248,2.1399603071878506
POST_00801,user_506,2026-07-31 21:26:11.189091,Reddit,Worst performance by my team in the #ChampionshipGame. Embarrassing.,"#ChampionshipGame,#SportsEvent,#Finals",3407,1004,428,36916,Worst performance by my team in the #ChampionshipGame. Embarrassing.,-0.7717,negative,4839,13.107782322507248
POST_00802,user_585,2026-07-24 18:32:11.189091,Instagram,"Tickets for #Cinema were expensive, hope it's worth it.",#Blockbuster,4900,1736,1117,99856,"Tickets for #Cinema were expensive, hope it's worth it.",0.5859,positive,7753,7.764102666813544
POST_00803,user_1840,2026-07-23 19:48:11.189091,Instagram,Terrible customer service when I tried to return my #GadgetReview. Never again.,"#Smartphone2024,#TechLaunch,#GadgetReview",1628,272,140,24707,Terrible customer service when I tried to return my #GadgetReview. Never again.,-0.4767,negative,2040,8.25643516270034
POST_00804,user_4046,2026-07-23 02:36:11.189091,Reddit,Incredible display of skill at the #ChampionshipGame today.,"#Finals,#ChampionshipGame",280,95,35,12715,Incredible display of skill at the #ChampionshipGame today.,0.0,neutral,410,3.224284366152878
POST_00805,user_1307,2026-07-26 02:36:11.189091,Instagram,The battery life on this #Smartphone2024 is a joke. 🗑️,"#TechLaunch,#GadgetReview,#Smartphone2024",2000,473,154,55457,The battery life on this #Smartphone2024 is a joke.,0.296,positive,2627,4.736918028057269
POST_00806,user_1274,2026-07-30 00:16:11.189091,Reddit,The #SportsEvent is pretty competitive this year. @user_1274  https://example.com/link,"#Finals,#ChampionshipGame,#SportsEvent",286,87,66,23288,The #SportsEvent is pretty competitive this year.,0.5994,positive,439,1.8850100906007128
POST_00807,user_755,2026-08-01 22:05:11.189091,Twitter,My team finally won the #ChampionshipGame! Best day ever!,"#SportsEvent,#ChampionshipGame,#Finals",1565,624,297,19421,My team finally won the #ChampionshipGame! Best day ever!,0.8585,positive,2486,12.799917619194728
POST_00808,user_70,2026-07-25 11:58:11.189091,Twitter,Best #TechLaunch I have ever used. Highly recommend!,#TechLaunch,514,197,61,12389,Best #TechLaunch I have ever used. Highly recommend!,0.8066,positive,772,6.2308313155770785
POST_00809,user_2291,2026-07-29 01:55:11.189091,Reddit,The broadcast quality for the #SportsEvent is awful. 😡 @user_2291 ,"#ChampionshipGame,#SportsEvent,#Finals",3369,750,281,41937,The broadcast quality for the #SportsEvent is awful.,-0.4588,negative,4400,10.491678191616195
POST_00810,user_970,2026-07-22 07:39:11.189091,Twitter,The visual effects in #Cinema blew my mind. 10/10. @user_970  https://example.com/link,"#Blockbuster,#Cinema",1500,446,208,79990,The visual effects in #Cinema blew my mind. 10/10.,0.0,neutral,2154,2.6928029403307874
POST_00811,user_2764,2026-07-13 13:48:11.189091,Twitter,Incredible performance by the lead actor in #MovieRelease! A must watch! @user_2764 ,"#MovieRelease,#Cinema,#Blockbuster",1170,129,150,48713,Incredible performance by the lead actor in #MovieRelease! A must watch!,0.0,neutral,1449,2.974504249291785
POST_00812,user_219,2026-08-08 07:27:11.189091,Twitter,The new #GadgetReview phone is absolutely amazing! The camera is unreal! 📱✨,"#GadgetReview,#Smartphone2024,#TechLaunch",1171,468,216,26937,The new #GadgetReview phone is absolutely amazing! The camera is unreal!,0.6885,positive,1855,6.88618308708887
POST_00813,user_3920,2026-08-02 12:42:11.189091,Reddit,Going to see #Blockbuster tonight. Hope it's good.,"#Blockbuster,#MovieRelease",510,181,64,17470,Going to see #Blockbuster tonight. Hope it's good.,0.8658,positive,755,4.32144696926335
POST_00814,user_3124,2026-07-28 16:47:11.189091,Twitter,Anyone getting the new #TechLaunch? I can't decide.,"#Smartphone2024,#TechLaunch,#GadgetReview",2993,366,533,95708,Anyone getting the new #TechLaunch? I can't decide.,0.0,neutral,3892,4.066493224252683
POST_00815,user_4499,2026-08-08 09:03:11.189091,Reddit,Incredible display of skill at the #SportsEvent today. https://example.com/link,"#ChampionshipGame,#SportsEvent",2156,238,242,73266,Incredible display of skill at the #SportsEvent today.,0.0,neutral,2636,3.59779982802626
POST_00816,user_606,2026-07-15 21:53:11.189091,Twitter,Getting snacks ready for the #SportsEvent. https://example.com/link,#ChampionshipGame,167,31,28,19229,Getting snacks ready for the #SportsEvent.,0.3612,positive,226,1.1752470098803953
POST_00817,user_4997,2026-07-20 23:26:11.189091,Instagram,Just watched the new #Blockbuster. Best movie of the year! 🍿🎬 https://example.com/link,"#Blockbuster,#MovieRelease,#Cinema",4608,708,935,97782,Just watched the new #Blockbuster. Best movie of the year!,0.8553,positive,6251,6.392726752093922
POST_00818,user_3649,2026-07-16 01:30:11.189091,Twitter,Going to see #Blockbuster tonight. Hope it's good. @user_3649 ,#Blockbuster,125,49,23,29108,Going to see #Blockbuster tonight. Hope it's good.,0.8658,positive,197,0.6767666357483939
POST_00819,user_3989,2026-07-14 12:19:11.189091,Instagram,Anyone getting the new #Smartphone2024? I can't decide.,#GadgetReview,1395,345,245,85748,Anyone getting the new #Smartphone2024? I can't decide.,0.0,neutral,1985,2.314895800534117
POST_00820,user_1812,2026-07-29 15:48:11.189091,Twitter,Getting snacks ready for the #ChampionshipGame.,"#Finals,#ChampionshipGame",351,130,85,72168,Getting snacks ready for the #ChampionshipGame.,0.3612,positive,566,0.7842702545414236
POST_00821,user_701,2026-08-01 01:39:11.189091,Instagram,"Tickets for #MovieRelease were expensive, hope it's worth it.",#Cinema,3268,1032,801,81897,"Tickets for #MovieRelease were expensive, hope it's worth it.",0.5859,positive,5101,6.228479327944517
POST_00822,user_3236,2026-07-17 15:07:11.189091,Twitter,What a thrilling finish to the #SportsEvent! Unbelievable! 🏆🔥,"#SportsEvent,#Finals",3941,1554,1125,63040,What a thrilling finish to the #SportsEvent! Unbelievable!,0.6688,positive,6620,10.501102457131072
POST_00823,user_4993,2026-07-13 23:32:11.189091,Twitter,Extremely disappointed with the #GadgetReview phone. Overheating issues are terrible. 😡,"#Smartphone2024,#TechLaunch,#GadgetReview",1835,298,424,29005,Extremely disappointed with the #GadgetReview phone. Overheating issues are terrible.,-0.7574,negative,2557,8.815417499827621
POST_00824,user_721,2026-07-31 07:17:11.189091,Reddit,Finally got my hands on the #GadgetReview device. Loving the battery life. 😍 @user_721 ,#TechLaunch,2048,666,136,79953,Finally got my hands on the #GadgetReview device. Loving the battery life.,0.5994,positive,2850,3.5645496160292165
POST_00825,user_2502,2026-08-05 06:41:11.189091,Instagram,Anyone getting the new #GadgetReview? I can't decide. @user_2502 ,"#Smartphone2024,#GadgetReview,#TechLaunch",3579,967,1014,78963,Anyone getting the new #GadgetReview? I can't decide.,0.0,neutral,5560,7.041183324046401
POST_00826,user_3297,2026-07-17 20:44:11.189091,Reddit,Best #TechLaunch I have ever used. Highly recommend!,"#GadgetReview,#TechLaunch",507,123,130,70713,Best #TechLaunch I have ever used. Highly recommend!,0.8066,positive,760,1.0747518171790593
POST_00827,user_3133,2026-07-30 03:42:11.189091,Instagram,Worst performance by my team in the #ChampionshipGame. Embarrassing.,"#ChampionshipGame,#SportsEvent",2784,582,715,55279,Worst performance by my team in the #ChampionshipGame. Embarrassing.,-0.7717,negative,4081,7.382416787264834
POST_00828,user_2783,2026-07-19 09:21:11.189091,Reddit,What a waste of time. #MovieRelease was completely boring. 🥱,"#MovieRelease,#Cinema",600,93,110,8526,What a waste of time. #MovieRelease was completely boring.,-0.659,negative,803,9.417145537703764
POST_00829,user_673,2026-07-30 18:28:11.189091,Instagram,Who do you think will win the #Finals? https://example.com/link,"#SportsEvent,#Finals",1454,447,415,80010,Who do you think will win the #Finals?,0.5859,positive,2316,2.8946019922260686
POST_00830,user_3037,2026-07-23 02:10:11.189091,Twitter,The broadcast quality for the #ChampionshipGame is awful. 😡 @user_3037  https://example.com/link,"#ChampionshipGame,#SportsEvent",6740,1555,1340,98291,The broadcast quality for the #ChampionshipGame is awful.,-0.4588,negative,9635,9.802425426280879
POST_00831,user_1978,2026-07-24 08:48:11.189091,Twitter,Comparing the #Smartphone2024 with other models.,"#Smartphone2024,#GadgetReview",575,66,46,51942,Comparing the #Smartphone2024 with other models.,0.0,neutral,687,1.3226036232023564
POST_00832,user_4318,2026-07-28 04:01:11.189091,Twitter,Watching the #ChampionshipGame with friends. Game is tied.,#SportsEvent,1101,239,180,32674,Watching the #ChampionshipGame with friends. Game is tied.,0.4767,positive,1520,4.651874521805662
POST_00833,user_1935,2026-08-06 11:50:11.189091,Twitter,The plot in #Blockbuster made no sense. Avoid at all costs.,#Blockbuster,5324,708,1556,99475,The plot in #Blockbuster made no sense. Avoid at all costs.,0.5556,positive,7588,7.627970565764606
POST_00834,user_3122,2026-07-22 15:26:11.189091,Twitter,Who do you think will win the #ChampionshipGame?,#ChampionshipGame,627,104,127,28959,Who do you think will win the #ChampionshipGame?,0.5859,positive,858,2.962707182320442
POST_00835,user_4648,2026-08-08 20:54:11.189091,Reddit,"Tickets for #Cinema were expensive, hope it's worth it. @user_4648 ","#Blockbuster,#Cinema",21,4,3,1254,"Tickets for #Cinema were expensive, hope it's worth it.",0.5859,positive,28,2.2310756972111556
POST_00836,user_597,2026-08-03 04:00:11.189091,Twitter,Finally got my hands on the #TechLaunch device. Loving the battery life. 😍 @user_597 ,#TechLaunch,907,306,126,70704,Finally got my hands on the #TechLaunch device. Loving the battery life.,0.5994,positive,1339,1.8937840322466586
POST_00837,user_2173,2026-07-23 09:06:11.189091,Twitter,Not worth the upgrade. #TechLaunch is just a rehash of last year's model.,"#GadgetReview,#Smartphone2024",952,360,149,29247,Not worth the upgrade. #TechLaunch is just a rehash of last year's model.,-0.1695,negative,1461,4.995213347921226
POST_00838,user_4451,2026-08-10 14:48:11.189091,Reddit,I was on the edge of my seat during #Blockbuster!,#MovieRelease,2925,966,259,79523,I was on the edge of my seat during #Blockbuster!,0.636,positive,4150,5.218550374729642
POST_00839,user_1980,2026-07-13 11:50:11.189091,Instagram,Anyone getting the new #TechLaunch? I can't decide.,"#TechLaunch,#Smartphone2024",2093,508,589,74384,Anyone getting the new #TechLaunch? I can't decide.,0.0,neutral,3190,4.28849902534113
POST_00840,user_2166,2026-07-19 17:36:11.189091,Twitter,"Tickets for #Blockbuster were expensive, hope it's worth it.",#MovieRelease,91,27,24,25685,"Tickets for #Blockbuster were expensive, hope it's worth it.",0.8271,positive,142,0.5528303355913727
POST_00841,user_3907,2026-07-28 02:59:11.189091,Twitter,Who do you think will win the #Finals?,"#SportsEvent,#ChampionshipGame",1828,500,120,92228,Who do you think will win the #Finals?,0.5859,positive,2448,2.6542627590020493
POST_00842,user_3343,2026-07-21 11:17:11.189091,Reddit,What a waste of time. #MovieRelease was completely boring. 🥱,#Cinema,3122,1141,681,80639,What a waste of time. #MovieRelease was completely boring.,-0.659,negative,4944,6.1309523809523805
POST_00843,user_4258,2026-07-29 04:45:11.189091,Reddit,"Tickets for #Blockbuster were expensive, hope it's worth it. @user_4258 ","#Blockbuster,#MovieRelease",509,126,53,65691,"Tickets for #Blockbuster were expensive, hope it's worth it.",0.8271,positive,688,1.0473116970102905
POST_00844,user_985,2026-07-25 22:01:11.189091,Twitter,Just watched the new #Cinema. Best movie of the year! 🍿🎬 @user_985 ,"#Blockbuster,#Cinema",1097,241,259,39132,Just watched the new #Cinema. Best movie of the year!,0.6696,positive,1597,4.080954692970128
POST_00845,user_4185,2026-08-05 22:48:11.189091,Reddit,Incredible display of skill at the #ChampionshipGame today. https://example.com/link,"#ChampionshipGame,#Finals",2877,950,286,32231,Incredible display of skill at the #ChampionshipGame today.,0.0,neutral,4113,12.760610573343262
POST_00846,user_3592,2026-08-04 19:06:11.189091,Instagram,The battery life on this #GadgetReview is a joke. 🗑️,"#TechLaunch,#Smartphone2024",875,146,174,53963,The battery life on this #GadgetReview is a joke.,0.296,positive,1195,2.214439255800163
POST_00847,user_4472,2026-07-18 16:45:11.189091,Reddit,Incredible display of skill at the #Finals today.,#SportsEvent,2367,600,342,40548,Incredible display of skill at the #Finals today.,0.0,neutral,3309,8.160497176255888
POST_00848,user_2208,2026-07-24 02:32:11.189091,Twitter,Can't believe we lost the #Finals. So heartbroken right now. @user_2208 ,#ChampionshipGame,2334,686,195,75965,Can't believe we lost the #Finals. So heartbroken right now.,-0.6735,negative,3215,4.232156491061791
POST_00849,user_4011,2026-07-26 12:52:11.189091,Reddit,Not worth the upgrade. #GadgetReview is just a rehash of last year's model. https://example.com/link,#Smartphone2024,754,168,43,81486,Not worth the upgrade. #GadgetReview is just a rehash of last year's model.,-0.1695,negative,965,1.184237976609766
POST_00850,user_1702,2026-07-14 14:03:11.189091,Twitter,Terrible customer service when I tried to return my #Smartphone2024. Never again.,"#Smartphone2024,#GadgetReview,#TechLaunch",115,37,33,33653,Terrible customer service when I tried to return my #Smartphone2024. Never again.,-0.4767,negative,185,0.5497117727461818
POST_00851,user_2106,2026-08-10 19:42:11.189091,Twitter,The #Finals is pretty competitive this year.,"#Finals,#ChampionshipGame",1610,233,314,87714,The #Finals is pretty competitive this year.,0.5994,positive,2157,2.4591004959243006
POST_00852,user_2118,2026-07-15 19:39:11.189091,Reddit,I was on the edge of my seat during #Blockbuster!,#Cinema,828,242,193,12244,I was on the edge of my seat during #Blockbuster!,0.636,positive,1263,10.314414046549611
POST_00853,user_3170,2026-08-04 18:39:11.189091,Reddit,The visual effects in #Cinema blew my mind. 10/10.,"#Cinema,#Blockbuster",1342,216,357,28761,The visual effects in #Cinema blew my mind. 10/10.,0.0,neutral,1915,6.658090536124052
POST_00854,user_279,2026-07-22 16:55:11.189091,Twitter,Can't believe we lost the #Finals. So heartbroken right now.,"#ChampionshipGame,#Finals",10814,3348,1011,98486,Can't believe we lost the #Finals. So heartbroken right now.,-0.6735,negative,15173,15.406094205326593
POST_00855,user_199,2026-08-08 00:44:11.189091,Reddit,"#Blockbuster had some decent moments, but overall average.","#Blockbuster,#Cinema,#MovieRelease",400,40,79,16255,"#Blockbuster had some decent moments, but overall average.",0.3506,positive,519,3.1926673228346454
POST_00856,user_1671,2026-07-21 00:04:11.189091,Instagram,Best #Smartphone2024 I have ever used. Highly recommend!,"#GadgetReview,#Smartphone2024,#TechLaunch",3654,1131,1071,85369,Best #Smartphone2024 I have ever used. Highly recommend!,0.8066,positive,5856,6.859552536019679
POST_00857,user_2944,2026-08-04 18:52:11.189091,Reddit,"#Blockbuster had some decent moments, but overall average.","#Blockbuster,#Cinema,#MovieRelease",2412,406,306,95906,"#Blockbuster had some decent moments, but overall average.",0.3506,positive,3124,3.257322197545539
POST_00858,user_3606,2026-08-10 07:47:11.189091,Twitter,Extremely disappointed with the #TechLaunch phone. Overheating issues are terrible. 😡,"#TechLaunch,#GadgetReview",194,44,32,3176,Extremely disappointed with the #TechLaunch phone. Overheating issues are terrible.,-0.7574,negative,270,8.498583569405099
POST_00859,user_727,2026-08-09 00:48:11.189091,Twitter,Terrible refereeing ruined the #ChampionshipGame. Absolutely rigged. 🗑️,"#SportsEvent,#Finals,#ChampionshipGame",1501,213,316,40250,Terrible refereeing ruined the #ChampionshipGame. Absolutely rigged.,-0.8399,negative,2030,5.043352960174903
POST_00860,user_2001,2026-07-29 10:12:11.189091,Instagram,Extremely disappointed with the #Smartphone2024 phone. Overheating issues are terrible. 😡 @user_2001 ,#GadgetReview,8005,2087,1906,92974,Extremely disappointed with the #Smartphone2024 phone. Overheating issues are terrible.,-0.7574,negative,11998,12.904544232320516
POST_00861,user_3441,2026-07-22 21:41:11.189091,Instagram,Who do you think will win the #SportsEvent? https://example.com/link,#SportsEvent,186,66,16,46400,Who do you think will win the #SportsEvent?,0.5859,positive,268,0.5775737591862244
POST_00862,user_2371,2026-07-15 15:04:11.189091,Instagram,What a waste of time. #MovieRelease was completely boring. 🥱 https://example.com/link,#Cinema,3196,485,195,38512,What a waste of time. #MovieRelease was completely boring.,-0.659,negative,3876,10.064134188455846
POST_00863,user_1035,2026-08-01 08:34:11.189091,Reddit,The #ChampionshipGame is pretty competitive this year. @user_1035  https://example.com/link,"#SportsEvent,#ChampionshipGame",3323,575,171,83286,The #ChampionshipGame is pretty competitive this year.,0.5994,positive,4069,4.8855163470889815
POST_00864,user_4104,2026-07-17 14:10:11.189091,Reddit,Just saw the specs for the #GadgetReview phone. They seem okay.,"#Smartphone2024,#GadgetReview,#TechLaunch",801,184,226,23446,Just saw the specs for the #GadgetReview phone. They seem okay.,0.2263,positive,1211,5.164839851580159
POST_00865,user_2822,2026-07-13 03:42:11.189091,Twitter,Who do you think will win the #Finals?,"#Finals,#ChampionshipGame",1491,312,224,55001,Who do you think will win the #Finals?,0.5859,positive,2027,3.685320533798771
POST_00866,user_1779,2026-08-09 09:14:11.189091,Reddit,Comparing the #Smartphone2024 with other models. @user_1779 ,#Smartphone2024,1931,634,469,50131,Comparing the #Smartphone2024 with other models.,0.0,neutral,3034,6.0520226601771325
POST_00867,user_3746,2026-07-25 06:24:11.189091,Twitter,Watching the #SportsEvent with friends. Game is tied. https://example.com/link,#Finals,1854,613,503,52523,Watching the #SportsEvent with friends. Game is tied.,0.4767,positive,2970,5.6545579163810835
POST_00868,user_979,2026-08-01 03:48:11.189091,Reddit,Can't stop thinking about that game winning play at the #ChampionshipGame!,"#ChampionshipGame,#Finals,#SportsEvent",1605,588,403,30512,Can't stop thinking about that game winning play at the #ChampionshipGame!,0.7894,positive,2596,8.50784911349261
POST_00869,user_4059,2026-07-21 18:26:11.189091,Reddit,Can't stop thinking about that game winning play at the #Finals! @user_4059 ,"#ChampionshipGame,#Finals,#SportsEvent",3886,534,1140,65826,Can't stop thinking about that game winning play at the #Finals!,0.7894,positive,5560,8.446382183602474
POST_00870,user_3664,2026-07-25 04:46:11.189091,Twitter,Incredible performance by the lead actor in #Cinema! A must watch!,"#Cinema,#MovieRelease",8972,1583,2313,96174,Incredible performance by the lead actor in #Cinema! A must watch!,0.0,neutral,12868,13.379776449181179
POST_00871,user_4726,2026-07-13 16:39:11.189091,Twitter,Worst ending ever. #MovieRelease completely ruined the franchise. @user_4726  https://example.com/link,"#MovieRelease,#Cinema",9342,1365,1557,81365,Worst ending ever. #MovieRelease completely ruined the franchise.,-0.8173,negative,12264,15.07263476144827
POST_00872,user_1274,2026-07-13 14:27:11.189091,Instagram,The battery life on this #TechLaunch is a joke. 🗑️ @user_1274 ,"#Smartphone2024,#GadgetReview,#TechLaunch",6858,2405,399,81632,The battery life on this #TechLaunch is a joke.,0.296,positive,9662,11.835899697426285
POST_00873,user_4998,2026-08-08 11:27:11.189091,Reddit,What a waste of time. #Blockbuster was completely boring. 🥱,"#Blockbuster,#Cinema,#MovieRelease",6095,2361,767,63303,What a waste of time. #Blockbuster was completely boring.,-0.1263,negative,9223,14.569379502085175
POST_00874,user_3325,2026-08-06 05:25:11.189091,Reddit,Just saw the specs for the #TechLaunch phone. They seem okay.,#TechLaunch,130,48,26,2895,Just saw the specs for the #TechLaunch phone. They seem okay.,0.2263,positive,204,7.044198895027624
POST_00875,user_798,2026-08-01 14:16:11.189091,Twitter,"Wow, the screen on the #TechLaunch is stunning.","#TechLaunch,#GadgetReview,#Smartphone2024",374,50,36,29872,"Wow, the screen on the #TechLaunch is stunning.",0.7506,positive,460,1.5398520403039535
POST_00876,user_1576,2026-07-24 05:49:11.189091,Twitter,Will wait for the reviews before buying the #Smartphone2024 device. @user_1576 ,"#Smartphone2024,#GadgetReview,#TechLaunch",328,60,96,22457,Will wait for the reviews before buying the #Smartphone2024 device.,0.0,neutral,484,2.1551340279633093
POST_00877,user_1682,2026-08-01 00:25:11.189091,Twitter,Will wait for the reviews before buying the #GadgetReview device. https://example.com/link,"#TechLaunch,#Smartphone2024",826,257,209,33649,Will wait for the reviews before buying the #GadgetReview device.,0.0,neutral,1292,3.839524517087667
POST_00878,user_2491,2026-07-30 00:03:11.189091,Instagram,The broadcast quality for the #ChampionshipGame is awful. 😡 https://example.com/link,"#Finals,#ChampionshipGame,#SportsEvent",211,39,19,30367,The broadcast quality for the #ChampionshipGame is awful.,-0.4588,negative,269,0.8858008429926237
POST_00879,user_2694,2026-07-26 12:11:11.189091,Instagram,Terrible customer service when I tried to return my #GadgetReview. Never again.,"#GadgetReview,#TechLaunch,#Smartphone2024",2510,907,704,56482,Terrible customer service when I tried to return my #GadgetReview. Never again.,-0.4767,negative,4121,7.296000566542145
POST_00880,user_974,2026-08-02 13:41:11.189091,Reddit,My team finally won the #SportsEvent! Best day ever! https://example.com/link,"#ChampionshipGame,#Finals,#SportsEvent",634,151,35,18803,My team finally won the #SportsEvent! Best day ever!,0.8585,positive,820,4.360774303339715
POST_00881,user_2477,2026-07-23 23:28:11.189091,Instagram,"Tickets for #MovieRelease were expensive, hope it's worth it.","#Blockbuster,#MovieRelease,#Cinema",1962,566,289,42254,"Tickets for #MovieRelease were expensive, hope it's worth it.",0.5859,positive,2817,6.666666666666667
POST_00882,user_1492,2026-08-10 04:28:11.189091,Twitter,Not worth the upgrade. #TechLaunch is just a rehash of last year's model.,"#TechLaunch,#GadgetReview",3982,1569,591,64619,Not worth the upgrade. #TechLaunch is just a rehash of last year's model.,-0.1695,negative,6142,9.50479727638502
POST_00883,user_4653,2026-08-03 03:10:11.189091,Twitter,Terrible customer service when I tried to return my #Smartphone2024. Never again.,#GadgetReview,288,104,65,9996,Terrible customer service when I tried to return my #Smartphone2024. Never again.,-0.4767,negative,457,4.571371411423427
POST_00884,user_1753,2026-07-30 19:51:11.189091,Twitter,The #ChampionshipGame is pretty competitive this year.,"#SportsEvent,#ChampionshipGame",2047,592,412,75247,The #ChampionshipGame is pretty competitive this year.,0.5994,positive,3051,4.054592813098023
POST_00885,user_4536,2026-07-30 14:52:11.189091,Reddit,Anyone getting the new #TechLaunch? I can't decide.,#TechLaunch,1780,243,493,49627,Anyone getting the new #TechLaunch? I can't decide.,0.0,neutral,2516,5.06971870718143
POST_00886,user_1901,2026-07-20 01:05:11.189091,Twitter,Extremely disappointed with the #TechLaunch phone. Overheating issues are terrible. 😡,"#Smartphone2024,#TechLaunch,#GadgetReview",1095,389,118,22042,Extremely disappointed with the #TechLaunch phone. Overheating issues are terrible.,-0.7574,negative,1602,7.267613301274781
POST_00887,user_2856,2026-07-15 14:05:11.189091,Twitter,Best #TechLaunch I have ever used. Highly recommend! @user_2856 ,"#Smartphone2024,#GadgetReview,#TechLaunch",152,58,21,7341,Best #TechLaunch I have ever used. Highly recommend!,0.8066,positive,231,3.1462816671206753
POST_00888,user_1131,2026-07-28 07:12:11.189091,Twitter,The plot in #MovieRelease made no sense. Avoid at all costs.,"#Cinema,#MovieRelease",6876,2304,1362,88312,The plot in #MovieRelease made no sense. Avoid at all costs.,-0.0803,negative,10542,11.937087405025308
POST_00889,user_1420,2026-07-28 17:14:11.189091,Twitter,The plot in #Cinema made no sense. Avoid at all costs. @user_1420 ,"#MovieRelease,#Blockbuster,#Cinema",4435,739,476,99447,The plot in #Cinema made no sense. Avoid at all costs.,-0.0803,negative,5650,5.681361113345669
POST_00890,user_3720,2026-07-29 22:17:11.189091,Reddit,I fell asleep halfway through #Cinema. @user_3720 ,"#Cinema,#MovieRelease,#Blockbuster",2042,383,313,22443,I fell asleep halfway through #Cinema.,0.0,neutral,2738,12.199251470326145
POST_00891,user_1688,2026-08-07 02:41:11.189091,Twitter,I fell asleep halfway through #Cinema.,"#Blockbuster,#Cinema,#MovieRelease",3947,1114,363,71904,I fell asleep halfway through #Cinema.,0.0,neutral,5424,7.5432862805090055
POST_00892,user_3076,2026-07-31 02:23:11.189091,Reddit,Worst ending ever. #MovieRelease completely ruined the franchise.,"#Blockbuster,#MovieRelease",2697,276,506,32671,Worst ending ever. #MovieRelease completely ruined the franchise.,-0.8173,negative,3479,10.648261508325172
POST_00893,user_2839,2026-07-13 08:34:11.189091,Twitter,Finally got my hands on the #TechLaunch device. Loving the battery life. 😍,"#GadgetReview,#TechLaunch,#Smartphone2024",3759,694,921,77909,Finally got my hands on the #TechLaunch device. Loving the battery life.,0.5994,positive,5374,6.897702477217302
POST_00894,user_3926,2026-08-08 10:07:11.189091,Twitter,Worst ending ever. #Blockbuster completely ruined the franchise.,"#Blockbuster,#Cinema,#MovieRelease",447,168,123,10770,Worst ending ever. #Blockbuster completely ruined the franchise.,-0.5563,negative,738,6.851731501253365
POST_00895,user_3293,2026-07-26 02:43:11.189091,Reddit,Can't believe we lost the #SportsEvent. So heartbroken right now.,#ChampionshipGame,741,209,118,72620,Can't believe we lost the #SportsEvent. So heartbroken right now.,-0.6735,negative,1068,1.470648985830545
POST_00896,user_3037,2026-07-27 16:24:11.189091,Instagram,Finally got my hands on the #GadgetReview device. Loving the battery life. 😍,"#TechLaunch,#GadgetReview",1787,243,169,83696,Finally got my hands on the #GadgetReview device. Loving the battery life.,0.5994,positive,2199,2.6273343130578155
POST_00897,user_102,2026-08-04 04:37:11.189091,Instagram,Who do you think will win the #ChampionshipGame? @user_102 ,#ChampionshipGame,1413,160,74,49558,Who do you think will win the #ChampionshipGame?,0.5859,positive,1647,3.323311608385964
POST_00898,user_4689,2026-08-11 04:26:11.189091,Twitter,What a waste of time. #Cinema was completely boring. 🥱 @user_4689 ,"#MovieRelease,#Blockbuster,#Cinema",7200,781,1433,92761,What a waste of time. #Cinema was completely boring.,-0.659,negative,9414,10.148552208878636
POST_00899,user_3625,2026-08-02 15:35:11.189091,Reddit,Comparing the #GadgetReview with other models.,"#GadgetReview,#Smartphone2024,#TechLaunch",4449,1340,454,98986,Comparing the #GadgetReview with other models.,0.0,neutral,6243,6.306888783375594
POST_00900,user_2752,2026-07-24 18:33:11.189091,Reddit,The new #Smartphone2024 phone is absolutely amazing! The camera is unreal! 📱✨,"#Smartphone2024,#TechLaunch,#GadgetReview",5418,591,356,75329,The new #Smartphone2024 phone is absolutely amazing! The camera is unreal!,0.6885,positive,6365,8.449488915438737
POST_00901,user_4502,2026-07-23 18:37:11.189091,Instagram,Just watched the new #Blockbuster. Best movie of the year! 🍿🎬,#Cinema,2767,380,159,43933,Just watched the new #Blockbuster. Best movie of the year!,0.8553,positive,3306,7.524923749260254
POST_00902,user_681,2026-07-31 06:41:11.189091,Reddit,"Tickets for #Blockbuster were expensive, hope it's worth it.","#Cinema,#MovieRelease",356,80,71,28839,"Tickets for #Blockbuster were expensive, hope it's worth it.",0.8271,positive,507,1.7579750346740637
POST_00903,user_4615,2026-07-13 05:48:11.189091,Reddit,Just watched the new #Cinema. Best movie of the year! 🍿🎬,"#MovieRelease,#Cinema",4797,1103,557,60428,Just watched the new #Cinema. Best movie of the year!,0.6696,positive,6457,10.685267007562596
POST_00904,user_1271,2026-07-19 13:37:11.189091,Twitter,Watching the #ChampionshipGame with friends. Game is tied.,"#ChampionshipGame,#Finals,#SportsEvent",978,314,68,32905,Watching the #ChampionshipGame with friends. Game is tied.,0.4767,positive,1360,4.1329848659818875
POST_00905,user_2834,2026-07-19 11:17:11.189091,Instagram,Worst performance by my team in the #SportsEvent. Embarrassing. https://example.com/link,"#SportsEvent,#ChampionshipGame",821,296,238,13083,Worst performance by my team in the #SportsEvent. Embarrassing.,-0.7717,negative,1355,10.35616019565882
POST_00906,user_1619,2026-07-21 08:05:11.189091,Twitter,Watching the #SportsEvent with friends. Game is tied.,#ChampionshipGame,1050,329,183,32414,Watching the #SportsEvent with friends. Game is tied.,0.4767,positive,1562,4.8187567484189415
POST_00907,user_4394,2026-08-05 05:41:11.189091,Instagram,The plot in #Blockbuster made no sense. Avoid at all costs. @user_4394 ,"#MovieRelease,#Blockbuster,#Cinema",4069,1263,439,73605,The plot in #Blockbuster made no sense. Avoid at all costs.,0.5556,positive,5771,7.840393446186453
POST_00908,user_2078,2026-07-30 01:24:11.189091,Instagram,Best #GadgetReview I have ever used. Highly recommend! https://example.com/link,"#GadgetReview,#Smartphone2024",2290,769,192,37833,Best #GadgetReview I have ever used. Highly recommend!,0.8066,positive,3251,8.59280012687001
POST_00909,user_1625,2026-07-22 23:26:11.189091,Reddit,Watching #MovieRelease with my friends this weekend.,#MovieRelease,1859,444,167,53096,Watching #MovieRelease with my friends this weekend.,0.4767,positive,2470,4.651863570446541
POST_00910,user_1774,2026-07-21 17:16:11.189091,Reddit,Just saw the specs for the #Smartphone2024 phone. They seem okay.,"#TechLaunch,#Smartphone2024,#GadgetReview",924,154,173,66289,Just saw the specs for the #Smartphone2024 phone. They seem okay.,0.2263,positive,1251,1.8871624679438828
POST_00911,user_4046,2026-07-16 13:19:11.189091,Instagram,"Tickets for #Cinema were expensive, hope it's worth it. @user_4046  https://example.com/link","#MovieRelease,#Cinema,#Blockbuster",111,37,30,16809,"Tickets for #Cinema were expensive, hope it's worth it.",0.5859,positive,178,1.058893515764426
POST_00912,user_449,2026-07-22 12:16:11.189091,Instagram,"#Blockbuster had some decent moments, but overall average. @user_449 ","#MovieRelease,#Blockbuster,#Cinema",3555,950,317,85129,"#Blockbuster had some decent moments, but overall average.",0.3506,positive,4822,5.66427816280982
POST_00913,user_923,2026-08-03 08:38:11.189091,Instagram,Who do you think will win the #Finals?,#SportsEvent,686,120,59,77630,Who do you think will win the #Finals?,0.5859,positive,865,1.11424559776378
POST_00914,user_3093,2026-08-03 04:32:11.189091,Instagram,Comparing the #GadgetReview with other models. https://example.com/link,"#GadgetReview,#TechLaunch,#Smartphone2024",3344,487,402,73049,Comparing the #GadgetReview with other models.,0.0,neutral,4233,5.794661190965092
POST_00915,user_3991,2026-08-04 23:16:11.189091,Instagram,Terrible customer service when I tried to return my #Smartphone2024. Never again. https://example.com/link,#Smartphone2024,400,133,26,34364,Terrible customer service when I tried to return my #Smartphone2024. Never again.,-0.4767,negative,559,1.6266550269169213
POST_00916,user_434,2026-08-05 09:58:11.189091,Instagram,Watching #Blockbuster with my friends this weekend. https://example.com/link,#MovieRelease,1785,341,272,82325,Watching #Blockbuster with my friends this weekend.,0.7906,positive,2398,2.912810047858514
POST_00917,user_413,2026-07-27 06:07:11.189091,Reddit,Best #Smartphone2024 I have ever used. Highly recommend!,"#TechLaunch,#GadgetReview,#Smartphone2024",2232,593,490,85444,Best #Smartphone2024 I have ever used. Highly recommend!,0.8066,positive,3315,3.879688688630113
POST_00918,user_3012,2026-08-07 02:12:11.189091,Twitter,Who do you think will win the #SportsEvent? @user_3012 ,"#Finals,#ChampionshipGame",746,235,178,30766,Who do you think will win the #SportsEvent?,0.5859,positive,1159,3.767023109175415
POST_00919,user_828,2026-08-11 08:25:11.189091,Instagram,Can't believe we lost the #SportsEvent. So heartbroken right now. @user_828 ,"#SportsEvent,#ChampionshipGame",611,82,164,17441,Can't believe we lost the #SportsEvent. So heartbroken right now.,-0.6735,negative,857,4.913427359247793
POST_00920,user_3077,2026-07-25 18:36:11.189091,Twitter,Can't believe we lost the #SportsEvent. So heartbroken right now.,"#ChampionshipGame,#SportsEvent",1204,297,110,15935,Can't believe we lost the #SportsEvent. So heartbroken right now.,-0.6735,negative,1611,10.109186746987952
POST_00921,user_552,2026-07-20 10:45:11.189091,Twitter,Best #Smartphone2024 I have ever used. Highly recommend! https://example.com/link,"#Smartphone2024,#GadgetReview",2079,274,512,21635,Best #Smartphone2024 I have ever used. Highly recommend!,0.8066,positive,2865,13.241819190238491
POST_00922,user_1384,2026-08-08 04:17:11.189091,Instagram,The visual effects in #Cinema blew my mind. 10/10. https://example.com/link,"#Blockbuster,#MovieRelease",2147,810,234,41669,The visual effects in #Cinema blew my mind. 10/10.,0.0,neutral,3191,7.657787377009839
POST_00923,user_2709,2026-07-29 21:38:11.189091,Instagram,Can't believe we lost the #SportsEvent. So heartbroken right now.,"#SportsEvent,#ChampionshipGame,#Finals",4176,475,1215,50610,Can't believe we lost the #SportsEvent. So heartbroken right now.,-0.6735,negative,5866,11.59036573076999
POST_00924,user_4721,2026-07-19 01:56:11.189091,Reddit,Incredible display of skill at the #SportsEvent today. https://example.com/link,#ChampionshipGame,3097,461,459,52090,Incredible display of skill at the #SportsEvent today.,0.0,neutral,4017,7.711504866483654
POST_00925,user_4482,2026-07-23 03:00:11.189091,Instagram,Terrible refereeing ruined the #ChampionshipGame. Absolutely rigged. 🗑️ @user_4482  https://example.com/link,"#ChampionshipGame,#SportsEvent,#Finals",2855,598,770,50242,Terrible refereeing ruined the #ChampionshipGame. Absolutely rigged.,-0.8399,negative,4223,8.405150966303763
POST_00926,user_2710,2026-07-20 15:48:11.189091,Instagram,"#MovieRelease had some decent moments, but overall average. https://example.com/link","#Cinema,#MovieRelease",355,114,53,10151,"#MovieRelease had some decent moments, but overall average.",0.0,neutral,522,5.141843971631205
POST_00927,user_561,2026-08-02 20:25:11.189091,Reddit,Comparing the #TechLaunch with other models.,"#GadgetReview,#Smartphone2024,#TechLaunch",1442,573,247,50843,Comparing the #TechLaunch with other models.,0.0,neutral,2262,4.448902525371725
POST_00928,user_192,2026-07-20 23:09:11.189091,Instagram,Can't believe we lost the #ChampionshipGame. So heartbroken right now.,#ChampionshipGame,1747,621,118,26191,Can't believe we lost the #ChampionshipGame. So heartbroken right now.,-0.6735,negative,2486,9.491447770311545
POST_00929,user_2306,2026-07-14 00:59:11.189091,Instagram,Watching the #SportsEvent with friends. Game is tied.,"#SportsEvent,#Finals",2259,359,145,57357,Watching the #SportsEvent with friends. Game is tied.,0.4767,positive,2763,4.817113567418669
POST_00930,user_3740,2026-07-29 17:17:11.189091,Instagram,Watching the #ChampionshipGame with friends. Game is tied.,"#SportsEvent,#ChampionshipGame",2316,870,540,92424,Watching the #ChampionshipGame with friends. Game is tied.,0.4767,positive,3726,4.031376791993508
POST_00931,user_4146,2026-08-05 22:43:11.189091,Twitter,Best #TechLaunch I have ever used. Highly recommend!,#Smartphone2024,5155,1401,979,63672,Best #TechLaunch I have ever used. Highly recommend!,0.8066,positive,7535,11.833901339657311
POST_00932,user_3858,2026-08-11 13:39:11.189091,Instagram,The plot in #Blockbuster made no sense. Avoid at all costs.,"#MovieRelease,#Cinema,#Blockbuster",790,88,75,70861,The plot in #Blockbuster made no sense. Avoid at all costs.,0.5556,positive,953,1.3448674889221304
POST_00933,user_259,2026-07-24 03:55:11.189091,Reddit,Going to see #Blockbuster tonight. Hope it's good. @user_259 ,#MovieRelease,1868,736,413,50969,Going to see #Blockbuster tonight. Hope it's good.,0.8658,positive,3017,5.9191681381204635
POST_00934,user_1001,2026-07-29 14:18:11.189091,Twitter,I fell asleep halfway through #Cinema.,#Cinema,4143,1357,960,86021,I fell asleep halfway through #Cinema.,0.0,neutral,6460,7.509706819185789
POST_00935,user_733,2026-07-20 17:47:11.189091,Twitter,The plot in #Blockbuster made no sense. Avoid at all costs.,"#Cinema,#Blockbuster",1743,216,108,42900,The plot in #Blockbuster made no sense. Avoid at all costs.,0.5556,positive,2067,4.818069508869257
POST_00936,user_205,2026-07-29 09:58:11.189091,Reddit,The new #TechLaunch phone is absolutely amazing! The camera is unreal! 📱✨ @user_205 ,"#Smartphone2024,#GadgetReview,#TechLaunch",1529,528,244,77362,The new #TechLaunch phone is absolutely amazing! The camera is unreal!,0.6885,positive,2301,2.974290035288187
POST_00937,user_3609,2026-08-09 22:19:11.189091,Instagram,"#Cinema had some decent moments, but overall average. https://example.com/link","#Blockbuster,#Cinema",2511,924,210,54820,"#Cinema had some decent moments, but overall average.",0.0,neutral,3645,6.64891191331789
POST_00938,user_576,2026-08-03 10:35:11.189091,Twitter,I was on the edge of my seat during #Cinema!,"#Blockbuster,#Cinema",7294,1093,2114,89598,I was on the edge of my seat during #Cinema!,0.0,neutral,10501,11.719996874965123
POST_00939,user_4185,2026-07-27 21:18:11.189091,Twitter,Just saw the specs for the #GadgetReview phone. They seem okay. @user_4185 ,"#Smartphone2024,#GadgetReview,#TechLaunch",281,47,31,8258,Just saw the specs for the #GadgetReview phone. They seem okay.,0.2263,positive,359,4.3467732170965006
POST_00940,user_1478,2026-07-26 15:15:11.189091,Instagram,"Wow, the screen on the #TechLaunch is stunning.","#GadgetReview,#TechLaunch,#Smartphone2024",281,41,70,26944,"Wow, the screen on the #TechLaunch is stunning.",0.7506,positive,392,1.454815364631657
POST_00941,user_3336,2026-07-28 23:25:11.189091,Instagram,Just saw the specs for the #GadgetReview phone. They seem okay.,#TechLaunch,1320,499,261,79315,Just saw the specs for the #GadgetReview phone. They seem okay.,0.2263,positive,2080,2.6224217055827324
POST_00942,user_4817,2026-07-17 06:11:11.189091,Reddit,Terrible refereeing ruined the #Finals. Absolutely rigged. 🗑️,#SportsEvent,187,54,16,44067,Terrible refereeing ruined the #Finals. Absolutely rigged.,-0.8399,negative,257,0.583189616047926
POST_00943,user_4763,2026-08-04 10:27:11.189091,Instagram,Can't believe we lost the #ChampionshipGame. So heartbroken right now.,"#ChampionshipGame,#Finals",1781,467,514,71913,Can't believe we lost the #ChampionshipGame. So heartbroken right now.,-0.6735,negative,2762,3.840698612231276
POST_00944,user_2785,2026-07-23 04:51:11.189091,Twitter,Just watched the new #MovieRelease. Best movie of the year! 🍿🎬,"#Blockbuster,#Cinema,#MovieRelease",120,14,27,3893,Just watched the new #MovieRelease. Best movie of the year!,0.6696,positive,161,4.1345659989727785
POST_00945,user_2708,2026-08-03 01:44:11.189091,Reddit,Can't believe we lost the #Finals. So heartbroken right now.,"#ChampionshipGame,#SportsEvent,#Finals",580,139,110,79012,Can't believe we lost the #Finals. So heartbroken right now.,-0.6735,negative,829,1.049194436358574
POST_00946,user_1637,2026-08-01 18:07:11.189091,Reddit,Best #GadgetReview I have ever used. Highly recommend! https://example.com/link,"#Smartphone2024,#TechLaunch",2630,770,448,87559,Best #GadgetReview I have ever used. Highly recommend!,0.8066,positive,3848,4.394700776610325
POST_00947,user_1110,2026-07-16 13:55:11.189091,Instagram,I was on the edge of my seat during #MovieRelease!,#Blockbuster,2897,862,852,80549,I was on the edge of my seat during #MovieRelease!,0.0,neutral,4611,5.724394785847299
POST_00948,user_2341,2026-07-14 01:04:11.189091,Instagram,What a thrilling finish to the #ChampionshipGame! Unbelievable! 🏆🔥 @user_2341 ,"#Finals,#ChampionshipGame",897,274,251,10574,What a thrilling finish to the #ChampionshipGame! Unbelievable!,0.6688,positive,1422,13.446808510638297
POST_00949,user_3148,2026-08-03 16:24:11.189091,Reddit,The broadcast quality for the #SportsEvent is awful. 😡,"#SportsEvent,#ChampionshipGame,#Finals",415,49,99,97282,The broadcast quality for the #SportsEvent is awful.,-0.4588,negative,563,0.5787239291551453
POST_00950,user_1233,2026-07-18 13:16:11.189091,Reddit,Incredible performance by the lead actor in #Cinema! A must watch! https://example.com/link,"#Blockbuster,#MovieRelease",1419,507,258,85292,Incredible performance by the lead actor in #Cinema! A must watch!,0.0,neutral,2184,2.5605852766346593
POST_00951,user_1639,2026-07-25 11:45:11.189091,Reddit,"Tickets for #Cinema were expensive, hope it's worth it.","#MovieRelease,#Blockbuster",578,184,157,19740,"Tickets for #Cinema were expensive, hope it's worth it.",0.5859,positive,919,4.655285953092549
POST_00952,user_2214,2026-08-01 20:00:11.189091,Twitter,The plot in #MovieRelease made no sense. Avoid at all costs. @user_2214  https://example.com/link,"#Blockbuster,#MovieRelease,#Cinema",1634,175,250,24925,The plot in #MovieRelease made no sense. Avoid at all costs.,-0.0803,negative,2059,8.26045093476691
POST_00953,user_1581,2026-08-04 15:58:11.189091,Reddit,Terrible refereeing ruined the #SportsEvent. Absolutely rigged. 🗑️,"#ChampionshipGame,#Finals,#SportsEvent",465,119,58,33409,Terrible refereeing ruined the #SportsEvent. Absolutely rigged.,-0.8399,negative,642,1.9215803651601318
POST_00954,user_3716,2026-08-09 23:25:11.189091,Twitter,Just watched the new #MovieRelease. Best movie of the year! 🍿🎬 @user_3716 ,"#Blockbuster,#Cinema,#MovieRelease",48,5,12,2157,Just watched the new #MovieRelease. Best movie of the year!,0.6696,positive,65,3.0120481927710845
POST_00955,user_1392,2026-07-31 15:01:11.189091,Reddit,Finally got my hands on the #TechLaunch device. Loving the battery life. 😍,#Smartphone2024,2590,407,691,64349,Finally got my hands on the #TechLaunch device. Loving the battery life.,0.5994,positive,3688,5.731157731157731
POST_00956,user_650,2026-07-23 01:09:11.189091,Instagram,Finally got my hands on the #Smartphone2024 device. Loving the battery life. 😍,#Smartphone2024,2179,761,603,28919,Finally got my hands on the #Smartphone2024 device. Loving the battery life.,0.5994,positive,3543,12.25103734439834
POST_00957,user_3380,2026-08-03 23:15:11.189091,Twitter,Best #TechLaunch I have ever used. Highly recommend! @user_3380 ,#Smartphone2024,816,286,137,51428,Best #TechLaunch I have ever used. Highly recommend!,0.8066,positive,1239,2.4091465904450793
POST_00958,user_3257,2026-07-14 01:07:11.189091,Instagram,Just saw the specs for the #GadgetReview phone. They seem okay.,#Smartphone2024,624,77,136,13741,Just saw the specs for the #GadgetReview phone. They seem okay.,0.2263,positive,837,6.0908164750400235
POST_00959,user_1967,2026-07-20 08:54:11.189091,Reddit,I was on the edge of my seat during #Blockbuster!,#Cinema,3626,404,858,49321,I was on the edge of my seat during #Blockbuster!,0.636,positive,4888,9.910384818133895
POST_00960,user_2610,2026-07-27 06:07:11.189091,Twitter,I was on the edge of my seat during #Cinema! https://example.com/link,"#MovieRelease,#Blockbuster,#Cinema",3739,796,396,96348,I was on the edge of my seat during #Cinema!,0.0,neutral,4931,5.117852805945054
POST_00961,user_3198,2026-07-30 22:28:11.189091,Twitter,Worst ending ever. #MovieRelease completely ruined the franchise. @user_3198 ,"#Cinema,#MovieRelease,#Blockbuster",3663,791,609,57223,Worst ending ever. #MovieRelease completely ruined the franchise.,-0.8173,negative,5063,8.847686285474627
POST_00962,user_2003,2026-07-16 15:41:11.189091,Twitter,Finally got my hands on the #GadgetReview device. Loving the battery life. 😍 https://example.com/link,"#Smartphone2024,#GadgetReview,#TechLaunch",1230,298,169,29639,Finally got my hands on the #GadgetReview device. Loving the battery life.,0.5994,positive,1697,5.725371120107963
POST_00963,user_791,2026-07-14 16:01:11.189091,Instagram,Going to see #MovieRelease tonight. Hope it's good. https://example.com/link,#Cinema,1017,131,226,33760,Going to see #MovieRelease tonight. Hope it's good.,0.7003,positive,1374,4.069784662776577
POST_00964,user_4988,2026-08-04 19:43:11.189091,Twitter,Watching the #Finals with friends. Game is tied.,"#Finals,#ChampionshipGame,#SportsEvent",2610,976,264,59538,Watching the #Finals with friends. Game is tied.,0.4767,positive,3850,6.466349787534222
POST_00965,user_2984,2026-07-13 12:14:11.189091,Instagram,Can't believe we lost the #SportsEvent. So heartbroken right now.,"#ChampionshipGame,#SportsEvent",1497,374,422,48585,Can't believe we lost the #SportsEvent. So heartbroken right now.,-0.6735,negative,2293,4.71946651298728
POST_00966,user_3542,2026-07-20 03:37:11.189091,Instagram,"#MovieRelease had some decent moments, but overall average.","#Cinema,#Blockbuster,#MovieRelease",188,42,31,33388,"#MovieRelease had some decent moments, but overall average.",0.0,neutral,261,0.7816945700679865
POST_00967,user_1253,2026-07-13 08:25:11.189091,Reddit,Terrible customer service when I tried to return my #Smartphone2024. Never again. https://example.com/link,#TechLaunch,6295,877,1837,84889,Terrible customer service when I tried to return my #Smartphone2024. Never again.,-0.4767,negative,9009,10.612557427258805
POST_00968,user_3510,2026-08-05 15:58:11.189091,Twitter,Anyone getting the new #Smartphone2024? I can't decide.,#GadgetReview,1786,470,351,58608,Anyone getting the new #Smartphone2024? I can't decide.,0.0,neutral,2607,4.448122302035524
POST_00969,user_2757,2026-07-30 02:52:11.189091,Twitter,Who do you think will win the #SportsEvent?,"#SportsEvent,#Finals",58,10,9,57547,Who do you think will win the #SportsEvent?,0.5859,positive,77,0.1338013484395635
POST_00970,user_4945,2026-07-13 16:26:11.189091,Twitter,Watching the #SportsEvent with friends. Game is tied.,"#Finals,#ChampionshipGame",637,168,172,15673,Watching the #SportsEvent with friends. Game is tied.,0.4767,positive,977,6.233252520096976
POST_00971,user_3754,2026-07-25 14:27:11.189091,Twitter,Worst ending ever. #MovieRelease completely ruined the franchise. https://example.com/link,#Blockbuster,474,69,137,21085,Worst ending ever. #MovieRelease completely ruined the franchise.,-0.8173,negative,680,3.2248885516456416
POST_00972,user_4100,2026-07-22 10:47:11.189091,Instagram,What a thrilling finish to the #ChampionshipGame! Unbelievable! 🏆🔥,"#Finals,#ChampionshipGame,#SportsEvent",3651,456,921,67430,What a thrilling finish to the #ChampionshipGame! Unbelievable!,0.6688,positive,5028,7.456511100235796
POST_00973,user_3303,2026-07-26 05:51:11.189091,Twitter,Watching #MovieRelease with my friends this weekend.,#Blockbuster,541,142,142,16182,Watching #MovieRelease with my friends this weekend.,0.4767,positive,825,5.097942285114009
POST_00974,user_4723,2026-07-27 16:43:11.189091,Reddit,The visual effects in #Cinema blew my mind. 10/10.,"#Blockbuster,#MovieRelease",4145,933,1123,96468,The visual effects in #Cinema blew my mind. 10/10.,0.0,neutral,6201,6.427971680021562
POST_00975,user_619,2026-07-31 09:40:11.189091,Twitter,Not worth the upgrade. #Smartphone2024 is just a rehash of last year's model.,#TechLaunch,4585,749,796,65864,Not worth the upgrade. #Smartphone2024 is just a rehash of last year's model.,-0.1695,negative,6130,9.306915660821376
POST_00976,user_205,2026-07-20 19:27:11.189091,Instagram,Can't stop thinking about that game winning play at the #ChampionshipGame! @user_205 ,#Finals,2910,878,555,74414,Can't stop thinking about that game winning play at the #ChampionshipGame!,0.7894,positive,4343,5.836188940401801
POST_00977,user_1087,2026-07-14 00:17:11.189091,Instagram,"Wow, the screen on the #TechLaunch is stunning.",#GadgetReview,2858,545,271,88981,"Wow, the screen on the #TechLaunch is stunning.",0.7506,positive,3674,4.128924951113708
POST_00978,user_3779,2026-07-24 04:04:11.189091,Twitter,Finally got my hands on the #Smartphone2024 device. Loving the battery life. 😍 @user_3779 ,#GadgetReview,419,42,40,21140,Finally got my hands on the #Smartphone2024 device. Loving the battery life.,0.5994,positive,501,2.3698027529445156
POST_00979,user_1882,2026-08-07 11:40:11.189091,Twitter,Who do you think will win the #ChampionshipGame?,#ChampionshipGame,65,13,15,1369,Who do you think will win the #ChampionshipGame?,0.5859,positive,93,6.788321167883211
POST_00980,user_1123,2026-07-14 07:50:11.189091,Reddit,Incredible performance by the lead actor in #MovieRelease! A must watch!,"#MovieRelease,#Blockbuster",6097,622,689,66093,Incredible performance by the lead actor in #MovieRelease! A must watch!,0.0,neutral,7408,11.208279117620359
POST_00981,user_2022,2026-07-12 10:42:11.189091,Reddit,Not worth the upgrade. #TechLaunch is just a rehash of last year's model. @user_2022 ,"#TechLaunch,#Smartphone2024,#GadgetReview",4134,500,331,72989,Not worth the upgrade. #TechLaunch is just a rehash of last year's model.,-0.1695,negative,4965,6.802301685162352
POST_00982,user_781,2026-07-14 15:53:11.189091,Reddit,What a waste of time. #Blockbuster was completely boring. 🥱,#Blockbuster,6132,2054,1638,94152,What a waste of time. #Blockbuster was completely boring.,-0.1263,negative,9824,10.434080698437649
POST_00983,user_2970,2026-08-09 09:53:11.189091,Instagram,Worst ending ever. #MovieRelease completely ruined the franchise. https://example.com/link,#MovieRelease,641,176,115,18014,Worst ending ever. #MovieRelease completely ruined the franchise.,-0.8173,negative,932,5.173466555648071
POST_00984,user_3547,2026-07-30 16:08:11.189091,Instagram,Going to see #MovieRelease tonight. Hope it's good.,#MovieRelease,2339,815,622,93464,Going to see #MovieRelease tonight. Hope it's good.,0.7003,positive,3776,4.040014978869095
POST_00985,user_3145,2026-08-02 12:28:11.189091,Reddit,Terrible refereeing ruined the #SportsEvent. Absolutely rigged. 🗑️,"#Finals,#ChampionshipGame",4715,961,1125,86862,Terrible refereeing ruined the #SportsEvent. Absolutely rigged.,-0.8399,negative,6801,7.82957070329139
POST_00986,user_2945,2026-08-04 10:12:11.189091,Instagram,Incredible performance by the lead actor in #Cinema! A must watch! https://example.com/link,"#Cinema,#Blockbuster",2412,244,703,35990,Incredible performance by the lead actor in #Cinema! A must watch!,0.0,neutral,3359,9.332888777749993
POST_00987,user_2806,2026-07-19 11:18:11.189091,Instagram,Worst performance by my team in the #SportsEvent. Embarrassing. https://example.com/link,#SportsEvent,643,204,42,59627,Worst performance by my team in the #SportsEvent. Embarrassing.,-0.7717,negative,889,1.4909103105923391
POST_00988,user_4704,2026-07-16 03:02:11.189091,Instagram,Best #Smartphone2024 I have ever used. Highly recommend!,"#GadgetReview,#TechLaunch,#Smartphone2024",954,240,68,69633,Best #Smartphone2024 I have ever used. Highly recommend!,0.8066,positive,1262,1.8123330556911854
POST_00989,user_696,2026-07-15 05:44:11.189091,Instagram,Will wait for the reviews before buying the #GadgetReview device.,"#TechLaunch,#Smartphone2024,#GadgetReview",146,47,34,6883,Will wait for the reviews before buying the #GadgetReview device.,0.0,neutral,227,3.297501452643812
POST_00990,user_4017,2026-07-29 12:34:11.189091,Instagram,Incredible performance by the lead actor in #Cinema! A must watch!,#Cinema,2145,561,167,51848,Incredible performance by the lead actor in #Cinema! A must watch!,0.0,neutral,2873,5.541090474261798
POST_00991,user_3060,2026-08-10 13:05:11.189091,Reddit,Watching #MovieRelease with my friends this weekend. https://example.com/link,"#Blockbuster,#MovieRelease,#Cinema",300,70,24,85967,Watching #MovieRelease with my friends this weekend.,0.4767,positive,394,0.45831006886283265
POST_00992,user_4085,2026-07-12 19:57:11.189091,Twitter,The battery life on this #GadgetReview is a joke. 🗑️,#Smartphone2024,546,170,113,82020,The battery life on this #GadgetReview is a joke.,0.296,positive,829,1.0107167676570634
POST_00993,user_2027,2026-07-25 07:41:11.189091,Instagram,Finally got my hands on the #TechLaunch device. Loving the battery life. 😍 @user_2027 ,"#GadgetReview,#Smartphone2024",6760,681,1437,88490,Finally got my hands on the #TechLaunch device. Loving the battery life.,0.5994,positive,8878,10.032658688454193
POST_00994,user_3623,2026-07-20 05:51:11.189091,Reddit,Watching #Blockbuster with my friends this weekend.,"#Cinema,#MovieRelease",1558,553,125,69449,Watching #Blockbuster with my friends this weekend.,0.7906,positive,2236,3.2195824334053276
POST_00995,user_2597,2026-07-21 02:15:11.189091,Reddit,My team finally won the #SportsEvent! Best day ever!,#SportsEvent,233,42,32,40278,My team finally won the #SportsEvent! Best day ever!,0.8585,positive,307,0.7621837682166885
POST_00996,user_2444,2026-07-21 19:19:11.189091,Twitter,Comparing the #Smartphone2024 with other models. https://example.com/link,"#Smartphone2024,#TechLaunch",817,137,156,33812,Comparing the #Smartphone2024 with other models.,0.0,neutral,1110,3.2827610682281962
POST_00997,user_336,2026-08-05 19:13:11.189091,Twitter,Terrible refereeing ruined the #ChampionshipGame. Absolutely rigged. 🗑️,"#Finals,#ChampionshipGame",1382,430,174,28340,Terrible refereeing ruined the #ChampionshipGame. Absolutely rigged.,-0.8399,negative,1986,7.0075156134222505
POST_00998,user_4094,2026-08-09 14:03:11.189091,Twitter,Just watched the new #MovieRelease. Best movie of the year! 🍿🎬 https://example.com/link,"#Cinema,#Blockbuster,#MovieRelease",217,25,23,41356,Just watched the new #MovieRelease. Best movie of the year!,0.6696,positive,265,0.6407621442561114
POST_00999,user_1814,2026-07-14 07:40:11.189091,Reddit,Finally got my hands on the #TechLaunch device. Loving the battery life. 😍,"#GadgetReview,#TechLaunch",859,104,57,71672,Finally got my hands on the #TechLaunch device. Loving the battery life.,0.5994,positive,1020,1.4231300489724164
POST_01000,user_4073,2026-07-28 07:49:11.189091,Instagram,Just saw the specs for the #TechLaunch phone. They seem okay.,"#Smartphone2024,#TechLaunch",2092,807,143,81074,Just saw the specs for the #TechLaunch phone. They seem okay.,0.2263,positive,3042,3.7520814061054577
POST_01001,user_2181,2026-08-07 02:11:11.189091,Twitter,Finally got my hands on the #TechLaunch device. Loving the battery life. 😍,"#GadgetReview,#TechLaunch",1375,257,124,75644,Finally got my hands on the #TechLaunch device. Loving the battery life.,0.5994,positive,1756,2.321369555158966
POST_01002,user_151,2026-08-09 22:22:11.189091,Instagram,Can't stop thinking about that game winning play at the #Finals!,#SportsEvent,1663,350,404,26860,Can't stop thinking about that game winning play at the #Finals!,0.7894,positive,2417,8.99817579390194
POST_01003,user_4882,2026-08-11 03:51:11.189091,Instagram,Comparing the #TechLaunch with other models.,#GadgetReview,313,96,54,9046,Comparing the #TechLaunch with other models.,0.0,neutral,463,5.117718580744998
POST_01004,user_2801,2026-07-29 21:36:11.189091,Reddit,The #ChampionshipGame is pretty competitive this year.,"#ChampionshipGame,#Finals",3146,614,658,93016,The #ChampionshipGame is pretty competitive this year.,0.5994,positive,4418,4.749669415268177
POST_01005,user_2289,2026-08-09 23:01:11.189091,Reddit,The new #Smartphone2024 phone is absolutely amazing! The camera is unreal! 📱✨,#GadgetReview,2960,679,543,27469,The new #Smartphone2024 phone is absolutely amazing! The camera is unreal!,0.6885,positive,4182,15.223880597014924
POST_01006,user_4721,2026-08-09 14:29:11.189091,Twitter,"Wow, the screen on the #Smartphone2024 is stunning.",#Smartphone2024,1268,385,198,52700,"Wow, the screen on the #Smartphone2024 is stunning.",0.7506,positive,1851,3.512267319405704
POST_01007,user_1575,2026-07-11 21:58:11.189091,Instagram,Will wait for the reviews before buying the #GadgetReview device.,"#GadgetReview,#Smartphone2024",505,67,104,80845,Will wait for the reviews before buying the #GadgetReview device.,0.0,neutral,676,0.8361576330307003
POST_01008,user_242,2026-07-29 07:18:11.189091,Reddit,The plot in #Cinema made no sense. Avoid at all costs. @user_242 ,"#MovieRelease,#Blockbuster",915,272,221,38563,The plot in #Cinema made no sense. Avoid at all costs.,-0.0803,negative,1408,3.6510735400892025
POST_01009,user_4530,2026-07-20 21:20:11.189091,Instagram,Best #TechLaunch I have ever used. Highly recommend! https://example.com/link,"#TechLaunch,#GadgetReview",6452,2397,499,82249,Best #TechLaunch I have ever used. Highly recommend!,0.8066,positive,9348,11.365349544072949
POST_01010,user_3129,2026-07-25 07:42:11.189091,Twitter,Going to see #Cinema tonight. Hope it's good. https://example.com/link,"#MovieRelease,#Blockbuster,#Cinema",1283,196,314,75302,Going to see #Cinema tonight. Hope it's good.,0.7003,positive,1793,2.3810472358338974
POST_01011,user_3400,2026-08-02 10:50:11.189091,Twitter,Incredible performance by the lead actor in #Blockbuster! A must watch!,"#Cinema,#MovieRelease,#Blockbuster",4518,1718,920,94038,Incredible performance by the lead actor in #Blockbuster! A must watch!,0.6688,positive,7156,7.609608779336233
POST_01012,user_2813,2026-07-16 11:28:11.189091,Instagram,The visual effects in #MovieRelease blew my mind. 10/10. https://example.com/link,"#Cinema,#MovieRelease",3175,877,186,46862,The visual effects in #MovieRelease blew my mind. 10/10.,0.0,neutral,4238,9.043381772400402
POST_01013,user_4873,2026-08-01 07:28:11.189091,Instagram,My team finally won the #ChampionshipGame! Best day ever! https://example.com/link,#ChampionshipGame,2264,799,448,64749,My team finally won the #ChampionshipGame! Best day ever!,0.8585,positive,3511,5.422393822393822
POST_01014,user_4657,2026-07-19 08:31:11.189091,Reddit,The visual effects in #MovieRelease blew my mind. 10/10. https://example.com/link,"#MovieRelease,#Blockbuster,#Cinema",609,130,54,63644,The visual effects in #MovieRelease blew my mind. 10/10.,0.0,neutral,793,1.2459737607039045
POST_01015,user_1284,2026-08-08 07:42:11.189091,Twitter,Best #TechLaunch I have ever used. Highly recommend!,#Smartphone2024,6322,2180,996,75783,Best #TechLaunch I have ever used. Highly recommend!,0.8066,positive,9498,12.532988493613429
POST_01016,user_3352,2026-07-12 23:27:11.189091,Instagram,"Tickets for #Cinema were expensive, hope it's worth it.",#MovieRelease,1963,368,412,45148,"Tickets for #Cinema were expensive, hope it's worth it.",0.5859,positive,2743,6.075439101641232
POST_01017,user_3033,2026-08-10 08:35:11.189091,Twitter,Comparing the #Smartphone2024 with other models.,"#Smartphone2024,#TechLaunch,#GadgetReview",437,168,63,29398,Comparing the #Smartphone2024 with other models.,0.0,neutral,668,2.2721861287798903
POST_01018,user_3649,2026-08-04 11:08:11.189091,Twitter,Just watched the new #Cinema. Best movie of the year! 🍿🎬,#MovieRelease,1015,163,217,15038,Just watched the new #Cinema. Best movie of the year!,0.6696,positive,1395,9.275882704967085
POST_01019,user_4990,2026-08-02 22:53:11.189091,Instagram,Getting snacks ready for the #ChampionshipGame.,#SportsEvent,807,238,50,27141,Getting snacks ready for the #ChampionshipGame.,0.3612,positive,1095,4.034337926460836
POST_01020,user_4319,2026-08-10 13:42:11.189091,Twitter,What a thrilling finish to the #SportsEvent! Unbelievable! 🏆🔥 @user_4319 ,"#ChampionshipGame,#SportsEvent",1048,321,69,49662,What a thrilling finish to the #SportsEvent! Unbelievable!,0.6688,positive,1438,2.895515776332481
POST_01021,user_4407,2026-07-13 18:30:11.189091,Reddit,Going to see #MovieRelease tonight. Hope it's good. https://example.com/link,#MovieRelease,1175,313,298,37204,Going to see #MovieRelease tonight. Hope it's good.,0.7003,positive,1786,4.8004300497245
POST_01022,user_96,2026-07-20 09:05:11.189091,Instagram,What a waste of time. #Cinema was completely boring. 🥱 @user_96 ,"#Cinema,#Blockbuster,#MovieRelease",1655,508,223,26685,What a waste of time. #Cinema was completely boring.,-0.659,negative,2386,8.94101776212246
POST_01023,user_50,2026-07-25 01:58:11.189091,Twitter,My team finally won the #ChampionshipGame! Best day ever!,"#Finals,#ChampionshipGame,#SportsEvent",8111,1258,2233,83788,My team finally won the #ChampionshipGame! Best day ever!,0.8585,positive,11602,13.846686319206578
POST_01024,user_3131,2026-07-31 17:10:11.189091,Instagram,Not worth the upgrade. #Smartphone2024 is just a rehash of last year's model. https://example.com/link,"#Smartphone2024,#TechLaunch",2093,497,601,49087,Not worth the upgrade. #Smartphone2024 is just a rehash of last year's model.,-0.1695,negative,3191,6.500570404172098
POST_01025,user_1776,2026-07-21 19:26:11.189091,Reddit,Going to see #Blockbuster tonight. Hope it's good. https://example.com/link,"#MovieRelease,#Blockbuster,#Cinema",2685,444,134,81824,Going to see #Blockbuster tonight. Hope it's good.,0.8658,positive,3263,3.9877787962114266
POST_01026,user_3436,2026-07-14 22:17:11.189091,Instagram,The new #TechLaunch phone is absolutely amazing! The camera is unreal! 📱✨,#TechLaunch,230,59,49,20233,The new #TechLaunch phone is absolutely amazing! The camera is unreal!,0.6885,positive,338,1.6704556686764853
POST_01027,user_393,2026-07-24 12:51:11.189091,Twitter,The plot in #Cinema made no sense. Avoid at all costs.,"#MovieRelease,#Blockbuster,#Cinema",1956,243,275,59197,The plot in #Cinema made no sense. Avoid at all costs.,-0.0803,negative,2474,4.179195243082537
POST_01028,user_2961,2026-07-27 23:15:11.189091,Instagram,Terrible refereeing ruined the #ChampionshipGame. Absolutely rigged. 🗑️,#Finals,1541,407,157,83011,Terrible refereeing ruined the #ChampionshipGame. Absolutely rigged.,-0.8399,negative,2105,2.5357779598130388
POST_01029,user_2592,2026-07-15 05:07:11.189091,Reddit,The plot in #MovieRelease made no sense. Avoid at all costs. @user_2592 ,#Blockbuster,4789,1430,298,82039,The plot in #MovieRelease made no sense. Avoid at all costs.,-0.0803,negative,6517,7.9436860068259385
POST_01030,user_342,2026-08-07 00:04:11.189091,Twitter,What a waste of time. #Blockbuster was completely boring. 🥱,"#Blockbuster,#Cinema,#MovieRelease",715,98,167,15488,What a waste of time. #Blockbuster was completely boring.,-0.1263,negative,980,6.327070824456066
POST_01031,user_1551,2026-08-11 06:44:11.189091,Reddit,Worst ending ever. #Blockbuster completely ruined the franchise. @user_1551 ,"#Cinema,#MovieRelease,#Blockbuster",1512,162,294,84327,Worst ending ever. #Blockbuster completely ruined the franchise.,-0.5563,negative,1968,2.333744426524998
POST_01032,user_4813,2026-08-07 15:42:11.189091,Reddit,What a thrilling finish to the #SportsEvent! Unbelievable! 🏆🔥,"#Finals,#SportsEvent",270,72,24,15617,What a thrilling finish to the #SportsEvent! Unbelievable!,0.6688,positive,366,2.3434498655397618
POST_01033,user_3658,2026-08-06 08:49:11.189091,Instagram,Can't believe we lost the #SportsEvent. So heartbroken right now. https://example.com/link,"#ChampionshipGame,#SportsEvent,#Finals",299,76,54,8242,Can't believe we lost the #SportsEvent. So heartbroken right now.,-0.6735,negative,429,5.20441586800922
POST_01034,user_4471,2026-07-15 11:37:11.189091,Twitter,Who do you think will win the #SportsEvent?,"#ChampionshipGame,#Finals",1818,311,447,37676,Who do you think will win the #SportsEvent?,0.5859,positive,2576,6.8370623988109465
POST_01035,user_288,2026-07-16 07:48:11.189091,Reddit,Just saw the specs for the #TechLaunch phone. They seem okay.,"#GadgetReview,#Smartphone2024",101,37,25,6748,Just saw the specs for the #TechLaunch phone. They seem okay.,0.2263,positive,163,2.4151726181656543
POST_01036,user_4241,2026-07-30 01:12:11.189091,Twitter,Incredible display of skill at the #ChampionshipGame today.,"#SportsEvent,#ChampionshipGame",2672,646,140,67439,Incredible display of skill at the #ChampionshipGame today.,0.0,neutral,3458,5.127520759193357
POST_01037,user_1521,2026-07-21 13:35:11.189091,Reddit,The broadcast quality for the #ChampionshipGame is awful. 😡 @user_1521 ,"#Finals,#ChampionshipGame,#SportsEvent",1648,592,371,17183,The broadcast quality for the #ChampionshipGame is awful.,-0.4588,negative,2611,15.194366852886407
POST_01038,user_3807,2026-07-27 13:02:11.189091,Reddit,"Wow, the screen on the #TechLaunch is stunning. @user_3807 ","#TechLaunch,#GadgetReview",5687,1860,1305,51706,"Wow, the screen on the #TechLaunch is stunning.",0.7506,positive,8852,17.119538940568976
POST_01039,user_1792,2026-08-08 17:33:11.189091,Twitter,Finally got my hands on the #TechLaunch device. Loving the battery life. 😍,#GadgetReview,1144,162,192,80383,Finally got my hands on the #TechLaunch device. Loving the battery life.,0.5994,positive,1498,1.8635549363057324
POST_01040,user_631,2026-07-28 07:11:11.189091,Instagram,I was on the edge of my seat during #Blockbuster! https://example.com/link,#Cinema,2994,715,547,72427,I was on the edge of my seat during #Blockbuster!,0.636,positive,4256,5.876180482686253
POST_01041,user_3907,2026-08-04 02:24:11.189091,Reddit,Comparing the #Smartphone2024 with other models. https://example.com/link,#Smartphone2024,368,138,25,19801,Comparing the #Smartphone2024 with other models.,0.0,neutral,531,2.6815473184526817
POST_01042,user_4765,2026-07-28 15:44:11.189091,Instagram,Can't believe we lost the #Finals. So heartbroken right now.,"#ChampionshipGame,#Finals",965,316,90,54517,Can't believe we lost the #Finals. So heartbroken right now.,-0.6735,negative,1371,2.514765765435269
POST_01043,user_4219,2026-07-19 04:15:11.189091,Twitter,Finally got my hands on the #GadgetReview device. Loving the battery life. 😍,"#GadgetReview,#Smartphone2024,#TechLaunch",2907,293,178,53463,Finally got my hands on the #GadgetReview device. Loving the battery life.,0.5994,positive,3378,6.318270237917104
POST_01044,user_1693,2026-07-19 16:47:11.189091,Instagram,The new #GadgetReview phone is absolutely amazing! The camera is unreal! 📱✨,"#Smartphone2024,#GadgetReview,#TechLaunch",285,57,16,86667,The new #GadgetReview phone is absolutely amazing! The camera is unreal!,0.6885,positive,358,0.41307056814510545
POST_01045,user_3307,2026-08-07 09:39:11.189091,Twitter,The visual effects in #Blockbuster blew my mind. 10/10.,"#Cinema,#Blockbuster",2471,745,584,62707,The visual effects in #Blockbuster blew my mind. 10/10.,0.5994,positive,3800,6.059832876188046
POST_01046,user_161,2026-07-22 02:37:11.189091,Twitter,My team finally won the #Finals! Best day ever! https://example.com/link,"#Finals,#SportsEvent",7054,1479,1660,81646,My team finally won the #Finals! Best day ever!,0.8585,positive,10193,12.484230896419954
POST_01047,user_2154,2026-07-27 08:55:11.189091,Instagram,The #SportsEvent is pretty competitive this year.,#ChampionshipGame,320,78,24,68990,The #SportsEvent is pretty competitive this year.,0.5994,positive,422,0.6116739864620022
POST_01048,user_2913,2026-07-14 03:21:11.189091,Twitter,Comparing the #GadgetReview with other models.,"#GadgetReview,#TechLaunch",2128,750,197,70565,Comparing the #GadgetReview with other models.,0.0,neutral,3075,4.357622651135108
POST_01049,user_1980,2026-07-23 07:02:11.189091,Twitter,Who do you think will win the #Finals?,"#ChampionshipGame,#Finals",1844,657,139,62568,Who do you think will win the #Finals?,0.5859,positive,2640,4.219341846601353
POST_01050,user_3015,2026-08-09 10:51:11.189091,Twitter,Watching #MovieRelease with my friends this weekend.,#Blockbuster,331,92,48,69741,Watching #MovieRelease with my friends this weekend.,0.4767,positive,471,0.6753462762754151
POST_01051,user_290,2026-07-29 20:06:11.189091,Instagram,"Tickets for #Cinema were expensive, hope it's worth it.","#MovieRelease,#Cinema,#Blockbuster",709,139,64,15403,"Tickets for #Cinema were expensive, hope it's worth it.",0.5859,positive,912,5.920540119449494
POST_01052,user_116,2026-07-21 02:33:11.189091,Reddit,Best #Smartphone2024 I have ever used. Highly recommend! @user_116  https://example.com/link,#TechLaunch,1472,583,179,34694,Best #Smartphone2024 I have ever used. Highly recommend!,0.8066,positive,2234,6.438968151030408
POST_01053,user_4929,2026-08-08 12:26:11.189091,Twitter,Incredible display of skill at the #Finals today.,"#SportsEvent,#Finals",1614,195,413,21227,Incredible display of skill at the #Finals today.,0.0,neutral,2222,10.467307329941587
POST_01054,user_3729,2026-08-08 23:03:11.189091,Twitter,What a waste of time. #MovieRelease was completely boring. 🥱 @user_3729 ,"#Blockbuster,#Cinema,#MovieRelease",166,62,15,16461,What a waste of time. #MovieRelease was completely boring.,-0.659,negative,243,1.4761268375653018
POST_01055,user_512,2026-07-28 23:44:11.189091,Reddit,Who do you think will win the #ChampionshipGame? https://example.com/link,"#SportsEvent,#ChampionshipGame",13,4,3,1017,Who do you think will win the #ChampionshipGame?,0.5859,positive,20,1.9646365422396856
POST_01056,user_116,2026-07-25 01:23:11.189091,Instagram,I fell asleep halfway through #MovieRelease.,"#Cinema,#Blockbuster",4559,1120,838,90233,I fell asleep halfway through #MovieRelease.,0.0,neutral,6517,7.222333045193608
POST_01057,user_1942,2026-07-15 09:46:11.189091,Twitter,Worst ending ever. #Blockbuster completely ruined the franchise.,#Cinema,731,160,52,98814,Worst ending ever. #Blockbuster completely ruined the franchise.,-0.5563,negative,943,0.9543085563932602
POST_01058,user_2294,2026-07-13 10:08:11.189091,Twitter,The visual effects in #Blockbuster blew my mind. 10/10. @user_2294 ,#Cinema,3166,954,768,50149,The visual effects in #Blockbuster blew my mind. 10/10.,0.5994,positive,4888,9.746759720837488
POST_01059,user_4960,2026-07-11 17:29:11.189091,Instagram,Not worth the upgrade. #GadgetReview is just a rehash of last year's model.,"#TechLaunch,#GadgetReview",2194,319,417,64350,Not worth the upgrade. #GadgetReview is just a rehash of last year's model.,-0.1695,negative,2930,4.553153797143789
POST_01060,user_3890,2026-07-31 07:32:11.189091,Reddit,Will wait for the reviews before buying the #Smartphone2024 device. @user_3890  https://example.com/link,#Smartphone2024,3230,661,894,96414,Will wait for the reviews before buying the #Smartphone2024 device.,0.0,neutral,4785,4.962920707358814
POST_01061,user_1165,2026-07-30 06:27:11.189091,Reddit,"Wow, the screen on the #Smartphone2024 is stunning.","#GadgetReview,#TechLaunch,#Smartphone2024",6572,682,1943,80028,"Wow, the screen on the #Smartphone2024 is stunning.",0.7506,positive,9197,11.492084119506679
POST_01062,user_3937,2026-08-01 01:16:11.189091,Instagram,Can't believe we lost the #SportsEvent. So heartbroken right now.,#Finals,8883,1636,1097,90363,Can't believe we lost the #SportsEvent. So heartbroken right now.,-0.6735,negative,11616,12.854676641140278
POST_01063,user_1427,2026-07-20 09:09:11.189091,Instagram,The plot in #MovieRelease made no sense. Avoid at all costs. @user_1427 ,"#Blockbuster,#Cinema,#MovieRelease",3356,650,686,60659,The plot in #MovieRelease made no sense. Avoid at all costs.,-0.0803,negative,4692,7.734915924826905
POST_01064,user_3937,2026-07-19 13:37:11.189091,Instagram,The #SportsEvent is pretty competitive this year. @user_3937 ,"#Finals,#SportsEvent,#ChampionshipGame",297,109,23,76318,The #SportsEvent is pretty competitive this year.,0.5994,positive,429,0.5621142834680748
POST_01065,user_4400,2026-07-22 15:14:11.189091,Reddit,Worst performance by my team in the #Finals. Embarrassing. @user_4400 ,#SportsEvent,3471,1008,995,45987,Worst performance by my team in the #Finals. Embarrassing.,-0.7717,negative,5474,11.90310515786727
POST_01066,user_1162,2026-08-10 14:51:11.189091,Instagram,Terrible customer service when I tried to return my #TechLaunch. Never again. https://example.com/link,#GadgetReview,2567,540,369,54037,Terrible customer service when I tried to return my #TechLaunch. Never again.,-0.4767,negative,3476,6.432510455605314
POST_01067,user_3474,2026-08-08 08:52:11.189091,Instagram,Watching #Blockbuster with my friends this weekend.,"#Cinema,#MovieRelease",825,320,182,23285,Watching #Blockbuster with my friends this weekend.,0.7906,positive,1327,5.69870308339775
POST_01068,user_1559,2026-07-16 00:09:11.189091,Instagram,Best #TechLaunch I have ever used. Highly recommend! https://example.com/link,#Smartphone2024,1305,155,263,50405,Best #TechLaunch I have ever used. Highly recommend!,0.8066,positive,1723,3.4182438598579536
POST_01069,user_3327,2026-07-29 19:37:11.189091,Instagram,Incredible performance by the lead actor in #MovieRelease! A must watch!,"#Cinema,#MovieRelease,#Blockbuster",2593,941,342,77058,Incredible performance by the lead actor in #MovieRelease! A must watch!,0.0,neutral,3876,5.029912145239361
POST_01070,user_2449,2026-08-10 11:31:11.189091,Instagram,Worst ending ever. #Cinema completely ruined the franchise.,#Cinema,37,14,4,3682,Worst ending ever. #Cinema completely ruined the franchise.,-0.8173,negative,55,1.4933478142818355
POST_01071,user_1403,2026-08-02 23:47:11.189091,Twitter,Just watched the new #MovieRelease. Best movie of the year! 🍿🎬,#Blockbuster,1012,357,78,51537,Just watched the new #MovieRelease. Best movie of the year!,0.6696,positive,1447,2.807637083317164
POST_01072,user_4358,2026-07-13 23:45:11.189091,Reddit,What a thrilling finish to the #SportsEvent! Unbelievable! 🏆🔥 @user_4358 ,"#ChampionshipGame,#SportsEvent",842,156,177,27747,What a thrilling finish to the #SportsEvent! Unbelievable!,0.6688,positive,1175,4.2345394262649565
POST_01073,user_1899,2026-07-27 07:47:11.189091,Instagram,Best #Smartphone2024 I have ever used. Highly recommend! @user_1899  https://example.com/link,#TechLaunch,638,196,55,62763,Best #Smartphone2024 I have ever used. Highly recommend!,0.8066,positive,889,1.4164170543623733
POST_01074,user_1521,2026-08-02 01:13:11.189091,Twitter,Terrible refereeing ruined the #SportsEvent. Absolutely rigged. 🗑️,"#SportsEvent,#ChampionshipGame",442,143,23,97929,Terrible refereeing ruined the #SportsEvent. Absolutely rigged.,-0.8399,negative,608,0.6208516287143878
POST_01075,user_1690,2026-08-06 01:39:11.189091,Twitter,Watching the #SportsEvent with friends. Game is tied.,#SportsEvent,1767,585,151,45100,Watching the #SportsEvent with friends. Game is tied.,0.4767,positive,2503,5.5497660805747095
POST_01076,user_3762,2026-07-30 13:54:11.189091,Reddit,The new #Smartphone2024 phone is absolutely amazing! The camera is unreal! 📱✨,"#Smartphone2024,#TechLaunch,#GadgetReview",3586,901,849,39749,The new #Smartphone2024 phone is absolutely amazing! The camera is unreal!,0.6885,positive,5336,13.423899371069181
POST_01077,user_2647,2026-07-15 16:47:11.189091,Twitter,Extremely disappointed with the #TechLaunch phone. Overheating issues are terrible. 😡 @user_2647 ,"#TechLaunch,#GadgetReview,#Smartphone2024",3456,886,932,66641,Extremely disappointed with the #TechLaunch phone. Overheating issues are terrible.,-0.7574,negative,5274,7.913928153416765
POST_01078,user_3169,2026-07-12 05:30:11.189091,Twitter,Extremely disappointed with the #GadgetReview phone. Overheating issues are terrible. 😡,"#Smartphone2024,#TechLaunch,#GadgetReview",5375,1312,320,95897,Extremely disappointed with the #GadgetReview phone. Overheating issues are terrible.,-0.7574,negative,7007,7.306721725166322
POST_01079,user_2389,2026-08-05 04:24:11.189091,Instagram,"Wow, the screen on the #GadgetReview is stunning. https://example.com/link","#GadgetReview,#TechLaunch",33,9,8,9082,"Wow, the screen on the #GadgetReview is stunning.",0.7506,positive,50,0.550478916657492
POST_01080,user_4269,2026-07-17 22:05:11.189091,Reddit,Getting snacks ready for the #Finals.,#ChampionshipGame,470,138,92,15421,Getting snacks ready for the #Finals.,0.3612,positive,700,4.538970302165738
POST_01081,user_4316,2026-08-03 14:27:11.189091,Twitter,Watching the #SportsEvent with friends. Game is tied. https://example.com/link,#ChampionshipGame,174,24,47,7871,Watching the #SportsEvent with friends. Game is tied.,0.4767,positive,245,3.1122967479674797
POST_01082,user_2737,2026-07-17 19:41:11.189091,Twitter,Extremely disappointed with the #TechLaunch phone. Overheating issues are terrible. 😡 https://example.com/link,"#Smartphone2024,#GadgetReview,#TechLaunch",2192,617,591,30712,Extremely disappointed with the #TechLaunch phone. Overheating issues are terrible.,-0.7574,negative,3400,11.07023084687266
POST_01083,user_4406,2026-08-02 13:38:11.189091,Twitter,Just watched the new #Blockbuster. Best movie of the year! 🍿🎬,"#Blockbuster,#MovieRelease",2761,943,279,95521,Just watched the new #Blockbuster. Best movie of the year!,0.8553,positive,3983,4.169720064487762
POST_01084,user_3272,2026-08-05 22:03:11.189091,Twitter,Getting snacks ready for the #ChampionshipGame.,#SportsEvent,373,38,38,18665,Getting snacks ready for the #ChampionshipGame.,0.3612,positive,449,2.405443051537555
POST_01085,user_3587,2026-08-07 10:22:11.189091,Reddit,Finally got my hands on the #GadgetReview device. Loving the battery life. 😍 @user_3587  https://example.com/link,"#TechLaunch,#Smartphone2024",259,40,28,11318,Finally got my hands on the #GadgetReview device. Loving the battery life.,0.5994,positive,327,2.8889477869069706
POST_01086,user_1191,2026-07-21 16:09:11.189091,Instagram,Will wait for the reviews before buying the #TechLaunch device. @user_1191 ,"#GadgetReview,#TechLaunch,#Smartphone2024",176,31,10,78247,Will wait for the reviews before buying the #TechLaunch device.,0.0,neutral,217,0.2773233820672733
POST_01087,user_4341,2026-07-28 08:28:11.189091,Reddit,Finally got my hands on the #Smartphone2024 device. Loving the battery life. 😍,#Smartphone2024,2847,304,331,67988,Finally got my hands on the #Smartphone2024 device. Loving the battery life.,0.5994,positive,3482,5.121416699760255
POST_01088,user_3906,2026-07-20 14:55:11.189091,Instagram,Incredible display of skill at the #Finals today.,#ChampionshipGame,2972,996,858,54268,Incredible display of skill at the #Finals today.,0.0,neutral,4826,8.892738027234701
POST_01089,user_3461,2026-07-25 12:26:11.189091,Twitter,I was on the edge of my seat during #Blockbuster! https://example.com/link,"#MovieRelease,#Cinema",2359,855,424,57024,I was on the edge of my seat during #Blockbuster!,0.636,positive,3638,6.379658044717229
POST_01090,user_846,2026-08-04 17:56:11.189091,Twitter,Incredible display of skill at the #ChampionshipGame today.,"#ChampionshipGame,#SportsEvent",2379,466,484,40433,Incredible display of skill at the #ChampionshipGame today.,0.0,neutral,3329,8.23317010436761
POST_01091,user_3234,2026-07-24 02:43:11.189091,Instagram,"Tickets for #Blockbuster were expensive, hope it's worth it.",#Cinema,4650,1005,798,98052,"Tickets for #Blockbuster were expensive, hope it's worth it.",0.8271,positive,6453,6.58113469246224
POST_01092,user_4102,2026-07-12 02:16:11.189091,Twitter,Will wait for the reviews before buying the #Smartphone2024 device.,#GadgetReview,2795,384,326,89063,Will wait for the reviews before buying the #Smartphone2024 device.,0.0,neutral,3505,3.935372316536423
POST_01093,user_3309,2026-07-15 04:48:11.189091,Reddit,"Tickets for #MovieRelease were expensive, hope it's worth it.","#Cinema,#MovieRelease",1175,301,121,24473,"Tickets for #MovieRelease were expensive, hope it's worth it.",0.5859,positive,1597,6.525292146767998
POST_01094,user_4307,2026-07-15 11:33:11.189091,Instagram,Watching #Blockbuster with my friends this weekend.,"#Blockbuster,#Cinema,#MovieRelease",163,61,11,4199,Watching #Blockbuster with my friends this weekend.,0.7906,positive,235,5.595238095238096
POST_01095,user_2963,2026-07-26 19:39:11.189091,Reddit,Can't believe we lost the #Finals. So heartbroken right now. @user_2963 ,#Finals,5088,1257,1457,82887,Can't believe we lost the #Finals. So heartbroken right now.,-0.6735,negative,7802,9.412701476691439
POST_01096,user_4562,2026-07-19 02:09:11.189091,Reddit,The battery life on this #Smartphone2024 is a joke. 🗑️ https://example.com/link,"#Smartphone2024,#GadgetReview,#TechLaunch",114,18,31,34934,The battery life on this #Smartphone2024 is a joke.,0.296,positive,163,0.466580792901102
POST_01097,user_1927,2026-08-08 21:25:11.189091,Twitter,The new #GadgetReview phone is absolutely amazing! The camera is unreal! 📱✨ https://example.com/link,"#TechLaunch,#Smartphone2024,#GadgetReview",3844,942,676,57867,The new #GadgetReview phone is absolutely amazing! The camera is unreal!,0.6885,positive,5462,9.438722610078107
POST_01098,user_1346,2026-08-09 05:59:11.189091,Reddit,Not worth the upgrade. #Smartphone2024 is just a rehash of last year's model.,#GadgetReview,2497,940,633,51695,Not worth the upgrade. #Smartphone2024 is just a rehash of last year's model.,-0.1695,negative,4070,7.872949551222532
POST_01099,user_3090,2026-07-23 12:27:11.189091,Reddit,My team finally won the #Finals! Best day ever!,"#ChampionshipGame,#Finals,#SportsEvent",4632,1836,661,90453,My team finally won the #Finals! Best day ever!,0.8585,positive,7129,7.8813540584164326
POST_01100,user_333,2026-07-26 19:50:11.189091,Twitter,Will wait for the reviews before buying the #Smartphone2024 device. @user_333 ,"#GadgetReview,#TechLaunch,#Smartphone2024",322,45,28,80906,Will wait for the reviews before buying the #Smartphone2024 device.,0.0,neutral,395,0.4882148639796309
POST_01101,user_3465,2026-07-29 16:12:11.189091,Twitter,What a waste of time. #Blockbuster was completely boring. 🥱,#Cinema,2422,834,510,40547,What a waste of time. #Blockbuster was completely boring.,-0.1263,negative,3766,9.287757719246326
POST_01102,user_2061,2026-07-18 15:37:11.189091,Reddit,Comparing the #GadgetReview with other models.,#GadgetReview,283,42,19,39677,Comparing the #GadgetReview with other models.,0.0,neutral,344,0.8669791824184687
POST_01103,user_2442,2026-08-01 18:43:11.189091,Twitter,I fell asleep halfway through #MovieRelease.,"#Cinema,#Blockbuster",2594,769,684,89519,I fell asleep halfway through #MovieRelease.,0.0,neutral,4047,4.520777479892761
POST_01104,user_3548,2026-07-11 22:08:11.189091,Twitter,Extremely disappointed with the #TechLaunch phone. Overheating issues are terrible. 😡,#GadgetReview,710,211,128,49324,Extremely disappointed with the #TechLaunch phone. Overheating issues are terrible.,-0.7574,negative,1049,2.1267105930055754
POST_01105,user_1770,2026-07-23 21:00:11.189091,Instagram,Just saw the specs for the #GadgetReview phone. They seem okay.,#GadgetReview,727,273,190,16593,Just saw the specs for the #GadgetReview phone. They seem okay.,0.2263,positive,1190,7.171266722911895
POST_01106,user_2312,2026-07-25 01:40:11.189091,Instagram,Getting snacks ready for the #SportsEvent. @user_2312 ,#ChampionshipGame,339,68,72,31276,Getting snacks ready for the #SportsEvent.,0.3612,positive,479,1.5314768040413085
POST_01107,user_466,2026-08-07 00:43:11.189091,Twitter,I was on the edge of my seat during #Cinema!,"#Blockbuster,#MovieRelease,#Cinema",615,179,177,12182,I was on the edge of my seat during #Cinema!,0.0,neutral,971,7.970122301567758
POST_01108,user_2511,2026-07-17 09:44:11.189091,Reddit,Comparing the #GadgetReview with other models.,#GadgetReview,3092,421,863,98823,Comparing the #GadgetReview with other models.,0.0,neutral,4376,4.428074152027847
POST_01109,user_376,2026-07-23 07:22:11.189091,Instagram,Will wait for the reviews before buying the #Smartphone2024 device. @user_376 ,"#TechLaunch,#GadgetReview,#Smartphone2024",2919,426,424,68687,Will wait for the reviews before buying the #Smartphone2024 device.,0.0,neutral,3769,5.487130211972979
POST_01110,user_3401,2026-07-30 05:18:11.189091,Twitter,What a thrilling finish to the #ChampionshipGame! Unbelievable! 🏆🔥 @user_3401 ,"#Finals,#SportsEvent,#ChampionshipGame",592,105,141,31864,What a thrilling finish to the #ChampionshipGame! Unbelievable!,0.6688,positive,838,2.6298446571473404
POST_01111,user_3969,2026-08-09 13:19:11.189091,Reddit,The #SportsEvent is pretty competitive this year.,"#SportsEvent,#Finals,#ChampionshipGame",1362,427,242,68266,The #SportsEvent is pretty competitive this year.,0.5994,positive,2031,2.9750831294769067
POST_01112,user_2972,2026-07-27 23:57:11.189091,Twitter,Watching #Blockbuster with my friends this weekend.,"#MovieRelease,#Cinema,#Blockbuster",3324,941,505,76863,Watching #Blockbuster with my friends this weekend.,0.7906,positive,4770,6.205766028309742
POST_01113,user_4110,2026-07-15 10:13:11.189091,Twitter,Worst performance by my team in the #Finals. Embarrassing.,#ChampionshipGame,8210,3222,2286,88562,Worst performance by my team in the #Finals. Embarrassing.,-0.7717,negative,13718,15.489538520601155
POST_01114,user_4703,2026-07-18 11:44:11.189091,Reddit,Going to see #Cinema tonight. Hope it's good. @user_4703 ,#Cinema,949,282,236,29983,Going to see #Cinema tonight. Hope it's good.,0.7003,positive,1467,4.892609391675561
POST_01115,user_1647,2026-08-06 20:28:11.189091,Instagram,What a waste of time. #MovieRelease was completely boring. 🥱 @user_1647 ,"#Blockbuster,#MovieRelease",6198,1159,1498,86113,What a waste of time. #MovieRelease was completely boring.,-0.659,negative,8855,10.282880832384977
POST_01116,user_267,2026-07-22 20:08:11.189091,Instagram,Just saw the specs for the #Smartphone2024 phone. They seem okay. @user_267 ,"#TechLaunch,#GadgetReview,#Smartphone2024",728,273,41,29622,Just saw the specs for the #Smartphone2024 phone. They seem okay.,0.2263,positive,1042,3.517537048914695
POST_01117,user_4558,2026-07-14 08:26:11.189091,Twitter,Best #GadgetReview I have ever used. Highly recommend! @user_4558  https://example.com/link,"#GadgetReview,#Smartphone2024",417,123,123,46693,Best #GadgetReview I have ever used. Highly recommend!,0.8066,positive,663,1.4198826401679017
POST_01118,user_1596,2026-07-13 15:09:11.189091,Instagram,Can't believe we lost the #Finals. So heartbroken right now.,#Finals,1691,354,232,28290,Can't believe we lost the #Finals. So heartbroken right now.,-0.6735,negative,2277,8.048495988123431
POST_01119,user_284,2026-07-23 06:16:11.189091,Twitter,Incredible display of skill at the #ChampionshipGame today.,#SportsEvent,1230,365,72,16099,Incredible display of skill at the #ChampionshipGame today.,0.0,neutral,1667,10.354037267080745
POST_01120,user_423,2026-08-11 15:10:11.189091,Instagram,"Wow, the screen on the #Smartphone2024 is stunning. @user_423 ","#TechLaunch,#Smartphone2024,#GadgetReview",2042,338,466,22337,"Wow, the screen on the #Smartphone2024 is stunning.",0.7506,positive,2846,12.74062136270033
POST_01121,user_3506,2026-08-08 06:17:11.189091,Twitter,Comparing the #Smartphone2024 with other models.,"#GadgetReview,#TechLaunch,#Smartphone2024",2312,520,646,53113,Comparing the #Smartphone2024 with other models.,0.0,neutral,3478,6.5481793877320476
POST_01122,user_1947,2026-07-12 13:01:11.189091,Instagram,The new #Smartphone2024 phone is absolutely amazing! The camera is unreal! 📱✨,"#TechLaunch,#GadgetReview,#Smartphone2024",968,120,206,23595,The new #Smartphone2024 phone is absolutely amazing! The camera is unreal!,0.6885,positive,1294,5.48398033565011
POST_01123,user_218,2026-07-31 21:40:11.189091,Twitter,Best #Smartphone2024 I have ever used. Highly recommend!,"#GadgetReview,#Smartphone2024,#TechLaunch",1253,359,180,60602,Best #Smartphone2024 I have ever used. Highly recommend!,0.8066,positive,1792,2.95694932594096
POST_01124,user_3925,2026-07-26 04:18:11.189091,Instagram,Worst ending ever. #Cinema completely ruined the franchise. https://example.com/link,"#Cinema,#MovieRelease,#Blockbuster",2584,619,617,86571,Worst ending ever. #Cinema completely ruined the franchise.,-0.8173,negative,3820,4.412512128632814
POST_01125,user_25,2026-07-31 08:29:11.189091,Twitter,Watching #Cinema with my friends this weekend.,#MovieRelease,127,21,20,4641,Watching #Cinema with my friends this weekend.,0.4767,positive,168,3.619129685480396
POST_01126,user_4978,2026-07-17 15:05:11.189091,Instagram,Going to see #MovieRelease tonight. Hope it's good.,"#Blockbuster,#MovieRelease",160,26,40,8537,Going to see #MovieRelease tonight. Hope it's good.,0.7003,positive,226,2.6469899273834625
POST_01127,user_1238,2026-08-10 18:56:11.189091,Reddit,Best #TechLaunch I have ever used. Highly recommend! https://example.com/link,"#TechLaunch,#Smartphone2024",173,35,17,9636,Best #TechLaunch I have ever used. Highly recommend!,0.8066,positive,225,2.3347514786759365
POST_01128,user_296,2026-07-14 00:13:11.189091,Reddit,"#Blockbuster had some decent moments, but overall average.",#MovieRelease,384,94,73,12222,"#Blockbuster had some decent moments, but overall average.",0.3506,positive,551,4.507894952139409
POST_01129,user_1488,2026-08-04 05:00:11.189091,Reddit,Will wait for the reviews before buying the #GadgetReview device.,#Smartphone2024,1650,527,282,99503,Will wait for the reviews before buying the #GadgetReview device.,0.0,neutral,2459,2.471257436886959
POST_01130,user_3656,2026-07-23 20:40:11.189091,Reddit,Terrible customer service when I tried to return my #TechLaunch. Never again. https://example.com/link,"#Smartphone2024,#GadgetReview",454,66,96,20270,Terrible customer service when I tried to return my #TechLaunch. Never again.,-0.4767,negative,616,3.038823935671649
POST_01131,user_4786,2026-07-16 08:29:11.189091,Instagram,Comparing the #GadgetReview with other models.,"#GadgetReview,#Smartphone2024,#TechLaunch",1167,223,210,63694,Comparing the #GadgetReview with other models.,0.0,neutral,1600,2.511971112332208
POST_01132,user_1496,2026-07-22 00:14:11.189091,Twitter,"#Blockbuster had some decent moments, but overall average. @user_1496 ","#MovieRelease,#Cinema,#Blockbuster",134,16,17,3140,"#Blockbuster had some decent moments, but overall average.",0.3506,positive,167,5.316778096147724
POST_01133,user_1603,2026-07-17 06:02:11.189091,Reddit,Extremely disappointed with the #Smartphone2024 phone. Overheating issues are terrible. 😡,"#TechLaunch,#GadgetReview,#Smartphone2024",846,130,217,18966,Extremely disappointed with the #Smartphone2024 phone. Overheating issues are terrible.,-0.7574,negative,1193,6.289871882743713
POST_01134,user_2557,2026-08-08 21:49:11.189091,Reddit,What a thrilling finish to the #Finals! Unbelievable! 🏆🔥 @user_2557 ,#Finals,54,20,14,897,What a thrilling finish to the #Finals! Unbelievable!,0.6688,positive,88,9.799554565701559
POST_01135,user_3803,2026-07-13 13:52:11.189091,Reddit,Terrible refereeing ruined the #ChampionshipGame. Absolutely rigged. 🗑️ @user_3803 ,"#ChampionshipGame,#SportsEvent,#Finals",670,92,43,10146,Terrible refereeing ruined the #ChampionshipGame. Absolutely rigged.,-0.8399,negative,805,7.93337932393811
POST_01136,user_4046,2026-08-07 06:07:11.189091,Reddit,The visual effects in #Cinema blew my mind. 10/10. @user_4046 ,"#Cinema,#MovieRelease",5213,1967,1131,89910,The visual effects in #Cinema blew my mind. 10/10.,0.0,neutral,8311,9.243585323264117
POST_01137,user_2005,2026-07-29 02:23:11.189091,Instagram,What a waste of time. #Blockbuster was completely boring. 🥱,#Blockbuster,481,72,93,14396,What a waste of time. #Blockbuster was completely boring.,-0.1263,negative,646,4.487045912342849
POST_01138,user_1980,2026-08-06 07:17:11.189091,Instagram,Just watched the new #Cinema. Best movie of the year! 🍿🎬,#Blockbuster,419,71,56,15938,Just watched the new #Cinema. Best movie of the year!,0.6696,positive,546,3.4255599472990776
POST_01139,user_1450,2026-07-26 07:53:11.189091,Twitter,I fell asleep halfway through #Blockbuster. @user_1450 ,"#Cinema,#Blockbuster,#MovieRelease",5062,1208,780,87372,I fell asleep halfway through #Blockbuster.,0.5994,positive,7050,8.068854222700377
POST_01140,user_1545,2026-07-28 08:29:11.189091,Twitter,Can't believe we lost the #ChampionshipGame. So heartbroken right now.,"#Finals,#SportsEvent,#ChampionshipGame",684,84,157,41625,Can't believe we lost the #ChampionshipGame. So heartbroken right now.,-0.6735,negative,925,2.222168836784702
POST_01141,user_1717,2026-08-05 21:13:11.189091,Instagram,Not worth the upgrade. #Smartphone2024 is just a rehash of last year's model. @user_1717 ,"#Smartphone2024,#TechLaunch",5134,827,1528,83782,Not worth the upgrade. #Smartphone2024 is just a rehash of last year's model.,-0.1695,negative,7489,8.938567489824905
POST_01142,user_4047,2026-07-13 22:37:11.189091,Instagram,Who do you think will win the #SportsEvent?,"#SportsEvent,#ChampionshipGame",4228,584,702,97288,Who do you think will win the #SportsEvent?,0.5859,positive,5514,5.667649991263144
POST_01143,user_529,2026-07-13 02:00:11.189091,Instagram,Who do you think will win the #SportsEvent?,#Finals,1335,414,103,28960,Who do you think will win the #SportsEvent?,0.5859,positive,1852,6.394806809157143
POST_01144,user_2899,2026-08-02 11:02:11.189091,Twitter,The visual effects in #MovieRelease blew my mind. 10/10. https://example.com/link,#Cinema,681,153,74,9315,The visual effects in #MovieRelease blew my mind. 10/10.,0.0,neutral,908,9.74667239158437
POST_01145,user_680,2026-07-18 09:57:11.189091,Reddit,Worst performance by my team in the #ChampionshipGame. Embarrassing.,#Finals,585,132,80,42428,Worst performance by my team in the #ChampionshipGame. Embarrassing.,-0.7717,negative,797,1.8784322043885078
POST_01146,user_1851,2026-08-01 22:03:11.189091,Twitter,Will wait for the reviews before buying the #TechLaunch device.,"#Smartphone2024,#GadgetReview",2108,462,185,81430,Will wait for the reviews before buying the #TechLaunch device.,0.0,neutral,2755,3.3832324299099854
POST_01147,user_2897,2026-07-19 07:13:11.189091,Instagram,Extremely disappointed with the #GadgetReview phone. Overheating issues are terrible. 😡,#Smartphone2024,7683,1973,1880,87067,Extremely disappointed with the #GadgetReview phone. Overheating issues are terrible.,-0.7574,negative,11536,13.249414250930307
POST_01148,user_219,2026-08-05 05:05:11.189091,Instagram,Worst performance by my team in the #ChampionshipGame. Embarrassing.,"#Finals,#SportsEvent,#ChampionshipGame",16,1,1,159,Worst performance by my team in the #ChampionshipGame. Embarrassing.,-0.7717,negative,18,11.25
POST_01149,user_4654,2026-08-10 03:23:11.189091,Instagram,Just saw the specs for the #Smartphone2024 phone. They seem okay.,"#Smartphone2024,#TechLaunch,#GadgetReview",1141,365,291,41868,Just saw the specs for the #Smartphone2024 phone. They seem okay.,0.2263,positive,1797,4.291958250734433
POST_01150,user_2520,2026-07-28 22:06:11.189091,Reddit,Finally got my hands on the #TechLaunch device. Loving the battery life. 😍,"#Smartphone2024,#GadgetReview",240,27,69,94828,Finally got my hands on the #TechLaunch device. Loving the battery life.,0.5994,positive,336,0.3543219901085111
POST_01151,user_4263,2026-07-13 11:28:11.189091,Twitter,"#Cinema had some decent moments, but overall average.","#MovieRelease,#Blockbuster",674,126,125,73431,"#Cinema had some decent moments, but overall average.",0.0,neutral,925,1.2596688092384791
POST_01152,user_3113,2026-07-29 09:51:11.189091,Reddit,Who do you think will win the #ChampionshipGame? @user_3113 ,"#ChampionshipGame,#Finals",50,14,9,20655,Who do you think will win the #ChampionshipGame?,0.5859,positive,73,0.3534082106893881
POST_01153,user_2819,2026-08-01 02:19:11.189091,Twitter,Just watched the new #Blockbuster. Best movie of the year! 🍿🎬 https://example.com/link,"#Blockbuster,#Cinema,#MovieRelease",770,210,46,30619,Just watched the new #Blockbuster. Best movie of the year!,0.8553,positive,1026,3.350751143043762
POST_01154,user_1118,2026-07-27 16:18:11.189091,Reddit,The new #Smartphone2024 phone is absolutely amazing! The camera is unreal! 📱✨,#TechLaunch,6258,639,1638,95277,The new #Smartphone2024 phone is absolutely amazing! The camera is unreal!,0.6885,positive,8535,8.95799659942484
POST_01155,user_1793,2026-08-07 04:09:11.189091,Twitter,Will wait for the reviews before buying the #Smartphone2024 device.,"#GadgetReview,#Smartphone2024",4022,928,833,95518,Will wait for the reviews before buying the #Smartphone2024 device.,0.0,neutral,5783,6.054292863199992
POST_01156,user_4883,2026-07-28 14:48:11.189091,Instagram,Can't stop thinking about that game winning play at the #SportsEvent!,"#SportsEvent,#Finals,#ChampionshipGame",2932,1149,699,93771,Can't stop thinking about that game winning play at the #SportsEvent!,0.7894,positive,4780,5.097470460265324
POST_01157,user_2470,2026-07-14 09:29:11.189091,Twitter,Going to see #Blockbuster tonight. Hope it's good. https://example.com/link,#MovieRelease,2423,806,140,71020,Going to see #Blockbuster tonight. Hope it's good.,0.8658,positive,3369,4.743667365990341
POST_01158,user_2065,2026-08-08 05:33:11.189091,Instagram,Just saw the specs for the #GadgetReview phone. They seem okay.,"#TechLaunch,#GadgetReview,#Smartphone2024",576,88,121,69865,Just saw the specs for the #GadgetReview phone. They seem okay.,0.2263,positive,785,1.1235794234677812
POST_01159,user_1912,2026-07-23 16:55:11.189091,Instagram,Comparing the #GadgetReview with other models.,"#Smartphone2024,#TechLaunch,#GadgetReview",2437,837,535,93193,Comparing the #GadgetReview with other models.,0.0,neutral,3809,4.08717299396957
POST_01160,user_616,2026-07-30 15:50:11.189091,Twitter,Terrible refereeing ruined the #SportsEvent. Absolutely rigged. 🗑️,"#ChampionshipGame,#Finals",927,260,162,8178,Terrible refereeing ruined the #SportsEvent. Absolutely rigged.,-0.8399,negative,1349,16.493458858051106
POST_01161,user_1382,2026-07-21 00:08:11.189091,Reddit,Who do you think will win the #Finals? https://example.com/link,"#SportsEvent,#ChampionshipGame,#Finals",1048,159,256,37619,Who do you think will win the #Finals?,0.5859,positive,1463,3.888888888888889
POST_01162,user_739,2026-07-11 19:34:11.189091,Instagram,"Tickets for #Blockbuster were expensive, hope it's worth it.","#MovieRelease,#Blockbuster",2965,672,867,86473,"Tickets for #Blockbuster were expensive, hope it's worth it.",0.8271,positive,4504,5.208501977472998
POST_01163,user_796,2026-07-16 23:33:11.189091,Instagram,Comparing the #TechLaunch with other models. @user_796 ,"#TechLaunch,#Smartphone2024",520,200,34,30030,Comparing the #TechLaunch with other models.,0.0,neutral,754,2.510738903133429
POST_01164,user_4860,2026-07-14 05:45:11.189091,Reddit,Terrible refereeing ruined the #ChampionshipGame. Absolutely rigged. 🗑️,"#ChampionshipGame,#SportsEvent,#Finals",2263,497,196,65721,Terrible refereeing ruined the #ChampionshipGame. Absolutely rigged.,-0.8399,negative,2956,4.497732874836433
POST_01165,user_4011,2026-07-15 01:02:11.189091,Twitter,I was on the edge of my seat during #Blockbuster! https://example.com/link,"#MovieRelease,#Cinema",3875,1246,249,71990,I was on the edge of my seat during #Blockbuster!,0.636,positive,5370,7.459265741551027
POST_01166,user_864,2026-07-27 08:21:11.189091,Reddit,Finally got my hands on the #TechLaunch device. Loving the battery life. 😍,"#TechLaunch,#Smartphone2024,#GadgetReview",134,32,15,9472,Finally got my hands on the #TechLaunch device. Loving the battery life.,0.5994,positive,181,1.9106935500897286
POST_01167,user_4962,2026-07-31 03:44:11.189091,Reddit,The broadcast quality for the #Finals is awful. 😡,"#Finals,#ChampionshipGame",1712,433,434,21190,The broadcast quality for the #Finals is awful.,-0.4588,negative,2579,12.170260959841443
POST_01168,user_3945,2026-07-14 17:11:11.189091,Reddit,The new #GadgetReview phone is absolutely amazing! The camera is unreal! 📱✨ @user_3945 ,#Smartphone2024,46,6,9,10893,The new #GadgetReview phone is absolutely amazing! The camera is unreal!,0.6885,positive,61,0.559941252065357
POST_01169,user_878,2026-07-28 10:09:11.189091,Twitter,Worst performance by my team in the #SportsEvent. Embarrassing.,"#Finals,#ChampionshipGame",5100,803,553,92735,Worst performance by my team in the #SportsEvent. Embarrassing.,-0.7717,negative,6456,6.961697722567288
POST_01170,user_467,2026-07-29 20:50:11.189091,Twitter,What a thrilling finish to the #Finals! Unbelievable! 🏆🔥 https://example.com/link,"#Finals,#ChampionshipGame,#SportsEvent",290,104,56,59900,What a thrilling finish to the #Finals! Unbelievable!,0.6688,positive,450,0.7512395452496619
POST_01171,user_1160,2026-07-22 06:18:11.189091,Instagram,Will wait for the reviews before buying the #GadgetReview device. https://example.com/link,"#GadgetReview,#Smartphone2024,#TechLaunch",272,65,41,31136,Will wait for the reviews before buying the #GadgetReview device.,0.0,neutral,378,1.2139897870700453
POST_01172,user_1866,2026-07-15 05:41:11.189091,Twitter,Worst performance by my team in the #ChampionshipGame. Embarrassing. https://example.com/link,"#ChampionshipGame,#SportsEvent",217,50,27,27039,Worst performance by my team in the #ChampionshipGame. Embarrassing.,-0.7717,negative,294,1.0872781065088757
POST_01173,user_2874,2026-07-23 07:14:11.189091,Twitter,Incredible performance by the lead actor in #Cinema! A must watch! @user_2874 ,"#Blockbuster,#Cinema",1655,607,302,42264,Incredible performance by the lead actor in #Cinema! A must watch!,0.0,neutral,2564,6.066485271501242
POST_01174,user_2373,2026-07-15 06:14:11.189091,Instagram,Who do you think will win the #SportsEvent? @user_2373  https://example.com/link,"#SportsEvent,#ChampionshipGame,#Finals",112,24,6,20678,Who do you think will win the #SportsEvent?,0.5859,positive,142,0.6866869771265536
POST_01175,user_4412,2026-07-28 06:07:11.189091,Reddit,The broadcast quality for the #ChampionshipGame is awful. 😡,"#SportsEvent,#Finals,#ChampionshipGame",4430,977,710,92866,The broadcast quality for the #ChampionshipGame is awful.,-0.4588,negative,6117,6.5868392432187965
POST_01176,user_4695,2026-08-08 11:49:11.189091,Reddit,Terrible refereeing ruined the #Finals. Absolutely rigged. 🗑️,"#Finals,#SportsEvent",481,76,107,75780,Terrible refereeing ruined the #Finals. Absolutely rigged.,-0.8399,negative,664,0.8762090761536534
POST_01177,user_3342,2026-07-31 09:02:11.189091,Reddit,The battery life on this #Smartphone2024 is a joke. 🗑️,"#Smartphone2024,#GadgetReview,#TechLaunch",4229,1465,1158,74172,The battery life on this #Smartphone2024 is a joke.,0.296,positive,6852,9.237862834184945
POST_01178,user_3121,2026-08-02 05:53:11.189091,Twitter,The broadcast quality for the #Finals is awful. 😡 https://example.com/link,"#Finals,#SportsEvent,#ChampionshipGame",4893,1453,1003,88145,The broadcast quality for the #Finals is awful.,-0.4588,negative,7349,8.337304018333219
POST_01179,user_1159,2026-08-10 07:46:11.189091,Instagram,My team finally won the #SportsEvent! Best day ever! @user_1159 ,#SportsEvent,5026,577,572,63375,My team finally won the #SportsEvent! Best day ever!,0.8585,positive,6175,9.743436001009846
POST_01180,user_1591,2026-07-13 22:10:11.189091,Instagram,"#MovieRelease had some decent moments, but overall average.","#Blockbuster,#Cinema",1280,393,269,44028,"#MovieRelease had some decent moments, but overall average.",0.0,neutral,1942,4.410729292057507
POST_01181,user_3456,2026-08-05 05:05:11.189091,Twitter,Getting snacks ready for the #ChampionshipGame.,"#Finals,#SportsEvent,#ChampionshipGame",1290,361,180,37576,Getting snacks ready for the #ChampionshipGame.,0.3612,positive,1831,4.872661468451446
POST_01182,user_2968,2026-07-22 01:01:11.189091,Instagram,Incredible performance by the lead actor in #MovieRelease! A must watch!,"#Blockbuster,#Cinema,#MovieRelease",2969,1180,689,94515,Incredible performance by the lead actor in #MovieRelease! A must watch!,0.0,neutral,4838,5.118710059672436
POST_01183,user_4495,2026-07-24 19:37:11.189091,Instagram,Terrible customer service when I tried to return my #TechLaunch. Never again. https://example.com/link,"#Smartphone2024,#GadgetReview,#TechLaunch",114,19,9,28801,Terrible customer service when I tried to return my #TechLaunch. Never again.,-0.4767,negative,142,0.49302131796403026
POST_01184,user_866,2026-07-26 09:13:11.189091,Twitter,Getting snacks ready for the #SportsEvent. https://example.com/link,#Finals,692,155,80,18974,Getting snacks ready for the #SportsEvent.,0.3612,positive,927,4.885375494071146
POST_01185,user_4777,2026-07-27 02:09:11.189091,Instagram,Comparing the #TechLaunch with other models.,"#Smartphone2024,#GadgetReview,#TechLaunch",2845,563,737,72448,Comparing the #TechLaunch with other models.,0.0,neutral,4145,5.721265994009579
POST_01186,user_725,2026-08-09 19:57:11.189091,Twitter,Who do you think will win the #SportsEvent?,#ChampionshipGame,274,70,47,32039,Who do you think will win the #SportsEvent?,0.5859,positive,391,1.2203495630461922
POST_01187,user_2728,2026-07-22 22:50:11.189091,Reddit,Terrible refereeing ruined the #SportsEvent. Absolutely rigged. 🗑️ @user_2728  https://example.com/link,"#SportsEvent,#Finals,#ChampionshipGame",3452,1326,295,80981,Terrible refereeing ruined the #SportsEvent. Absolutely rigged.,-0.8399,negative,5073,6.264355041861154
POST_01188,user_2879,2026-08-07 04:10:11.189091,Instagram,Anyone getting the new #TechLaunch? I can't decide.,"#Smartphone2024,#TechLaunch",1676,407,439,41593,Anyone getting the new #TechLaunch? I can't decide.,0.0,neutral,2522,6.063374525171899
POST_01189,user_852,2026-08-04 00:37:11.189091,Twitter,Best #GadgetReview I have ever used. Highly recommend!,"#Smartphone2024,#TechLaunch,#GadgetReview",3343,607,457,81297,Best #GadgetReview I have ever used. Highly recommend!,0.8066,positive,4407,5.420797559595561
POST_01190,user_2999,2026-07-13 16:46:11.189091,Instagram,Terrible customer service when I tried to return my #GadgetReview. Never again. https://example.com/link,"#Smartphone2024,#GadgetReview,#TechLaunch",2621,534,609,75420,Terrible customer service when I tried to return my #GadgetReview. Never again.,-0.4767,negative,3764,4.990652470797258
POST_01191,user_2244,2026-07-19 20:24:11.189091,Instagram,Getting snacks ready for the #ChampionshipGame.,"#SportsEvent,#ChampionshipGame,#Finals",548,111,65,12632,Getting snacks ready for the #ChampionshipGame.,0.3612,positive,724,5.7310219266999125
POST_01192,user_4730,2026-07-24 11:12:11.189091,Reddit,Incredible performance by the lead actor in #Cinema! A must watch! @user_4730 ,"#MovieRelease,#Cinema",638,82,74,67333,Incredible performance by the lead actor in #Cinema! A must watch!,0.0,neutral,794,1.1791962455817269
POST_01193,user_601,2026-07-18 10:42:11.189091,Reddit,Not worth the upgrade. #TechLaunch is just a rehash of last year's model. @user_601 ,"#GadgetReview,#TechLaunch,#Smartphone2024",3374,1188,396,64225,Not worth the upgrade. #TechLaunch is just a rehash of last year's model.,-0.1695,negative,4958,7.719615109145829
POST_01194,user_4418,2026-07-14 20:52:11.189091,Instagram,Comparing the #Smartphone2024 with other models. https://example.com/link,"#Smartphone2024,#TechLaunch,#GadgetReview",43,4,11,2324,Comparing the #Smartphone2024 with other models.,0.0,neutral,58,2.4946236559139785
POST_01195,user_4611,2026-07-26 04:50:11.189091,Instagram,"Wow, the screen on the #TechLaunch is stunning.","#TechLaunch,#Smartphone2024,#GadgetReview",1627,501,437,33095,"Wow, the screen on the #TechLaunch is stunning.",0.7506,positive,2565,7.750181290790429
POST_01196,user_651,2026-07-20 19:42:11.189091,Reddit,Worst performance by my team in the #Finals. Embarrassing.,"#Finals,#ChampionshipGame",3330,925,597,76511,Worst performance by my team in the #Finals. Embarrassing.,-0.7717,negative,4852,6.341488916771225
POST_01197,user_2787,2026-07-29 10:28:11.189091,Instagram,Finally got my hands on the #TechLaunch device. Loving the battery life. 😍,"#Smartphone2024,#GadgetReview",900,291,267,43272,Finally got my hands on the #TechLaunch device. Loving the battery life.,0.5994,positive,1458,3.3693064959674626
POST_01198,user_4050,2026-07-31 18:32:11.189091,Reddit,My team finally won the #ChampionshipGame! Best day ever!,#ChampionshipGame,3798,743,299,97429,My team finally won the #ChampionshipGame! Best day ever!,0.8585,positive,4840,4.967669095761059
POST_01199,user_3470,2026-07-26 23:22:11.189091,Instagram,Worst ending ever. #Cinema completely ruined the franchise.,"#Blockbuster,#MovieRelease",5143,1063,1000,82127,Worst ending ever. #Cinema completely ruined the franchise.,-0.8173,negative,7206,8.774108708357685
POST_01200,user_4974,2026-07-26 04:56:11.189091,Twitter,Worst ending ever. #MovieRelease completely ruined the franchise. https://example.com/link,#Blockbuster,1562,179,435,88915,Worst ending ever. #MovieRelease completely ruined the franchise.,-0.8173,negative,2176,2.447253587655765
POST_01201,user_1790,2026-08-04 23:46:11.189091,Twitter,Can't believe we lost the #ChampionshipGame. So heartbroken right now. @user_1790 ,"#ChampionshipGame,#SportsEvent,#Finals",1158,452,98,28325,Can't believe we lost the #ChampionshipGame. So heartbroken right now.,-0.6735,negative,1708,6.02979594718633
POST_01202,user_3972,2026-07-28 01:13:11.189091,Reddit,Incredible performance by the lead actor in #MovieRelease! A must watch!,#Blockbuster,1630,550,186,38836,Incredible performance by the lead actor in #MovieRelease! A must watch!,0.0,neutral,2366,6.092128640214229
POST_01203,user_584,2026-07-14 11:53:11.189091,Twitter,Can't stop thinking about that game winning play at the #Finals!,#SportsEvent,573,131,109,88057,Can't stop thinking about that game winning play at the #Finals!,0.7894,positive,813,0.9232551273024598
POST_01204,user_1065,2026-08-09 05:56:11.189091,Instagram,I fell asleep halfway through #Blockbuster.,#Cinema,2526,622,419,41253,I fell asleep halfway through #Blockbuster.,0.5994,positive,3567,8.646434285160227
POST_01205,user_2800,2026-08-01 21:30:11.189091,Reddit,Will wait for the reviews before buying the #Smartphone2024 device. @user_2800  https://example.com/link,"#TechLaunch,#GadgetReview,#Smartphone2024",527,115,153,43592,Will wait for the reviews before buying the #Smartphone2024 device.,0.0,neutral,795,1.8236872892436857
POST_01206,user_832,2026-07-23 02:29:11.189091,Instagram,The plot in #Cinema made no sense. Avoid at all costs.,"#Cinema,#Blockbuster",3505,1375,1025,78529,The plot in #Cinema made no sense. Avoid at all costs.,-0.0803,negative,5905,7.5194193301922825
POST_01207,user_3862,2026-07-31 08:17:11.189091,Reddit,What a thrilling finish to the #ChampionshipGame! Unbelievable! 🏆🔥,"#ChampionshipGame,#Finals",3344,583,760,43499,What a thrilling finish to the #ChampionshipGame! Unbelievable!,0.6688,positive,4687,10.77471264367816
POST_01208,user_1602,2026-07-22 00:48:11.189091,Instagram,The battery life on this #GadgetReview is a joke. 🗑️ https://example.com/link,"#TechLaunch,#GadgetReview",1231,204,303,25296,The battery life on this #GadgetReview is a joke.,0.296,positive,1738,6.870379886943116
POST_01209,user_641,2026-07-31 20:52:11.189091,Twitter,Just watched the new #Cinema. Best movie of the year! 🍿🎬,#MovieRelease,221,71,63,19071,Just watched the new #Cinema. Best movie of the year!,0.6696,positive,355,1.8613674496644295
POST_01210,user_4273,2026-07-17 18:20:11.189091,Reddit,Finally got my hands on the #GadgetReview device. Loving the battery life. 😍,"#TechLaunch,#Smartphone2024",1364,270,76,15349,Finally got my hands on the #GadgetReview device. Loving the battery life.,0.5994,positive,1710,11.140065146579804
POST_01211,user_75,2026-07-25 23:07:11.189091,Instagram,Watching #Blockbuster with my friends this weekend.,"#MovieRelease,#Blockbuster",2380,589,650,66627,Watching #Blockbuster with my friends this weekend.,0.7906,positive,3619,5.431650357207181
POST_01212,user_1295,2026-08-08 21:37:11.189091,Twitter,The broadcast quality for the #Finals is awful. 😡,"#Finals,#SportsEvent,#ChampionshipGame",1778,484,419,91693,The broadcast quality for the #Finals is awful.,-0.4588,negative,2681,2.923855432198399
POST_01213,user_4622,2026-08-03 18:58:11.189091,Twitter,"Wow, the screen on the #Smartphone2024 is stunning. https://example.com/link",#TechLaunch,89,19,6,1783,"Wow, the screen on the #Smartphone2024 is stunning.",0.7506,positive,114,6.390134529147982
POST_01214,user_625,2026-07-12 03:48:11.189091,Twitter,Just saw the specs for the #TechLaunch phone. They seem okay. @user_625 ,"#GadgetReview,#TechLaunch,#Smartphone2024",2591,620,481,66244,Just saw the specs for the #TechLaunch phone. They seem okay.,0.2263,positive,3692,5.573250811381991
POST_01215,user_3480,2026-08-04 04:57:11.189091,Reddit,Terrible refereeing ruined the #SportsEvent. Absolutely rigged. 🗑️,"#SportsEvent,#ChampionshipGame,#Finals",4823,1352,481,94191,Terrible refereeing ruined the #SportsEvent. Absolutely rigged.,-0.8399,negative,6656,7.066417530151181
POST_01216,user_2116,2026-07-25 20:56:11.189091,Instagram,Terrible customer service when I tried to return my #Smartphone2024. Never again.,#Smartphone2024,4509,463,954,70870,Terrible customer service when I tried to return my #Smartphone2024. Never again.,-0.4767,negative,5926,8.361671205429582
POST_01217,user_245,2026-07-28 00:08:11.189091,Reddit,Finally got my hands on the #TechLaunch device. Loving the battery life. 😍,"#TechLaunch,#GadgetReview",5918,1578,975,52780,Finally got my hands on the #TechLaunch device. Loving the battery life.,0.5994,positive,8471,16.04933593527974
POST_01218,user_3785,2026-08-07 12:04:11.189091,Instagram,The battery life on this #GadgetReview is a joke. 🗑️,#GadgetReview,998,187,85,16080,The battery life on this #GadgetReview is a joke.,0.296,positive,1270,7.897518811019215
POST_01219,user_4897,2026-07-21 16:42:11.189091,Instagram,"Wow, the screen on the #Smartphone2024 is stunning. @user_4897 ","#Smartphone2024,#GadgetReview",1281,274,230,24128,"Wow, the screen on the #Smartphone2024 is stunning.",0.7506,positive,1785,7.397737162750218
POST_01220,user_4666,2026-08-10 19:21:11.189091,Instagram,The battery life on this #TechLaunch is a joke. 🗑️ @user_4666 ,"#Smartphone2024,#TechLaunch,#GadgetReview",651,146,55,27496,The battery life on this #TechLaunch is a joke.,0.296,positive,852,3.0985198385278396
POST_01221,user_903,2026-07-24 19:39:11.189091,Reddit,Who do you think will win the #ChampionshipGame?,#SportsEvent,1470,244,257,43691,Who do you think will win the #ChampionshipGame?,0.5859,positive,1971,4.511123317769843
POST_01222,user_4466,2026-07-16 21:12:11.189091,Reddit,Best #Smartphone2024 I have ever used. Highly recommend!,"#TechLaunch,#GadgetReview,#Smartphone2024",4602,920,462,90248,Best #Smartphone2024 I have ever used. Highly recommend!,0.8066,positive,5984,6.630544382763244
POST_01223,user_577,2026-07-23 07:33:11.189091,Reddit,Terrible refereeing ruined the #Finals. Absolutely rigged. 🗑️ @user_577 ,"#Finals,#ChampionshipGame,#SportsEvent",2652,737,272,34598,Terrible refereeing ruined the #Finals. Absolutely rigged.,-0.8399,negative,3661,10.581230671406688
POST_01224,user_1009,2026-07-21 01:46:11.189091,Reddit,The #SportsEvent is pretty competitive this year. https://example.com/link,"#Finals,#SportsEvent,#ChampionshipGame",2204,615,404,64686,The #SportsEvent is pretty competitive this year.,0.5994,positive,3223,4.98245397065871
POST_01225,user_4208,2026-07-18 13:22:11.189091,Reddit,What a waste of time. #MovieRelease was completely boring. 🥱 https://example.com/link,#MovieRelease,425,129,53,24692,What a waste of time. #MovieRelease was completely boring.,-0.659,negative,607,2.4581865305957153
POST_01226,user_4964,2026-07-17 08:01:11.189091,Twitter,Getting snacks ready for the #Finals.,"#Finals,#ChampionshipGame,#SportsEvent",175,49,40,4078,Getting snacks ready for the #Finals.,0.3612,positive,264,6.472174552586418
POST_01227,user_596,2026-07-15 02:18:11.189091,Twitter,The plot in #Cinema made no sense. Avoid at all costs. @user_596 ,"#Blockbuster,#MovieRelease",502,101,35,5970,The plot in #Cinema made no sense. Avoid at all costs.,-0.0803,negative,638,10.684977390721823
POST_01228,user_3114,2026-07-24 19:50:11.189091,Instagram,Will wait for the reviews before buying the #GadgetReview device.,#Smartphone2024,4364,1002,437,89601,Will wait for the reviews before buying the #GadgetReview device.,0.0,neutral,5803,6.476417937099618
POST_01229,user_1162,2026-07-14 07:28:11.189091,Instagram,Extremely disappointed with the #TechLaunch phone. Overheating issues are terrible. 😡,#TechLaunch,2008,369,283,53202,Extremely disappointed with the #TechLaunch phone. Overheating issues are terrible.,-0.7574,negative,2660,4.999718061011597
POST_01230,user_1572,2026-08-10 15:46:11.189091,Twitter,Incredible performance by the lead actor in #MovieRelease! A must watch!,#Blockbuster,1634,505,194,42105,Incredible performance by the lead actor in #MovieRelease! A must watch!,0.0,neutral,2333,5.5407780363843635
POST_01231,user_4651,2026-07-29 03:07:11.189091,Reddit,Who do you think will win the #SportsEvent?,#SportsEvent,764,169,199,24685,Who do you think will win the #SportsEvent?,0.5859,positive,1132,4.585595074131087
POST_01232,user_3605,2026-07-13 12:10:11.189091,Reddit,Watching the #ChampionshipGame with friends. Game is tied.,"#Finals,#ChampionshipGame",2697,932,268,70053,Watching the #ChampionshipGame with friends. Game is tied.,0.4767,positive,3897,5.562851514545922
POST_01233,user_2710,2026-08-05 07:37:11.189091,Instagram,Can't believe we lost the #ChampionshipGame. So heartbroken right now.,"#Finals,#SportsEvent",265,59,62,6251,Can't believe we lost the #ChampionshipGame. So heartbroken right now.,-0.6735,negative,386,6.17402431222009
POST_01234,user_242,2026-08-09 18:08:11.189091,Instagram,The broadcast quality for the #ChampionshipGame is awful. 😡,#ChampionshipGame,591,218,146,6867,The broadcast quality for the #ChampionshipGame is awful.,-0.4588,negative,955,13.905066977285962
POST_01235,user_1920,2026-08-08 16:19:11.189091,Instagram,The new #TechLaunch phone is absolutely amazing! The camera is unreal! 📱✨,"#GadgetReview,#Smartphone2024,#TechLaunch",3393,346,300,41446,The new #TechLaunch phone is absolutely amazing! The camera is unreal!,0.6885,positive,4039,9.74497551089343
POST_01236,user_4984,2026-08-11 08:33:11.189091,Instagram,Will wait for the reviews before buying the #GadgetReview device. https://example.com/link,#TechLaunch,2247,805,148,49972,Will wait for the reviews before buying the #GadgetReview device.,0.0,neutral,3200,6.4034578672483145
POST_01237,user_648,2026-08-10 20:14:11.189091,Reddit,My team finally won the #SportsEvent! Best day ever!,#SportsEvent,4691,906,509,58843,My team finally won the #SportsEvent! Best day ever!,0.8585,positive,6106,10.376588947046429
POST_01238,user_846,2026-07-11 23:37:11.189091,Twitter,The battery life on this #Smartphone2024 is a joke. 🗑️,#TechLaunch,1386,138,143,65619,The battery life on this #Smartphone2024 is a joke.,0.296,positive,1667,2.5403840292593722
POST_01239,user_1512,2026-08-11 14:05:11.189091,Reddit,Who do you think will win the #ChampionshipGame?,"#ChampionshipGame,#SportsEvent",1367,422,386,42135,Who do you think will win the #ChampionshipGame?,0.5859,positive,2175,5.161856844503513
POST_01240,user_486,2026-07-17 06:34:11.189091,Reddit,Worst ending ever. #Blockbuster completely ruined the franchise. @user_486 ,"#Cinema,#MovieRelease",4106,1166,1090,56414,Worst ending ever. #Blockbuster completely ruined the franchise.,-0.5563,negative,6362,11.277142603917397
POST_01241,user_537,2026-08-02 04:20:11.189091,Twitter,The broadcast quality for the #Finals is awful. 😡,"#ChampionshipGame,#Finals,#SportsEvent",4864,675,1240,89579,The broadcast quality for the #Finals is awful.,-0.4588,negative,6779,7.567537396740344
POST_01242,user_2582,2026-08-06 01:24:11.189091,Reddit,Worst performance by my team in the #ChampionshipGame. Embarrassing.,"#Finals,#ChampionshipGame,#SportsEvent",405,109,48,79773,Worst performance by my team in the #ChampionshipGame. Embarrassing.,-0.7717,negative,562,0.7044901847719809
POST_01243,user_4105,2026-07-24 06:30:11.189091,Instagram,Watching the #SportsEvent with friends. Game is tied.,"#ChampionshipGame,#Finals",2506,409,553,63577,Watching the #SportsEvent with friends. Game is tied.,0.4767,positive,3468,5.454717040485703
POST_01244,user_3241,2026-07-28 12:29:11.189091,Reddit,Best #GadgetReview I have ever used. Highly recommend!,#TechLaunch,1585,402,225,38735,Best #GadgetReview I have ever used. Highly recommend!,0.8066,positive,2212,5.7104502271788515
POST_01245,user_3597,2026-07-27 06:55:11.189091,Reddit,Watching #MovieRelease with my friends this weekend. @user_3597 ,#Blockbuster,407,48,108,13420,Watching #MovieRelease with my friends this weekend.,0.4767,positive,563,4.194918411444751
POST_01246,user_4337,2026-08-06 01:52:11.189091,Reddit,What a waste of time. #MovieRelease was completely boring. 🥱,"#Cinema,#MovieRelease,#Blockbuster",4134,852,904,71730,What a waste of time. #MovieRelease was completely boring.,-0.659,negative,5890,8.211233636781866
POST_01247,user_4148,2026-08-08 06:40:11.189091,Twitter,Extremely disappointed with the #Smartphone2024 phone. Overheating issues are terrible. 😡,"#TechLaunch,#GadgetReview",1463,536,413,14641,Extremely disappointed with the #Smartphone2024 phone. Overheating issues are terrible.,-0.7574,negative,2412,16.473159404452943
POST_01248,user_659,2026-07-29 06:13:11.189091,Instagram,I was on the edge of my seat during #Cinema!,#MovieRelease,160,17,16,68489,I was on the edge of my seat during #Cinema!,0.0,neutral,193,0.28179296247627394
POST_01249,user_1331,2026-08-07 15:40:11.189091,Twitter,The visual effects in #Cinema blew my mind. 10/10. https://example.com/link,"#Cinema,#MovieRelease,#Blockbuster",3479,727,653,68672,The visual effects in #Cinema blew my mind. 10/10.,0.0,neutral,4859,7.075560991947345
POST_01250,user_2214,2026-07-26 18:03:11.189091,Reddit,Best #Smartphone2024 I have ever used. Highly recommend!,"#Smartphone2024,#GadgetReview",306,43,75,15842,Best #Smartphone2024 I have ever used. Highly recommend!,0.8066,positive,424,2.6762608091901785
POST_01251,user_2343,2026-07-23 08:00:11.189091,Instagram,The visual effects in #Cinema blew my mind. 10/10.,"#Cinema,#MovieRelease",687,170,116,27759,The visual effects in #Cinema blew my mind. 10/10.,0.0,neutral,973,3.505043227665706
POST_01252,user_4360,2026-07-25 16:26:11.189091,Instagram,Comparing the #Smartphone2024 with other models. @user_4360 ,"#GadgetReview,#TechLaunch",40,4,3,11796,Comparing the #Smartphone2024 with other models.,0.0,neutral,47,0.398406374501992
POST_01253,user_4750,2026-07-24 15:46:11.189091,Instagram,The battery life on this #TechLaunch is a joke. 🗑️,"#GadgetReview,#Smartphone2024,#TechLaunch",334,78,52,10323,The battery life on this #TechLaunch is a joke.,0.296,positive,464,4.49438202247191
POST_01254,user_3919,2026-07-12 07:23:11.189091,Reddit,Watching #MovieRelease with my friends this weekend. https://example.com/link,#MovieRelease,1925,199,132,85057,Watching #MovieRelease with my friends this weekend.,0.4767,positive,2256,2.6523078370053375
POST_01255,user_954,2026-07-20 22:10:11.189091,Twitter,Worst performance by my team in the #SportsEvent. Embarrassing.,"#ChampionshipGame,#SportsEvent,#Finals",428,83,58,70526,Worst performance by my team in the #SportsEvent. Embarrassing.,-0.7717,negative,569,0.8067832177747529
POST_01256,user_2259,2026-08-05 16:01:11.189091,Reddit,What a thrilling finish to the #SportsEvent! Unbelievable! 🏆🔥 @user_2259 ,#ChampionshipGame,2417,908,162,67347,What a thrilling finish to the #SportsEvent! Unbelievable!,0.6688,positive,3487,5.177585080477519
POST_01257,user_1373,2026-07-22 00:15:11.189091,Instagram,Not worth the upgrade. #TechLaunch is just a rehash of last year's model.,"#TechLaunch,#GadgetReview",115,34,10,3260,Not worth the upgrade. #TechLaunch is just a rehash of last year's model.,-0.1695,negative,159,4.875804967801288
POST_01258,user_3754,2026-07-31 05:36:11.189091,Reddit,What a thrilling finish to the #Finals! Unbelievable! 🏆🔥 @user_3754  https://example.com/link,#ChampionshipGame,2493,566,331,71861,What a thrilling finish to the #Finals! Unbelievable!,0.6688,positive,3390,4.717374968689989
POST_01259,user_2680,2026-08-04 18:45:11.189091,Instagram,The plot in #MovieRelease made no sense. Avoid at all costs.,"#MovieRelease,#Blockbuster,#Cinema",7243,858,889,99339,The plot in #MovieRelease made no sense. Avoid at all costs.,-0.0803,negative,8990,9.04972820616066
POST_01260,user_1525,2026-07-16 16:45:11.189091,Twitter,Incredible performance by the lead actor in #Cinema! A must watch! https://example.com/link,#MovieRelease,166,25,25,41966,Incredible performance by the lead actor in #Cinema! A must watch!,0.0,neutral,216,0.5146901136607335
POST_01261,user_35,2026-07-14 23:50:11.189091,Instagram,Who do you think will win the #SportsEvent?,"#ChampionshipGame,#SportsEvent,#Finals",129,45,35,27684,Who do you think will win the #SportsEvent?,0.5859,positive,209,0.7549214376015894
POST_01262,user_1196,2026-07-21 11:51:11.189091,Instagram,What a waste of time. #Blockbuster was completely boring. 🥱,"#Cinema,#MovieRelease,#Blockbuster",4738,1187,586,48446,What a waste of time. #Blockbuster was completely boring.,-0.1263,negative,6511,13.439428653993025
POST_01263,user_2507,2026-08-03 02:16:11.189091,Instagram,The new #TechLaunch phone is absolutely amazing! The camera is unreal! 📱✨,"#GadgetReview,#TechLaunch",2485,644,592,48354,The new #TechLaunch phone is absolutely amazing! The camera is unreal!,0.6885,positive,3721,7.695171130183022
POST_01264,user_1801,2026-07-26 01:12:11.189091,Reddit,"#Cinema had some decent moments, but overall average.",#Blockbuster,132,13,14,2979,"#Cinema had some decent moments, but overall average.",0.0,neutral,159,5.3355704697986575
POST_01265,user_3518,2026-08-08 02:47:11.189091,Reddit,Incredible performance by the lead actor in #Blockbuster! A must watch! @user_3518  https://example.com/link,"#Cinema,#Blockbuster",693,276,59,80494,Incredible performance by the lead actor in #Blockbuster! A must watch!,0.6688,positive,1028,1.277097956394807
POST_01266,user_1413,2026-08-05 05:46:11.189091,Instagram,Going to see #MovieRelease tonight. Hope it's good.,#Cinema,437,132,79,41241,Going to see #MovieRelease tonight. Hope it's good.,0.7003,positive,648,1.571213811163377
POST_01267,user_132,2026-07-28 03:14:11.189091,Reddit,The #Finals is pretty competitive this year.,"#Finals,#ChampionshipGame",2670,676,712,69457,The #Finals is pretty competitive this year.,0.5994,positive,4058,5.842379567508423
POST_01268,user_4253,2026-07-21 18:29:11.189091,Instagram,Who do you think will win the #Finals? @user_4253 ,"#SportsEvent,#ChampionshipGame",197,77,46,39345,Who do you think will win the #Finals?,0.5859,positive,320,0.8132974126976059
POST_01269,user_1211,2026-08-11 10:50:11.189091,Instagram,Getting snacks ready for the #Finals. @user_1211  https://example.com/link,#Finals,948,374,195,27461,Getting snacks ready for the #Finals.,0.3612,positive,1517,5.523996795572064
POST_01270,user_3574,2026-08-03 01:39:11.189091,Reddit,Anyone getting the new #Smartphone2024? I can't decide. @user_3574 ,#GadgetReview,3357,612,603,97212,Anyone getting the new #Smartphone2024? I can't decide.,0.0,neutral,4572,4.703074691656465
POST_01271,user_2605,2026-07-15 09:04:11.189091,Twitter,Can't believe we lost the #Finals. So heartbroken right now.,#SportsEvent,517,169,121,16576,Can't believe we lost the #Finals. So heartbroken right now.,-0.6735,negative,807,4.868190866863727
POST_01272,user_2557,2026-08-09 14:46:11.189091,Twitter,Can't stop thinking about that game winning play at the #Finals!,"#SportsEvent,#Finals,#ChampionshipGame",2719,960,780,60403,Can't stop thinking about that game winning play at the #Finals!,0.7894,positive,4459,7.381961459505993
POST_01273,user_3137,2026-08-01 00:15:11.189091,Instagram,Terrible refereeing ruined the #Finals. Absolutely rigged. 🗑️,#Finals,1455,552,342,38491,Terrible refereeing ruined the #Finals. Absolutely rigged.,-0.8399,negative,2349,6.10256676712044
POST_01274,user_2517,2026-08-09 23:50:11.189091,Twitter,What a thrilling finish to the #Finals! Unbelievable! 🏆🔥 https://example.com/link,"#SportsEvent,#Finals,#ChampionshipGame",1105,234,72,68761,What a thrilling finish to the #Finals! Unbelievable!,0.6688,positive,1411,2.052005468136471
POST_01275,user_4697,2026-08-06 10:44:11.189091,Twitter,Just watched the new #Blockbuster. Best movie of the year! 🍿🎬,"#Blockbuster,#MovieRelease",2055,551,379,27285,Just watched the new #Blockbuster. Best movie of the year!,0.8553,positive,2985,10.939676024334824
POST_01276,user_328,2026-07-17 10:36:11.189091,Reddit,The plot in #Blockbuster made no sense. Avoid at all costs.,#MovieRelease,409,47,31,33534,The plot in #Blockbuster made no sense. Avoid at all costs.,0.5556,positive,487,1.452214104666766
POST_01277,user_61,2026-08-05 17:31:11.189091,Instagram,Worst ending ever. #MovieRelease completely ruined the franchise.,"#MovieRelease,#Blockbuster",3757,410,560,93776,Worst ending ever. #MovieRelease completely ruined the franchise.,-0.8173,negative,4727,5.040681617027629
POST_01278,user_2826,2026-07-27 06:34:11.189091,Reddit,I was on the edge of my seat during #Blockbuster!,"#MovieRelease,#Cinema",2380,689,641,33665,I was on the edge of my seat during #Blockbuster!,0.636,positive,3710,11.02002019841977
POST_01279,user_1690,2026-07-28 12:50:11.189091,Instagram,The plot in #Cinema made no sense. Avoid at all costs.,"#Cinema,#MovieRelease,#Blockbuster",3597,646,937,68449,The plot in #Cinema made no sense. Avoid at all costs.,-0.0803,negative,5180,7.567567567567568
POST_01280,user_778,2026-07-11 23:32:11.189091,Twitter,Incredible performance by the lead actor in #MovieRelease! A must watch!,"#Cinema,#MovieRelease",3017,635,656,97458,Incredible performance by the lead actor in #MovieRelease! A must watch!,0.0,neutral,4308,4.420320339835213
POST_01281,user_674,2026-07-15 13:06:11.189091,Twitter,The visual effects in #Blockbuster blew my mind. 10/10.,"#Cinema,#Blockbuster",378,42,43,7166,The visual effects in #Blockbuster blew my mind. 10/10.,0.5994,positive,463,6.460164643504954
POST_01282,user_4342,2026-07-24 11:47:11.189091,Reddit,Who do you think will win the #SportsEvent? https://example.com/link,"#Finals,#ChampionshipGame",568,222,106,46444,Who do you think will win the #SportsEvent?,0.5859,positive,896,1.9291635267520721
POST_01283,user_4238,2026-08-05 14:17:11.189091,Instagram,Incredible display of skill at the #SportsEvent today. @user_4238 ,#SportsEvent,276,89,25,12774,Incredible display of skill at the #SportsEvent today.,0.0,neutral,390,3.0528375733855184
POST_01284,user_579,2026-07-29 14:22:11.189091,Instagram,"#MovieRelease had some decent moments, but overall average.",#Cinema,937,147,188,41228,"#MovieRelease had some decent moments, but overall average.",0.0,neutral,1272,3.085207014480099
POST_01285,user_1114,2026-08-09 07:57:11.189091,Twitter,Not worth the upgrade. #Smartphone2024 is just a rehash of last year's model.,#Smartphone2024,6181,2201,1310,70212,Not worth the upgrade. #Smartphone2024 is just a rehash of last year's model.,-0.1695,negative,9692,13.803711563385699
POST_01286,user_1866,2026-07-17 15:35:11.189091,Twitter,What a waste of time. #MovieRelease was completely boring. 🥱,"#Cinema,#Blockbuster,#MovieRelease",3473,593,1017,56572,What a waste of time. #MovieRelease was completely boring.,-0.659,negative,5083,8.984851430894597
POST_01287,user_1081,2026-07-28 06:49:11.189091,Instagram,What a waste of time. #Cinema was completely boring. 🥱,"#MovieRelease,#Cinema,#Blockbuster",203,60,45,7012,What a waste of time. #Cinema was completely boring.,-0.659,negative,308,4.391843718807928
POST_01288,user_1315,2026-07-20 16:39:11.189091,Instagram,The battery life on this #GadgetReview is a joke. 🗑️,#GadgetReview,3083,555,353,95694,The battery life on this #GadgetReview is a joke.,0.296,positive,3991,4.170541825591724
POST_01289,user_2818,2026-08-02 03:06:11.189091,Twitter,Worst performance by my team in the #Finals. Embarrassing.,#Finals,2977,603,280,45193,Worst performance by my team in the #Finals. Embarrassing.,-0.7717,negative,3860,8.540956764172234
POST_01290,user_2240,2026-08-03 21:36:11.189091,Instagram,Worst ending ever. #Cinema completely ruined the franchise.,"#Cinema,#Blockbuster,#MovieRelease",2805,1016,250,50480,Worst ending ever. #Cinema completely ruined the franchise.,-0.8173,negative,4071,8.064420276935877
POST_01291,user_2424,2026-07-14 11:48:11.189091,Reddit,Can't believe we lost the #Finals. So heartbroken right now.,"#SportsEvent,#ChampionshipGame,#Finals",3265,360,813,61506,Can't believe we lost the #Finals. So heartbroken right now.,-0.6735,negative,4438,7.215438893134114
POST_01292,user_3823,2026-07-29 14:40:11.189091,Twitter,What a waste of time. #MovieRelease was completely boring. 🥱,"#MovieRelease,#Cinema,#Blockbuster",387,140,57,6670,What a waste of time. #MovieRelease was completely boring.,-0.659,negative,584,8.754309698695847
POST_01293,user_3160,2026-07-16 23:59:11.189091,Twitter,The visual effects in #MovieRelease blew my mind. 10/10. https://example.com/link,"#Cinema,#MovieRelease",1544,391,382,86547,The visual effects in #MovieRelease blew my mind. 10/10.,0.0,neutral,2317,2.6771271433193142
POST_01294,user_4044,2026-07-12 05:12:11.189091,Reddit,Worst ending ever. #MovieRelease completely ruined the franchise. https://example.com/link,#Blockbuster,3485,549,777,89072,Worst ending ever. #MovieRelease completely ruined the franchise.,-0.8173,negative,4811,5.401187789790397
POST_01295,user_3964,2026-07-18 18:23:11.189091,Reddit,Can't believe we lost the #Finals. So heartbroken right now.,#SportsEvent,5024,1416,1289,48658,Can't believe we lost the #Finals. So heartbroken right now.,-0.6735,negative,7729,15.884009124725129
POST_01296,user_4565,2026-08-05 09:47:11.189091,Twitter,Not worth the upgrade. #TechLaunch is just a rehash of last year's model. https://example.com/link,#TechLaunch,364,45,40,12699,Not worth the upgrade. #TechLaunch is just a rehash of last year's model.,-0.1695,negative,449,3.5354330708661417
POST_01297,user_2731,2026-08-11 03:17:11.189091,Twitter,"Tickets for #Cinema were expensive, hope it's worth it. @user_2731 ","#MovieRelease,#Cinema",1379,290,70,29863,"Tickets for #Cinema were expensive, hope it's worth it.",0.5859,positive,1739,5.823064559335655
POST_01298,user_4950,2026-07-21 06:39:11.189091,Twitter,What a waste of time. #Blockbuster was completely boring. 🥱,#Blockbuster,3328,916,301,92029,What a waste of time. #Blockbuster was completely boring.,-0.1263,negative,4545,4.938606975986091
POST_01299,user_768,2026-07-26 21:47:11.189091,Instagram,The new #GadgetReview phone is absolutely amazing! The camera is unreal! 📱✨,"#TechLaunch,#Smartphone2024,#GadgetReview",2842,1019,246,87994,The new #GadgetReview phone is absolutely amazing! The camera is unreal!,0.6885,positive,4107,4.6673106426501505
POST_01300,user_2201,2026-07-14 23:01:11.189091,Reddit,Comparing the #Smartphone2024 with other models. @user_2201 ,"#Smartphone2024,#TechLaunch,#GadgetReview",433,51,82,23010,Comparing the #Smartphone2024 with other models.,0.0,neutral,566,2.4596931902133763
POST_01301,user_2849,2026-07-26 09:10:11.189091,Twitter,Incredible performance by the lead actor in #Blockbuster! A must watch! @user_2849 ,"#Cinema,#MovieRelease",3519,1094,213,55877,Incredible performance by the lead actor in #Blockbuster! A must watch!,0.6688,positive,4826,8.636672751351158
POST_01302,user_2659,2026-07-26 23:26:11.189091,Twitter,Can't believe we lost the #Finals. So heartbroken right now.,#Finals,2562,909,607,67411,Can't believe we lost the #Finals. So heartbroken right now.,-0.6735,negative,4078,6.049368065032932
POST_01303,user_3649,2026-07-22 10:29:11.189091,Instagram,Best #GadgetReview I have ever used. Highly recommend! https://example.com/link,"#Smartphone2024,#GadgetReview,#TechLaunch",5407,1389,1164,99305,Best #GadgetReview I have ever used. Highly recommend!,0.8066,positive,7960,8.015628461522969
POST_01304,user_596,2026-07-22 05:50:11.189091,Instagram,Going to see #Blockbuster tonight. Hope it's good.,#Blockbuster,1108,139,73,31649,Going to see #Blockbuster tonight. Hope it's good.,0.8658,positive,1320,4.170616113744076
POST_01305,user_1808,2026-07-22 07:20:11.189091,Twitter,"#Cinema had some decent moments, but overall average. @user_1808 ","#Blockbuster,#Cinema",107,36,17,30160,"#Cinema had some decent moments, but overall average.",0.0,neutral,160,0.530486389708564
POST_01306,user_2513,2026-07-16 06:41:11.189091,Twitter,I was on the edge of my seat during #Cinema! https://example.com/link,#MovieRelease,7339,2656,1493,71015,I was on the edge of my seat during #Cinema!,0.0,neutral,11488,16.176636250985695
POST_01307,user_3462,2026-07-26 11:26:11.189091,Instagram,Getting snacks ready for the #Finals. @user_3462 ,"#Finals,#SportsEvent",1106,144,136,97315,Getting snacks ready for the #Finals.,0.3612,positive,1386,1.4242262320687247
POST_01308,user_959,2026-08-06 09:57:11.189091,Instagram,The broadcast quality for the #SportsEvent is awful. 😡,"#Finals,#SportsEvent",1083,139,324,13224,The broadcast quality for the #SportsEvent is awful.,-0.4588,negative,1546,11.689981096408317
POST_01309,user_355,2026-07-16 06:41:11.189091,Twitter,The #Finals is pretty competitive this year. @user_355 ,"#Finals,#SportsEvent,#ChampionshipGame",838,115,64,50022,The #Finals is pretty competitive this year.,0.5994,positive,1017,2.0330647901965095
POST_01310,user_4153,2026-07-19 13:51:11.189091,Instagram,I was on the edge of my seat during #MovieRelease!,#Cinema,6216,2373,731,54249,I was on the edge of my seat during #MovieRelease!,0.0,neutral,9320,17.17972350230415
POST_01311,user_4839,2026-07-12 20:07:11.189091,Instagram,Finally got my hands on the #Smartphone2024 device. Loving the battery life. 😍,"#TechLaunch,#GadgetReview,#Smartphone2024",2328,243,156,80316,Finally got my hands on the #Smartphone2024 device. Loving the battery life.,0.5994,positive,2727,3.3952961390490186
POST_01312,user_3355,2026-08-10 02:48:11.189091,Reddit,"#Blockbuster had some decent moments, but overall average. https://example.com/link","#Blockbuster,#Cinema",3605,1270,250,72647,"#Blockbuster had some decent moments, but overall average.",0.3506,positive,5125,7.054564475278053
POST_01313,user_4920,2026-07-25 12:28:11.189091,Reddit,"Tickets for #MovieRelease were expensive, hope it's worth it.","#Blockbuster,#MovieRelease",1336,418,243,45554,"Tickets for #MovieRelease were expensive, hope it's worth it.",0.5859,positive,1997,4.383711996487762
POST_01314,user_4635,2026-07-19 23:25:11.189091,Reddit,The #ChampionshipGame is pretty competitive this year.,"#ChampionshipGame,#SportsEvent",7,2,0,231,The #ChampionshipGame is pretty competitive this year.,0.5994,positive,9,3.8793103448275863
POST_01315,user_4878,2026-07-24 20:35:11.189091,Instagram,Who do you think will win the #Finals?,"#Finals,#ChampionshipGame",786,302,213,72671,Who do you think will win the #Finals?,0.5859,positive,1301,1.7902355790400706
POST_01316,user_3824,2026-07-27 01:01:11.189091,Instagram,Extremely disappointed with the #TechLaunch phone. Overheating issues are terrible. 😡,#GadgetReview,1573,408,389,28271,Extremely disappointed with the #TechLaunch phone. Overheating issues are terrible.,-0.7574,negative,2370,8.382852292020374
POST_01317,user_2127,2026-07-14 04:47:11.189091,Instagram,Incredible display of skill at the #Finals today. https://example.com/link,#Finals,2296,694,321,93150,Incredible display of skill at the #Finals today.,0.0,neutral,3311,3.5544438599692976
POST_01318,user_3604,2026-07-25 12:57:11.189091,Instagram,Just watched the new #Blockbuster. Best movie of the year! 🍿🎬 @user_3604 ,"#Cinema,#MovieRelease",50,7,7,17637,Just watched the new #Blockbuster. Best movie of the year!,0.8553,positive,64,0.3628529311713346
POST_01319,user_2513,2026-08-07 08:49:11.189091,Reddit,Anyone getting the new #Smartphone2024? I can't decide. @user_2513  https://example.com/link,"#Smartphone2024,#TechLaunch,#GadgetReview",468,119,96,10929,Anyone getting the new #Smartphone2024? I can't decide.,0.0,neutral,683,6.248856358645929
POST_01320,user_2149,2026-08-09 02:53:11.189091,Instagram,Incredible display of skill at the #ChampionshipGame today.,"#ChampionshipGame,#SportsEvent",7112,1681,878,94746,Incredible display of skill at the #ChampionshipGame today.,0.0,neutral,9671,10.207183340897338
POST_01321,user_3289,2026-08-10 06:27:11.189091,Twitter,The #ChampionshipGame is pretty competitive this year.,"#Finals,#ChampionshipGame",4105,1077,641,87542,The #ChampionshipGame is pretty competitive this year.,0.5994,positive,5823,6.651588362290531
POST_01322,user_1334,2026-07-14 12:23:11.189091,Instagram,Not worth the upgrade. #Smartphone2024 is just a rehash of last year's model. https://example.com/link,"#TechLaunch,#GadgetReview,#Smartphone2024",6778,1981,1121,95102,Not worth the upgrade. #Smartphone2024 is just a rehash of last year's model.,-0.1695,negative,9880,10.38873642261548
POST_01323,user_4471,2026-08-08 15:09:11.189091,Twitter,"Tickets for #MovieRelease were expensive, hope it's worth it.",#Cinema,1128,407,228,52684,"Tickets for #MovieRelease were expensive, hope it's worth it.",0.5859,positive,1763,3.3463035019455254
POST_01324,user_1967,2026-08-03 05:19:11.189091,Twitter,The new #GadgetReview phone is absolutely amazing! The camera is unreal! 📱✨,"#Smartphone2024,#GadgetReview,#TechLaunch",1036,116,128,28704,The new #GadgetReview phone is absolutely amazing! The camera is unreal!,0.6885,positive,1280,4.459153457585787
POST_01325,user_721,2026-08-02 11:38:11.189091,Twitter,Watching #Blockbuster with my friends this weekend.,"#MovieRelease,#Blockbuster,#Cinema",1541,575,267,97141,Watching #Blockbuster with my friends this weekend.,0.7906,positive,2383,2.4531098803812976
POST_01326,user_3974,2026-08-07 05:42:11.189091,Instagram,Worst ending ever. #MovieRelease completely ruined the franchise.,"#Blockbuster,#MovieRelease",3407,379,925,68438,Worst ending ever. #MovieRelease completely ruined the franchise.,-0.8173,negative,4711,6.883502096757696
POST_01327,user_239,2026-07-15 13:44:11.189091,Twitter,Watching #MovieRelease with my friends this weekend.,"#Blockbuster,#MovieRelease",128,43,32,47258,Watching #MovieRelease with my friends this weekend.,0.4767,positive,203,0.4295478109989631
POST_01328,user_103,2026-07-13 13:03:11.189091,Instagram,Worst performance by my team in the #Finals. Embarrassing.,"#Finals,#ChampionshipGame",1754,572,105,37951,Worst performance by my team in the #Finals. Embarrassing.,-0.7717,negative,2431,6.405459527824621
POST_01329,user_174,2026-07-26 09:16:11.189091,Twitter,What a thrilling finish to the #SportsEvent! Unbelievable! 🏆🔥,#Finals,2455,497,547,69945,What a thrilling finish to the #SportsEvent! Unbelievable!,0.6688,positive,3499,5.002430446344323
POST_01330,user_249,2026-08-10 09:03:11.189091,Reddit,Best #Smartphone2024 I have ever used. Highly recommend! @user_249 ,#Smartphone2024,232,25,29,10113,Best #Smartphone2024 I have ever used. Highly recommend!,0.8066,positive,286,2.827763496143959
POST_01331,user_2603,2026-08-06 06:11:11.189091,Instagram,Worst ending ever. #Blockbuster completely ruined the franchise.,#Blockbuster,6126,1544,1358,83324,Worst ending ever. #Blockbuster completely ruined the franchise.,-0.5563,negative,9028,10.834683468346833
POST_01332,user_2850,2026-07-30 07:55:11.189091,Reddit,The #ChampionshipGame is pretty competitive this year.,"#SportsEvent,#Finals",4786,1259,1292,96436,The #ChampionshipGame is pretty competitive this year.,0.5994,positive,7337,7.6080757385650735
POST_01333,user_475,2026-07-13 12:23:11.189091,Twitter,What a thrilling finish to the #Finals! Unbelievable! 🏆🔥 https://example.com/link,"#ChampionshipGame,#SportsEvent,#Finals",6068,2314,906,95070,What a thrilling finish to the #Finals! Unbelievable!,0.6688,positive,9288,9.769540659086367
POST_01334,user_4345,2026-08-07 10:35:11.189091,Reddit,What a waste of time. #MovieRelease was completely boring. 🥱 https://example.com/link,#Cinema,2154,553,149,32309,What a waste of time. #MovieRelease was completely boring.,-0.659,negative,2856,8.839368616527391
POST_01335,user_522,2026-07-14 15:29:11.189091,Twitter,I fell asleep halfway through #MovieRelease.,#MovieRelease,6281,2206,446,78598,I fell asleep halfway through #MovieRelease.,0.0,neutral,8933,11.365284545604906
POST_01336,user_795,2026-07-20 14:28:11.189091,Twitter,Going to see #MovieRelease tonight. Hope it's good. @user_795 ,"#MovieRelease,#Blockbuster",918,154,72,99361,Going to see #MovieRelease tonight. Hope it's good.,0.7003,positive,1144,1.151345584831223
POST_01337,user_1534,2026-07-20 13:15:11.189091,Instagram,Terrible refereeing ruined the #ChampionshipGame. Absolutely rigged. 🗑️ @user_1534  https://example.com/link,"#ChampionshipGame,#SportsEvent",1978,391,383,94893,Terrible refereeing ruined the #ChampionshipGame. Absolutely rigged.,-0.8399,negative,2752,2.9000779817480558
POST_01338,user_2311,2026-07-17 16:59:11.189091,Instagram,Worst ending ever. #Blockbuster completely ruined the franchise. @user_2311 ,#Cinema,4683,1470,800,63083,Worst ending ever. #Blockbuster completely ruined the franchise.,-0.5563,negative,6953,11.02181218692537
POST_01339,user_1356,2026-08-02 21:21:11.189091,Reddit,Going to see #Cinema tonight. Hope it's good. https://example.com/link,"#Blockbuster,#Cinema",2070,789,286,89315,Going to see #Cinema tonight. Hope it's good.,0.7003,positive,3145,3.5212056070580857
POST_01340,user_3845,2026-08-06 14:51:11.189091,Reddit,Can't stop thinking about that game winning play at the #Finals! https://example.com/link,"#SportsEvent,#Finals,#ChampionshipGame",265,70,20,56628,Can't stop thinking about that game winning play at the #Finals!,0.7894,positive,355,0.626887283900475
POST_01341,user_781,2026-07-12 02:12:11.189091,Reddit,The plot in #Blockbuster made no sense. Avoid at all costs. https://example.com/link,#MovieRelease,2079,746,614,33941,The plot in #Blockbuster made no sense. Avoid at all costs.,0.5556,positive,3439,10.131989865063932
POST_01342,user_1332,2026-07-27 09:15:11.189091,Reddit,Best #TechLaunch I have ever used. Highly recommend! @user_1332 ,"#Smartphone2024,#GadgetReview,#TechLaunch",1838,416,149,75482,Best #TechLaunch I have ever used. Highly recommend!,0.8066,positive,2403,3.1834982711338977
POST_01343,user_2526,2026-08-01 07:29:11.189091,Twitter,Going to see #Cinema tonight. Hope it's good.,#Cinema,580,152,155,42316,Going to see #Cinema tonight. Hope it's good.,0.7003,positive,887,2.0960843159959355
POST_01344,user_1626,2026-08-02 21:53:11.189091,Instagram,What a thrilling finish to the #SportsEvent! Unbelievable! 🏆🔥 @user_1626  https://example.com/link,#Finals,3380,728,685,47240,What a thrilling finish to the #SportsEvent! Unbelievable!,0.6688,positive,4793,10.145847886369891
POST_01345,user_1483,2026-08-03 01:56:11.189091,Twitter,"Wow, the screen on the #Smartphone2024 is stunning. https://example.com/link","#GadgetReview,#TechLaunch",961,198,63,22718,"Wow, the screen on the #Smartphone2024 is stunning.",0.7506,positive,1222,5.378757867863902
POST_01346,user_4073,2026-08-07 17:07:11.189091,Twitter,Terrible customer service when I tried to return my #GadgetReview. Never again.,"#Smartphone2024,#TechLaunch",3694,1067,651,46524,Terrible customer service when I tried to return my #GadgetReview. Never again.,-0.4767,negative,5412,11.632455668995163
POST_01347,user_2664,2026-07-24 08:11:11.189091,Reddit,Will wait for the reviews before buying the #GadgetReview device.,"#TechLaunch,#Smartphone2024,#GadgetReview",3289,1268,256,94275,Will wait for the reviews before buying the #GadgetReview device.,0.0,neutral,4813,5.105222962365819
POST_01348,user_498,2026-08-03 14:15:11.189091,Reddit,Getting snacks ready for the #ChampionshipGame.,"#SportsEvent,#ChampionshipGame,#Finals",695,176,61,67931,Getting snacks ready for the #ChampionshipGame.,0.3612,positive,932,1.3719601954896072
POST_01349,user_1245,2026-07-26 03:21:11.189091,Instagram,"Wow, the screen on the #TechLaunch is stunning.","#TechLaunch,#GadgetReview,#Smartphone2024",4177,1153,295,85259,"Wow, the screen on the #TechLaunch is stunning.",0.7506,positive,5625,6.59746657283603
POST_01350,user_1853,2026-08-06 02:25:11.189091,Reddit,Terrible refereeing ruined the #Finals. Absolutely rigged. 🗑️,#ChampionshipGame,16,5,0,2040,Terrible refereeing ruined the #Finals. Absolutely rigged.,-0.8399,negative,21,1.02890739833415
POST_01351,user_66,2026-07-21 00:30:11.189091,Twitter,The battery life on this #Smartphone2024 is a joke. 🗑️,"#Smartphone2024,#TechLaunch,#GadgetReview",3811,421,1089,97354,The battery life on this #Smartphone2024 is a joke.,0.296,positive,5321,5.465564172358893
POST_01352,user_4930,2026-07-17 04:34:11.189091,Reddit,The broadcast quality for the #Finals is awful. 😡,"#Finals,#ChampionshipGame",7551,2060,594,85378,The broadcast quality for the #Finals is awful.,-0.4588,negative,10205,11.952587872896144
POST_01353,user_1317,2026-07-15 01:49:11.189091,Instagram,Comparing the #Smartphone2024 with other models.,"#TechLaunch,#Smartphone2024",1483,160,385,66069,Comparing the #Smartphone2024 with other models.,0.0,neutral,2028,3.069471772362646
POST_01354,user_4262,2026-07-28 18:58:11.189091,Reddit,I fell asleep halfway through #Blockbuster.,#Blockbuster,1316,184,87,21432,I fell asleep halfway through #Blockbuster.,0.5994,positive,1587,7.4044697429197965
POST_01355,user_2552,2026-07-30 20:51:11.189091,Reddit,Not worth the upgrade. #Smartphone2024 is just a rehash of last year's model.,"#TechLaunch,#GadgetReview,#Smartphone2024",4316,454,913,59685,Not worth the upgrade. #Smartphone2024 is just a rehash of last year's model.,-0.1695,negative,5683,9.521495828167408
POST_01356,user_1490,2026-07-16 03:41:11.189091,Reddit,"#MovieRelease had some decent moments, but overall average.","#Blockbuster,#MovieRelease",2046,697,384,57475,"#MovieRelease had some decent moments, but overall average.",0.0,neutral,3127,5.440531700187905
POST_01357,user_4284,2026-07-31 03:19:11.189091,Instagram,Getting snacks ready for the #ChampionshipGame. https://example.com/link,#Finals,390,46,96,76642,Getting snacks ready for the #ChampionshipGame.,0.3612,positive,532,0.6941273175632477
POST_01358,user_3640,2026-07-14 17:11:11.189091,Instagram,Watching the #Finals with friends. Game is tied.,"#SportsEvent,#ChampionshipGame",1157,265,155,38585,Watching the #Finals with friends. Game is tied.,0.4767,positive,1577,4.086974550355051
POST_01359,user_1468,2026-07-19 00:06:11.189091,Reddit,Will wait for the reviews before buying the #GadgetReview device.,#GadgetReview,15,5,1,1172,Will wait for the reviews before buying the #GadgetReview device.,0.0,neutral,21,1.7902813299232736
POST_01360,user_3185,2026-07-30 22:24:11.189091,Reddit,Anyone getting the new #Smartphone2024? I can't decide.,#GadgetReview,90,15,4,3994,Anyone getting the new #Smartphone2024? I can't decide.,0.0,neutral,109,2.728410513141427
POST_01361,user_1911,2026-07-28 20:13:11.189091,Instagram,Who do you think will win the #Finals?,#Finals,117,11,28,8544,Who do you think will win the #Finals?,0.5859,positive,156,1.8256290228203627
POST_01362,user_4,2026-08-07 13:43:11.189091,Instagram,Just watched the new #Cinema. Best movie of the year! 🍿🎬,"#Blockbuster,#MovieRelease,#Cinema",4379,672,955,66700,Just watched the new #Cinema. Best movie of the year!,0.6696,positive,6006,9.00436275318211
POST_01363,user_4919,2026-07-15 06:48:11.189091,Reddit,Who do you think will win the #Finals?,#SportsEvent,2786,1030,469,57466,Who do you think will win the #Finals?,0.5859,positive,4285,7.456453268832547
POST_01364,user_3020,2026-07-23 06:59:11.189091,Reddit,Will wait for the reviews before buying the #TechLaunch device. @user_3020 ,#TechLaunch,2414,925,179,67352,Will wait for the reviews before buying the #TechLaunch device.,0.0,neutral,3518,5.223226879277835
POST_01365,user_591,2026-08-01 18:03:11.189091,Reddit,The battery life on this #Smartphone2024 is a joke. 🗑️ @user_591 ,"#GadgetReview,#Smartphone2024",1702,502,489,49910,The battery life on this #Smartphone2024 is a joke.,0.296,positive,2693,5.39560417543227
POST_01366,user_4518,2026-08-02 00:27:11.189091,Twitter,The plot in #Cinema made no sense. Avoid at all costs. https://example.com/link,#Cinema,652,126,112,57502,The plot in #Cinema made no sense. Avoid at all costs.,-0.0803,negative,890,1.5477453350259986
POST_01367,user_1608,2026-08-04 21:38:11.189091,Instagram,I fell asleep halfway through #Cinema.,#Blockbuster,498,64,42,35586,I fell asleep halfway through #Cinema.,0.0,neutral,604,1.6972489954196757
POST_01368,user_4773,2026-08-02 04:35:11.189091,Reddit,Worst ending ever. #Cinema completely ruined the franchise.,"#MovieRelease,#Blockbuster,#Cinema",1820,289,237,55796,Worst ending ever. #Cinema completely ruined the franchise.,-0.8173,negative,2346,4.204527125114253
POST_01369,user_1289,2026-07-20 07:31:11.189091,Instagram,Comparing the #GadgetReview with other models. https://example.com/link,#GadgetReview,2578,699,344,91986,Comparing the #GadgetReview with other models.,0.0,neutral,3621,3.936425799297727
POST_01370,user_2884,2026-07-23 00:12:11.189091,Twitter,"#Blockbuster had some decent moments, but overall average.","#MovieRelease,#Blockbuster,#Cinema",512,104,138,47143,"#Blockbuster had some decent moments, but overall average.",0.3506,positive,754,1.599355167147463
POST_01371,user_3458,2026-08-07 01:48:11.189091,Twitter,Watching the #ChampionshipGame with friends. Game is tied. https://example.com/link,"#SportsEvent,#Finals",904,324,240,35270,Watching the #ChampionshipGame with friends. Game is tied.,0.4767,positive,1468,4.162059482294237
POST_01372,user_1393,2026-07-20 16:40:11.189091,Twitter,Finally got my hands on the #TechLaunch device. Loving the battery life. 😍 @user_1393 ,#TechLaunch,466,186,119,10706,Finally got my hands on the #TechLaunch device. Loving the battery life.,0.5994,positive,771,7.200896609694592
POST_01373,user_3414,2026-08-03 23:44:11.189091,Twitter,Going to see #Cinema tonight. Hope it's good.,"#Blockbuster,#Cinema,#MovieRelease",3146,441,542,92887,Going to see #Cinema tonight. Hope it's good.,0.7003,positive,4129,4.445138230987856
POST_01374,user_3513,2026-07-17 06:01:11.189091,Instagram,Can't believe we lost the #SportsEvent. So heartbroken right now.,"#Finals,#SportsEvent,#ChampionshipGame",2873,844,144,50330,Can't believe we lost the #SportsEvent. So heartbroken right now.,-0.6735,negative,3861,7.671216546462419
POST_01375,user_3643,2026-07-28 20:26:11.189091,Twitter,Will wait for the reviews before buying the #TechLaunch device. https://example.com/link,"#GadgetReview,#TechLaunch,#Smartphone2024",925,130,51,53175,Will wait for the reviews before buying the #TechLaunch device.,0.0,neutral,1106,2.0798856627049798
POST_01376,user_2960,2026-07-25 06:36:11.189091,Instagram,Terrible customer service when I tried to return my #Smartphone2024. Never again. @user_2960 ,"#GadgetReview,#Smartphone2024",4296,449,652,72011,Terrible customer service when I tried to return my #Smartphone2024. Never again.,-0.4767,negative,5397,7.494584235960673
POST_01377,user_386,2026-08-07 21:33:11.189091,Twitter,Not worth the upgrade. #TechLaunch is just a rehash of last year's model.,"#TechLaunch,#GadgetReview",511,133,63,5640,Not worth the upgrade. #TechLaunch is just a rehash of last year's model.,-0.1695,negative,707,12.533238787449033
POST_01378,user_1707,2026-08-02 09:16:11.189091,Reddit,What a waste of time. #Cinema was completely boring. 🥱,"#Blockbuster,#Cinema,#MovieRelease",558,151,105,12435,What a waste of time. #Cinema was completely boring.,-0.659,negative,814,6.545513026696686
POST_01379,user_4055,2026-07-25 17:30:11.189091,Reddit,What a waste of time. #Cinema was completely boring. 🥱 https://example.com/link,"#Blockbuster,#MovieRelease",1368,240,405,21999,What a waste of time. #Cinema was completely boring.,-0.659,negative,2013,9.15
POST_01380,user_757,2026-08-04 12:11:11.189091,Reddit,What a waste of time. #Blockbuster was completely boring. 🥱,"#Blockbuster,#Cinema",231,36,58,3419,What a waste of time. #Blockbuster was completely boring.,-0.1263,negative,325,9.502923976608187
POST_01381,user_2968,2026-08-10 05:31:11.189091,Instagram,The #Finals is pretty competitive this year.,"#SportsEvent,#Finals,#ChampionshipGame",1446,356,306,44541,The #Finals is pretty competitive this year.,0.5994,positive,2108,4.732611916842531
POST_01382,user_3625,2026-07-17 11:22:11.189091,Reddit,Can't believe we lost the #Finals. So heartbroken right now. https://example.com/link,"#ChampionshipGame,#Finals,#SportsEvent",308,53,51,27857,Can't believe we lost the #Finals. So heartbroken right now.,-0.6735,negative,412,1.478928853471175
POST_01383,user_2230,2026-08-05 04:06:11.189091,Instagram,Incredible display of skill at the #ChampionshipGame today.,"#Finals,#SportsEvent,#ChampionshipGame",7591,1390,1761,87904,Incredible display of skill at the #ChampionshipGame today.,0.0,neutral,10742,12.220010238325466
POST_01384,user_2787,2026-08-03 01:33:11.189091,Instagram,Incredible display of skill at the #ChampionshipGame today.,#Finals,2037,416,394,60914,Incredible display of skill at the #ChampionshipGame today.,0.0,neutral,2847,4.67372568332923
POST_01385,user_688,2026-08-02 15:35:11.189091,Twitter,"Wow, the screen on the #Smartphone2024 is stunning.","#TechLaunch,#GadgetReview",2285,868,573,52051,"Wow, the screen on the #Smartphone2024 is stunning.",0.7506,positive,3726,7.15822638899562
POST_01386,user_3707,2026-08-05 07:25:11.189091,Instagram,Just saw the specs for the #TechLaunch phone. They seem okay. https://example.com/link,"#GadgetReview,#Smartphone2024,#TechLaunch",2423,699,220,69743,Just saw the specs for the #TechLaunch phone. They seem okay.,0.2263,positive,3342,4.791810048176187
POST_01387,user_4864,2026-08-05 09:17:11.189091,Twitter,I was on the edge of my seat during #MovieRelease!,#MovieRelease,1237,143,145,27668,I was on the edge of my seat during #MovieRelease!,0.0,neutral,1525,5.511583360439481
POST_01388,user_4322,2026-08-08 17:55:11.189091,Twitter,What a waste of time. #MovieRelease was completely boring. 🥱,"#Cinema,#MovieRelease",1402,280,85,75267,What a waste of time. #MovieRelease was completely boring.,-0.659,negative,1767,2.3476112026359144
POST_01389,user_2523,2026-07-14 11:19:11.189091,Twitter,I was on the edge of my seat during #Blockbuster!,"#Blockbuster,#Cinema,#MovieRelease",3152,818,219,51032,I was on the edge of my seat during #Blockbuster!,0.636,positive,4189,8.208414163384477
POST_01390,user_4037,2026-07-15 22:44:11.189091,Twitter,The battery life on this #GadgetReview is a joke. 🗑️,"#TechLaunch,#Smartphone2024",1237,481,151,41652,The battery life on this #GadgetReview is a joke.,0.296,positive,1869,4.487071759537129
POST_01391,user_3400,2026-07-20 12:03:11.189091,Reddit,Best #Smartphone2024 I have ever used. Highly recommend!,"#GadgetReview,#Smartphone2024",3103,543,860,73442,Best #Smartphone2024 I have ever used. Highly recommend!,0.8066,positive,4506,6.135370287161472
POST_01392,user_3757,2026-07-23 04:47:11.189091,Twitter,Going to see #MovieRelease tonight. Hope it's good.,"#Cinema,#Blockbuster",2540,554,321,94233,Going to see #MovieRelease tonight. Hope it's good.,0.7003,positive,3415,3.6239573826856546
POST_01393,user_1551,2026-07-28 17:35:11.189091,Instagram,What a thrilling finish to the #ChampionshipGame! Unbelievable! 🏆🔥,#SportsEvent,2693,491,182,82527,What a thrilling finish to the #ChampionshipGame! Unbelievable!,0.6688,positive,3366,4.078615742535867
POST_01394,user_1828,2026-08-09 00:00:11.189091,Twitter,Can't stop thinking about that game winning play at the #Finals! @user_1828 ,#SportsEvent,2006,387,477,46808,Can't stop thinking about that game winning play at the #Finals!,0.7894,positive,2870,6.1312995364139375
POST_01395,user_4077,2026-07-25 03:59:11.189091,Reddit,Can't believe we lost the #ChampionshipGame. So heartbroken right now.,#SportsEvent,3526,1385,816,99493,Can't believe we lost the #ChampionshipGame. So heartbroken right now.,-0.6735,negative,5727,5.75612599754759
POST_01396,user_4788,2026-07-31 07:29:11.189091,Instagram,Terrible customer service when I tried to return my #GadgetReview. Never again.,"#TechLaunch,#Smartphone2024",2597,572,312,97031,Terrible customer service when I tried to return my #GadgetReview. Never again.,-0.4767,negative,3481,3.5874762964795117
POST_01397,user_2949,2026-07-18 01:55:11.189091,Twitter,"Wow, the screen on the #Smartphone2024 is stunning.","#Smartphone2024,#TechLaunch",2568,998,501,43068,"Wow, the screen on the #Smartphone2024 is stunning.",0.7506,positive,4067,9.442986835078594
POST_01398,user_3760,2026-07-24 16:23:11.189091,Reddit,Worst ending ever. #Cinema completely ruined the franchise.,"#Cinema,#Blockbuster",1250,301,278,25757,Worst ending ever. #Cinema completely ruined the franchise.,-0.8173,negative,1829,7.100706576597562
POST_01399,user_4220,2026-07-25 06:13:11.189091,Reddit,"Wow, the screen on the #Smartphone2024 is stunning. @user_4220 ",#Smartphone2024,7646,1071,1532,83566,"Wow, the screen on the #Smartphone2024 is stunning.",0.7506,positive,10249,12.264410592698075
POST_01400,user_3182,2026-07-20 00:34:11.189091,Twitter,My team finally won the #Finals! Best day ever!,#ChampionshipGame,2224,267,630,99094,My team finally won the #Finals! Best day ever!,0.8585,positive,3121,3.1495030021696353
POST_01401,user_338,2026-07-29 21:29:11.189091,Twitter,Just saw the specs for the #TechLaunch phone. They seem okay.,"#Smartphone2024,#TechLaunch",75,29,17,6229,Just saw the specs for the #TechLaunch phone. They seem okay.,0.2263,positive,121,1.9422150882825042
POST_01402,user_302,2026-08-04 01:18:11.189091,Reddit,Getting snacks ready for the #ChampionshipGame.,#Finals,2044,302,117,82421,Getting snacks ready for the #ChampionshipGame.,0.3612,positive,2463,2.9882798282012084
POST_01403,user_2543,2026-07-20 09:56:11.189091,Instagram,Getting snacks ready for the #Finals.,"#ChampionshipGame,#SportsEvent",3234,490,226,74359,Getting snacks ready for the #Finals.,0.3612,positive,3950,5.311995696611081
POST_01404,user_3118,2026-08-09 17:54:11.189091,Twitter,Anyone getting the new #GadgetReview? I can't decide. @user_3118 ,#TechLaunch,3121,1011,818,80851,Anyone getting the new #GadgetReview? I can't decide.,0.0,neutral,4950,6.122297531291743
POST_01405,user_1914,2026-07-18 19:49:11.189091,Reddit,Best #Smartphone2024 I have ever used. Highly recommend! https://example.com/link,"#GadgetReview,#Smartphone2024",97,23,19,2652,Best #Smartphone2024 I have ever used. Highly recommend!,0.8066,positive,139,5.2393516773464
POST_01406,user_1982,2026-08-05 00:43:11.189091,Reddit,The plot in #Cinema made no sense. Avoid at all costs.,"#Blockbuster,#Cinema",731,123,83,8233,The plot in #Cinema made no sense. Avoid at all costs.,-0.0803,negative,937,11.379645372844305
POST_01407,user_2360,2026-07-18 05:35:11.189091,Instagram,Best #Smartphone2024 I have ever used. Highly recommend!,"#Smartphone2024,#GadgetReview",1419,497,182,24970,Best #Smartphone2024 I have ever used. Highly recommend!,0.8066,positive,2098,8.401746025389452
POST_01408,user_2880,2026-08-03 21:48:11.189091,Reddit,Just watched the new #MovieRelease. Best movie of the year! 🍿🎬,"#Blockbuster,#Cinema",5801,1613,1133,69410,Just watched the new #MovieRelease. Best movie of the year!,0.6696,positive,8547,12.313610234689026
POST_01409,user_1660,2026-07-27 16:17:11.189091,Instagram,Terrible refereeing ruined the #Finals. Absolutely rigged. 🗑️,#Finals,2159,637,246,36081,Terrible refereeing ruined the #Finals. Absolutely rigged.,-0.8399,negative,3042,8.430796519039964
POST_01410,user_2436,2026-07-11 17:14:11.189091,Instagram,Incredible performance by the lead actor in #MovieRelease! A must watch!,"#Cinema,#MovieRelease,#Blockbuster",439,101,56,83848,Incredible performance by the lead actor in #MovieRelease! A must watch!,0.0,neutral,596,0.7108015599470476
POST_01411,user_729,2026-07-19 11:57:11.189091,Reddit,Comparing the #Smartphone2024 with other models.,"#TechLaunch,#Smartphone2024",2035,470,556,85988,Comparing the #Smartphone2024 with other models.,0.0,neutral,3061,3.5597576434195073
POST_01412,user_16,2026-07-24 22:45:11.189091,Instagram,Can't believe we lost the #Finals. So heartbroken right now. https://example.com/link,"#SportsEvent,#Finals",2966,418,840,57798,Can't believe we lost the #Finals. So heartbroken right now.,-0.6735,negative,4224,7.308084914963926
POST_01413,user_2808,2026-08-02 17:21:11.189091,Reddit,Worst performance by my team in the #Finals. Embarrassing.,"#Finals,#ChampionshipGame",3661,473,590,57120,Worst performance by my team in the #Finals. Embarrassing.,-0.7717,negative,4724,8.270163337476585
POST_01414,user_2260,2026-07-24 03:18:11.189091,Reddit,Not worth the upgrade. #Smartphone2024 is just a rehash of last year's model.,"#GadgetReview,#TechLaunch",3501,431,687,73381,Not worth the upgrade. #Smartphone2024 is just a rehash of last year's model.,-0.1695,negative,4619,6.294459131667167
POST_01415,user_167,2026-08-11 06:04:11.189091,Reddit,"#Cinema had some decent moments, but overall average.","#Blockbuster,#MovieRelease,#Cinema",1629,169,116,70687,"#Cinema had some decent moments, but overall average.",0.0,neutral,1914,2.7076731552738798
POST_01416,user_2112,2026-07-19 03:09:11.189091,Instagram,Can't believe we lost the #ChampionshipGame. So heartbroken right now.,#ChampionshipGame,3862,1322,952,71275,Can't believe we lost the #ChampionshipGame. So heartbroken right now.,-0.6735,negative,6136,8.608788371962511
POST_01417,user_2447,2026-07-23 00:09:11.189091,Reddit,My team finally won the #SportsEvent! Best day ever!,"#Finals,#ChampionshipGame,#SportsEvent",3942,635,741,41074,My team finally won the #SportsEvent! Best day ever!,0.8585,positive,5318,12.947048082775412
POST_01418,user_4046,2026-07-15 02:52:11.189091,Twitter,The battery life on this #TechLaunch is a joke. 🗑️ https://example.com/link,"#Smartphone2024,#TechLaunch",4442,1358,1162,96557,The battery life on this #TechLaunch is a joke.,0.296,positive,6962,7.210174195820129
POST_01419,user_4334,2026-08-05 06:14:11.189091,Twitter,Just watched the new #MovieRelease. Best movie of the year! 🍿🎬 https://example.com/link,"#Cinema,#MovieRelease",3384,1066,211,49276,Just watched the new #MovieRelease. Best movie of the year!,0.6696,positive,4661,9.458773870162549
POST_01420,user_959,2026-08-10 05:08:11.189091,Reddit,Worst ending ever. #MovieRelease completely ruined the franchise.,"#Blockbuster,#MovieRelease,#Cinema",744,201,65,13824,Worst ending ever. #MovieRelease completely ruined the franchise.,-0.8173,negative,1010,7.305605786618445
POST_01421,user_3503,2026-07-14 13:52:11.189091,Reddit,What a waste of time. #Cinema was completely boring. 🥱,"#MovieRelease,#Blockbuster",752,163,191,17200,What a waste of time. #Cinema was completely boring.,-0.659,negative,1106,6.429858729143654
POST_01422,user_1469,2026-07-13 22:31:11.189091,Twitter,I fell asleep halfway through #Blockbuster.,"#MovieRelease,#Cinema,#Blockbuster",5206,569,1414,51857,I fell asleep halfway through #Blockbuster.,0.5994,positive,7189,13.862856261329014
POST_01423,user_1850,2026-07-12 15:49:11.189091,Twitter,Finally got my hands on the #TechLaunch device. Loving the battery life. 😍 @user_1850 ,#TechLaunch,2939,640,588,87993,Finally got my hands on the #TechLaunch device. Loving the battery life.,0.5994,positive,4167,4.735550151146669
POST_01424,user_2911,2026-08-08 12:32:11.189091,Instagram,Incredible performance by the lead actor in #MovieRelease! A must watch! @user_2911 ,"#Blockbuster,#Cinema,#MovieRelease",441,91,80,26378,Incredible performance by the lead actor in #MovieRelease! A must watch!,0.0,neutral,612,2.320027294438758
POST_01425,user_2425,2026-07-23 02:33:11.189091,Reddit,Incredible performance by the lead actor in #Blockbuster! A must watch!,"#Blockbuster,#Cinema",184,35,26,7227,Incredible performance by the lead actor in #Blockbuster! A must watch!,0.6688,positive,245,3.389596015495296
POST_01426,user_4805,2026-07-12 13:49:11.189091,Twitter,Worst ending ever. #MovieRelease completely ruined the franchise. @user_4805  https://example.com/link,#Blockbuster,4849,828,423,56524,Worst ending ever. #MovieRelease completely ruined the franchise.,-0.8173,negative,6100,10.791685095090669
POST_01427,user_2506,2026-08-05 13:27:11.189091,Instagram,I fell asleep halfway through #Blockbuster.,#Cinema,1149,396,207,62941,I fell asleep halfway through #Blockbuster.,0.5994,positive,1752,2.783514982046964
POST_01428,user_3313,2026-08-09 13:04:11.189091,Twitter,Just saw the specs for the #TechLaunch phone. They seem okay.,"#Smartphone2024,#TechLaunch",2893,1041,496,97426,Just saw the specs for the #TechLaunch phone. They seem okay.,0.2263,positive,4430,4.546994159729849
POST_01429,user_1367,2026-08-09 03:36:11.189091,Reddit,Will wait for the reviews before buying the #Smartphone2024 device.,"#TechLaunch,#Smartphone2024",2687,1034,585,89837,Will wait for the reviews before buying the #Smartphone2024 device.,0.0,neutral,4306,4.79307197399764
POST_01430,user_4144,2026-07-15 14:14:11.189091,Instagram,Not worth the upgrade. #Smartphone2024 is just a rehash of last year's model.,"#TechLaunch,#Smartphone2024,#GadgetReview",639,162,47,36478,Not worth the upgrade. #Smartphone2024 is just a rehash of last year's model.,-0.1695,negative,848,2.3246251267852736
POST_01431,user_1532,2026-08-11 02:36:11.189091,Reddit,Incredible display of skill at the #Finals today.,"#ChampionshipGame,#SportsEvent",311,77,62,17956,Incredible display of skill at the #Finals today.,0.0,neutral,450,2.505986523361363
POST_01432,user_867,2026-07-13 07:53:11.189091,Reddit,My team finally won the #ChampionshipGame! Best day ever! https://example.com/link,"#Finals,#ChampionshipGame,#SportsEvent",618,213,118,79843,My team finally won the #ChampionshipGame! Best day ever!,0.8585,positive,949,1.188567707028706
POST_01433,user_4814,2026-07-24 10:36:11.189091,Reddit,"#MovieRelease had some decent moments, but overall average. @user_4814 ","#Blockbuster,#MovieRelease",293,43,39,29053,"#MovieRelease had some decent moments, but overall average.",0.0,neutral,375,1.2907000757210711
POST_01434,user_2253,2026-07-12 20:27:11.189091,Instagram,Worst ending ever. #Cinema completely ruined the franchise.,"#Cinema,#MovieRelease,#Blockbuster",2432,875,589,84400,Worst ending ever. #Cinema completely ruined the franchise.,-0.8173,negative,3896,4.61605905143304
POST_01435,user_1452,2026-07-25 07:03:11.189091,Reddit,The #ChampionshipGame is pretty competitive this year.,"#SportsEvent,#ChampionshipGame",1772,654,312,83874,The #ChampionshipGame is pretty competitive this year.,0.5994,positive,2738,3.264381520119225
POST_01436,user_4386,2026-07-27 17:16:11.189091,Reddit,Watching the #SportsEvent with friends. Game is tied.,"#Finals,#ChampionshipGame,#SportsEvent",3649,849,373,96682,Watching the #SportsEvent with friends. Game is tied.,0.4767,positive,4871,5.038114249661264
POST_01437,user_692,2026-07-22 19:54:11.189091,Twitter,The broadcast quality for the #ChampionshipGame is awful. 😡 https://example.com/link,#SportsEvent,3056,851,463,37938,The broadcast quality for the #ChampionshipGame is awful.,-0.4588,negative,4370,11.518490207965417
POST_01438,user_1672,2026-08-03 23:16:11.189091,Twitter,Will wait for the reviews before buying the #Smartphone2024 device. @user_1672 ,#GadgetReview,479,48,99,17107,Will wait for the reviews before buying the #Smartphone2024 device.,0.0,neutral,626,3.6591068505962125
POST_01439,user_1571,2026-08-09 16:13:11.189091,Twitter,Best #Smartphone2024 I have ever used. Highly recommend!,"#GadgetReview,#TechLaunch,#Smartphone2024",2515,328,603,47134,Best #Smartphone2024 I have ever used. Highly recommend!,0.8066,positive,3446,7.310915455606237
POST_01440,user_3551,2026-07-14 19:57:11.189091,Instagram,Watching the #SportsEvent with friends. Game is tied.,"#Finals,#SportsEvent",2148,340,139,78281,Watching the #SportsEvent with friends. Game is tied.,0.4767,positive,2627,3.35581615186122
POST_01441,user_3467,2026-07-29 23:38:11.189091,Instagram,Going to see #MovieRelease tonight. Hope it's good. https://example.com/link,"#Blockbuster,#Cinema",2219,735,502,56503,Going to see #MovieRelease tonight. Hope it's good.,0.7003,positive,3456,6.116381141158148
POST_01442,user_1764,2026-08-07 17:07:11.189091,Reddit,Extremely disappointed with the #TechLaunch phone. Overheating issues are terrible. 😡,"#Smartphone2024,#TechLaunch,#GadgetReview",1216,424,321,98026,Extremely disappointed with the #TechLaunch phone. Overheating issues are terrible.,-0.7574,negative,1961,2.000469258469605
POST_01443,user_4105,2026-07-28 20:29:11.189091,Instagram,Watching the #ChampionshipGame with friends. Game is tied.,"#ChampionshipGame,#Finals",1279,203,212,60453,Watching the #ChampionshipGame with friends. Game is tied.,0.4767,positive,1694,2.802130545538757
POST_01444,user_1760,2026-07-16 18:35:11.189091,Instagram,Extremely disappointed with the #TechLaunch phone. Overheating issues are terrible. 😡 https://example.com/link,"#TechLaunch,#GadgetReview",17,2,2,5295,Extremely disappointed with the #TechLaunch phone. Overheating issues are terrible.,-0.7574,negative,21,0.39652567975830816
POST_01445,user_130,2026-07-29 11:05:11.189091,Instagram,What a thrilling finish to the #SportsEvent! Unbelievable! 🏆🔥,"#ChampionshipGame,#SportsEvent,#Finals",110,29,27,1476,What a thrilling finish to the #SportsEvent! Unbelievable!,0.6688,positive,166,11.23899796885579
POST_01446,user_3810,2026-07-14 21:23:11.189091,Instagram,"Wow, the screen on the #GadgetReview is stunning.","#GadgetReview,#Smartphone2024,#TechLaunch",1517,606,446,81246,"Wow, the screen on the #GadgetReview is stunning.",0.7506,positive,2569,3.161962903245658
POST_01447,user_73,2026-07-27 12:44:11.189091,Instagram,Will wait for the reviews before buying the #TechLaunch device.,#Smartphone2024,3138,926,247,77025,Will wait for the reviews before buying the #TechLaunch device.,0.0,neutral,4311,5.5968114662581465
POST_01448,user_1988,2026-07-19 07:47:11.189091,Reddit,Extremely disappointed with the #GadgetReview phone. Overheating issues are terrible. 😡 https://example.com/link,#TechLaunch,123,15,24,1131,Extremely disappointed with the #GadgetReview phone. Overheating issues are terrible.,-0.7574,negative,162,14.310954063604239
POST_01449,user_3352,2026-07-18 16:25:11.189091,Instagram,My team finally won the #Finals! Best day ever!,"#Finals,#ChampionshipGame,#SportsEvent",2092,616,200,47386,My team finally won the #Finals! Best day ever!,0.8585,positive,2908,6.136704159368604
POST_01450,user_331,2026-07-31 19:32:11.189091,Reddit,Incredible display of skill at the #ChampionshipGame today.,"#Finals,#SportsEvent,#ChampionshipGame",771,263,116,52821,Incredible display of skill at the #ChampionshipGame today.,0.0,neutral,1150,2.177123168376813
POST_01451,user_696,2026-07-31 14:35:11.189091,Instagram,The #Finals is pretty competitive this year. https://example.com/link,"#SportsEvent,#ChampionshipGame,#Finals",9,1,2,374,The #Finals is pretty competitive this year.,0.5994,positive,12,3.2
POST_01452,user_1749,2026-07-12 01:12:11.189091,Twitter,The battery life on this #Smartphone2024 is a joke. 🗑️,"#Smartphone2024,#GadgetReview,#TechLaunch",549,101,152,38014,The battery life on this #Smartphone2024 is a joke.,0.296,positive,802,2.1096935420228857
POST_01453,user_2320,2026-07-14 06:39:11.189091,Reddit,The new #Smartphone2024 phone is absolutely amazing! The camera is unreal! 📱✨ @user_2320  https://example.com/link,"#TechLaunch,#Smartphone2024",6432,1459,934,79734,The new #Smartphone2024 phone is absolutely amazing! The camera is unreal!,0.6885,positive,8825,11.067912460023829
POST_01454,user_1696,2026-07-18 14:06:11.189091,Instagram,Terrible customer service when I tried to return my #Smartphone2024. Never again.,"#Smartphone2024,#GadgetReview,#TechLaunch",2313,777,242,33126,Terrible customer service when I tried to return my #Smartphone2024. Never again.,-0.4767,negative,3332,10.058260633320252
POST_01455,user_4706,2026-08-09 11:01:11.189091,Instagram,Just watched the new #Cinema. Best movie of the year! 🍿🎬 @user_4706 ,#Blockbuster,4687,963,814,62757,Just watched the new #Cinema. Best movie of the year!,0.6696,positive,6464,10.299882086745912
POST_01456,user_2975,2026-07-14 14:43:11.189091,Instagram,What a waste of time. #MovieRelease was completely boring. 🥱,#Blockbuster,2870,707,257,28448,What a waste of time. #MovieRelease was completely boring.,-0.659,negative,3834,13.476747864599812
POST_01457,user_2192,2026-07-28 15:28:11.189091,Reddit,The #Finals is pretty competitive this year.,"#SportsEvent,#ChampionshipGame,#Finals",1438,329,330,54834,The #Finals is pretty competitive this year.,0.5994,positive,2097,3.8241998723443054
POST_01458,user_2574,2026-08-02 09:36:11.189091,Reddit,The new #TechLaunch phone is absolutely amazing! The camera is unreal! 📱✨,#GadgetReview,2444,417,703,63061,The new #TechLaunch phone is absolutely amazing! The camera is unreal!,0.6885,positive,3564,5.6515809837937265
POST_01459,user_1061,2026-08-06 02:57:11.189091,Reddit,The plot in #MovieRelease made no sense. Avoid at all costs. https://example.com/link,"#Cinema,#MovieRelease",7524,2927,1419,73030,The plot in #MovieRelease made no sense. Avoid at all costs.,-0.0803,negative,11870,16.253371855787268
POST_01460,user_3025,2026-08-08 14:25:11.189091,Twitter,The plot in #Blockbuster made no sense. Avoid at all costs. @user_3025 ,#Blockbuster,2503,372,555,39587,The plot in #Blockbuster made no sense. Avoid at all costs.,0.5556,positive,3430,8.664241689400829
POST_01461,user_2997,2026-07-23 01:09:11.189091,Reddit,The visual effects in #Blockbuster blew my mind. 10/10.,#Cinema,355,84,41,6141,The visual effects in #Blockbuster blew my mind. 10/10.,0.5994,positive,480,7.8150439596222725
POST_01462,user_4510,2026-07-17 07:02:11.189091,Twitter,Worst ending ever. #MovieRelease completely ruined the franchise.,"#MovieRelease,#Cinema,#Blockbuster",351,133,20,23850,Worst ending ever. #MovieRelease completely ruined the franchise.,-0.8173,negative,504,2.1131189467946836
POST_01463,user_956,2026-07-11 17:30:11.189091,Reddit,Can't believe we lost the #ChampionshipGame. So heartbroken right now.,"#ChampionshipGame,#Finals,#SportsEvent",1462,519,85,75458,Can't believe we lost the #ChampionshipGame. So heartbroken right now.,-0.6735,negative,2066,2.7379106534674458
POST_01464,user_4491,2026-07-29 06:03:11.189091,Reddit,Finally got my hands on the #Smartphone2024 device. Loving the battery life. 😍,#GadgetReview,1465,551,258,63182,Finally got my hands on the #Smartphone2024 device. Loving the battery life.,0.5994,positive,2274,3.599069369925455
POST_01465,user_659,2026-07-31 18:37:11.189091,Reddit,Will wait for the reviews before buying the #Smartphone2024 device.,"#TechLaunch,#Smartphone2024,#GadgetReview",184,52,15,10085,Will wait for the reviews before buying the #Smartphone2024 device.,0.0,neutral,251,2.4885980567122745
POST_01466,user_2067,2026-08-03 02:10:11.189091,Twitter,"#Blockbuster had some decent moments, but overall average.",#Blockbuster,701,113,74,78134,"#Blockbuster had some decent moments, but overall average.",0.3506,positive,888,1.1364945287003263
POST_01467,user_2922,2026-08-07 05:26:11.189091,Reddit,Can't stop thinking about that game winning play at the #Finals!,"#Finals,#ChampionshipGame",271,63,44,32997,Can't stop thinking about that game winning play at the #Finals!,0.7894,positive,378,1.1455239711497667
POST_01468,user_3789,2026-07-27 03:55:11.189091,Twitter,Can't stop thinking about that game winning play at the #ChampionshipGame!,"#ChampionshipGame,#SportsEvent,#Finals",1566,490,89,87915,Can't stop thinking about that game winning play at the #ChampionshipGame!,0.7894,positive,2145,2.439828927612721
POST_01469,user_4285,2026-08-01 13:06:11.189091,Twitter,Terrible customer service when I tried to return my #TechLaunch. Never again.,"#Smartphone2024,#GadgetReview,#TechLaunch",125,48,31,58170,Terrible customer service when I tried to return my #TechLaunch. Never again.,-0.4767,negative,204,0.3506902064602637
POST_01470,user_2451,2026-07-23 04:40:11.189091,Twitter,The new #Smartphone2024 phone is absolutely amazing! The camera is unreal! 📱✨,"#Smartphone2024,#GadgetReview,#TechLaunch",3680,449,438,36974,The new #Smartphone2024 phone is absolutely amazing! The camera is unreal!,0.6885,positive,4567,12.351588911426639
POST_01471,user_1929,2026-07-28 05:57:11.189091,Reddit,Finally got my hands on the #TechLaunch device. Loving the battery life. 😍 https://example.com/link,#TechLaunch,1723,335,372,81420,Finally got my hands on the #TechLaunch device. Loving the battery life.,0.5994,positive,2430,2.984488031343265
POST_01472,user_2988,2026-07-17 17:07:11.189091,Reddit,Comparing the #GadgetReview with other models.,"#GadgetReview,#Smartphone2024,#TechLaunch",3842,941,654,82029,Comparing the #GadgetReview with other models.,0.0,neutral,5437,6.628062903815677
POST_01473,user_3042,2026-07-20 03:06:11.189091,Twitter,Just watched the new #Cinema. Best movie of the year! 🍿🎬,#Blockbuster,2591,730,603,52846,Just watched the new #Cinema. Best movie of the year!,0.6696,positive,3924,7.425208621113781
POST_01474,user_802,2026-08-03 17:55:11.189091,Reddit,Terrible customer service when I tried to return my #GadgetReview. Never again. https://example.com/link,#GadgetReview,1563,235,234,62633,Terrible customer service when I tried to return my #GadgetReview. Never again.,-0.4767,negative,2032,3.244244340134751
POST_01475,user_4152,2026-08-11 06:09:11.189091,Instagram,Finally got my hands on the #GadgetReview device. Loving the battery life. 😍,#TechLaunch,2739,464,506,72232,Finally got my hands on the #GadgetReview device. Loving the battery life.,0.5994,positive,3709,5.134772195533897
POST_01476,user_828,2026-07-27 10:23:11.189091,Reddit,Terrible refereeing ruined the #Finals. Absolutely rigged. 🗑️,"#ChampionshipGame,#Finals,#SportsEvent",2240,244,619,52886,Terrible refereeing ruined the #Finals. Absolutely rigged.,-0.8399,negative,3103,5.867226350520922
POST_01477,user_3311,2026-07-30 11:52:11.189091,Twitter,Watching #Cinema with my friends this weekend.,#MovieRelease,2894,563,169,61200,Watching #Cinema with my friends this weekend.,0.4767,positive,3626,5.924739791833467
POST_01478,user_2995,2026-07-16 18:25:11.189091,Instagram,"Tickets for #Cinema were expensive, hope it's worth it.","#Blockbuster,#Cinema,#MovieRelease",2404,530,315,48504,"Tickets for #Cinema were expensive, hope it's worth it.",0.5859,positive,3249,6.698278527986805
POST_01479,user_1957,2026-08-03 22:15:11.189091,Reddit,The new #TechLaunch phone is absolutely amazing! The camera is unreal! 📱✨,"#TechLaunch,#GadgetReview",427,155,91,31367,The new #TechLaunch phone is absolutely amazing! The camera is unreal!,0.6885,positive,673,2.1454985972966076
POST_01480,user_4319,2026-08-02 06:51:11.189091,Instagram,Extremely disappointed with the #TechLaunch phone. Overheating issues are terrible. 😡,"#TechLaunch,#GadgetReview,#Smartphone2024",4376,1627,531,58240,Extremely disappointed with the #TechLaunch phone. Overheating issues are terrible.,-0.7574,negative,6534,11.218900774368572
POST_01481,user_2675,2026-07-23 04:02:11.189091,Reddit,The broadcast quality for the #SportsEvent is awful. 😡,"#SportsEvent,#Finals",1269,162,155,33974,The broadcast quality for the #SportsEvent is awful.,-0.4588,negative,1586,4.668138337012509
POST_01482,user_951,2026-07-23 00:18:11.189091,Instagram,The visual effects in #MovieRelease blew my mind. 10/10. https://example.com/link,"#Cinema,#MovieRelease",2419,900,696,22765,The visual effects in #MovieRelease blew my mind. 10/10.,0.0,neutral,4015,17.635948344021788
POST_01483,user_121,2026-07-31 21:58:11.189091,Twitter,Getting snacks ready for the #SportsEvent. https://example.com/link,#SportsEvent,1271,192,229,34120,Getting snacks ready for the #SportsEvent.,0.3612,positive,1692,4.958823012221212
POST_01484,user_3959,2026-08-06 12:34:11.189091,Reddit,The broadcast quality for the #Finals is awful. 😡 @user_3959 ,#SportsEvent,9452,3246,2780,95172,The broadcast quality for the #Finals is awful.,-0.4588,negative,15478,16.263015771279672
POST_01485,user_2373,2026-08-05 13:24:11.189091,Twitter,The plot in #MovieRelease made no sense. Avoid at all costs. https://example.com/link,"#Blockbuster,#MovieRelease,#Cinema",1137,214,327,43849,The plot in #MovieRelease made no sense. Avoid at all costs.,-0.0803,negative,1678,3.8266818700114023
POST_01486,user_4319,2026-08-08 14:07:11.189091,Instagram,I was on the edge of my seat during #Blockbuster!,"#Blockbuster,#Cinema",1267,178,374,28119,I was on the edge of my seat during #Blockbuster!,0.636,positive,1819,6.468705547652916
POST_01487,user_517,2026-07-31 11:07:11.189091,Instagram,Terrible refereeing ruined the #Finals. Absolutely rigged. 🗑️,#ChampionshipGame,628,193,33,26079,Terrible refereeing ruined the #Finals. Absolutely rigged.,-0.8399,negative,854,3.2745398773006134
POST_01488,user_3983,2026-07-24 17:02:11.189091,Instagram,Just watched the new #Blockbuster. Best movie of the year! 🍿🎬,#MovieRelease,1550,429,96,68953,Just watched the new #Blockbuster. Best movie of the year!,0.8553,positive,2075,3.0092525451750443
POST_01489,user_3151,2026-07-14 11:25:11.189091,Twitter,Best #TechLaunch I have ever used. Highly recommend! @user_3151 ,"#Smartphone2024,#GadgetReview",1582,193,443,40972,Best #TechLaunch I have ever used. Highly recommend!,0.8066,positive,2218,5.4133209674663805
POST_01490,user_2917,2026-07-19 23:38:11.189091,Twitter,Watching #MovieRelease with my friends this weekend. https://example.com/link,#Blockbuster,1297,184,281,68618,Watching #MovieRelease with my friends this weekend.,0.4767,positive,1762,2.5678019207508127
POST_01491,user_4012,2026-07-12 11:38:11.189091,Twitter,Can't stop thinking about that game winning play at the #Finals! https://example.com/link,#ChampionshipGame,2445,292,436,77701,Can't stop thinking about that game winning play at the #Finals!,0.7894,positive,3173,4.083549972973668
POST_01492,user_1214,2026-08-05 05:42:11.189091,Instagram,The broadcast quality for the #SportsEvent is awful. 😡,"#Finals,#ChampionshipGame",6376,1379,1250,80327,The broadcast quality for the #SportsEvent is awful.,-0.4588,negative,9005,11.210287819938253
POST_01493,user_4927,2026-07-15 09:39:11.189091,Twitter,I fell asleep halfway through #MovieRelease.,"#MovieRelease,#Cinema",4013,1547,289,97113,I fell asleep halfway through #MovieRelease.,0.0,neutral,5849,6.022818543155467
POST_01494,user_3397,2026-07-30 10:56:11.189091,Instagram,The plot in #MovieRelease made no sense. Avoid at all costs.,#MovieRelease,5495,1352,1189,64545,The plot in #MovieRelease made no sense. Avoid at all costs.,-0.0803,negative,8036,12.450035633501688
POST_01495,user_3296,2026-07-31 10:55:11.189091,Reddit,Incredible performance by the lead actor in #MovieRelease! A must watch!,#MovieRelease,5399,1928,297,65891,Incredible performance by the lead actor in #MovieRelease! A must watch!,0.0,neutral,7624,11.570448612881686
POST_01496,user_3945,2026-07-30 06:50:11.189091,Reddit,Incredible display of skill at the #SportsEvent today.,#ChampionshipGame,919,239,162,24786,Incredible display of skill at the #SportsEvent today.,0.0,neutral,1320,5.325372170896034
POST_01497,user_3787,2026-07-16 18:37:11.189091,Reddit,What a thrilling finish to the #SportsEvent! Unbelievable! 🏆🔥,"#SportsEvent,#Finals",278,91,55,26554,What a thrilling finish to the #SportsEvent! Unbelievable!,0.6688,positive,424,1.5966861231406515
POST_01498,user_1633,2026-07-23 00:45:11.189091,Reddit,Comparing the #Smartphone2024 with other models.,"#GadgetReview,#Smartphone2024,#TechLaunch",38,14,9,11782,Comparing the #Smartphone2024 with other models.,0.0,neutral,61,0.5176949842994144
POST_01499,user_350,2026-08-11 13:33:11.189091,Twitter,Comparing the #Smartphone2024 with other models.,"#TechLaunch,#GadgetReview,#Smartphone2024",2076,695,174,66224,Comparing the #Smartphone2024 with other models.,0.0,neutral,2945,4.446961117402794
POST_01500,user_360,2026-07-30 01:01:11.189091,Twitter,The #SportsEvent is pretty competitive this year. @user_360  https://example.com/link,#Finals,1428,340,144,31247,The #SportsEvent is pretty competitive this year.,0.5994,positive,1912,6.11879160266257
POST_01501,user_535,2026-07-29 20:39:11.189091,Twitter,The broadcast quality for the #Finals is awful. 😡,"#ChampionshipGame,#SportsEvent",628,231,116,12832,The broadcast quality for the #Finals is awful.,-0.4588,negative,975,7.597599937660718
POST_01502,user_3793,2026-07-27 22:51:11.189091,Reddit,The visual effects in #Cinema blew my mind. 10/10. https://example.com/link,"#Blockbuster,#Cinema",1168,207,155,10350,The visual effects in #Cinema blew my mind. 10/10.,0.0,neutral,1530,14.781180562264515
POST_01503,user_3594,2026-08-04 18:30:11.189091,Twitter,Going to see #Cinema tonight. Hope it's good. https://example.com/link,"#Blockbuster,#Cinema",341,66,101,86654,Going to see #Cinema tonight. Hope it's good.,0.7003,positive,508,0.5862327621025908
POST_01504,user_4832,2026-07-14 12:52:11.189091,Instagram,"Wow, the screen on the #TechLaunch is stunning. https://example.com/link","#Smartphone2024,#TechLaunch",1149,174,188,68682,"Wow, the screen on the #TechLaunch is stunning.",0.7506,positive,1511,2.199962144926692
POST_01505,user_3276,2026-08-11 03:17:11.189091,Reddit,Incredible display of skill at the #SportsEvent today.,"#SportsEvent,#Finals,#ChampionshipGame",720,88,69,37235,Incredible display of skill at the #SportsEvent today.,0.0,neutral,877,2.3552476098399397
POST_01506,user_1874,2026-07-19 14:55:11.189091,Instagram,Terrible customer service when I tried to return my #GadgetReview. Never again. @user_1874 ,#TechLaunch,3714,533,283,91793,Terrible customer service when I tried to return my #GadgetReview. Never again.,-0.4767,negative,4530,4.9349630694816655
POST_01507,user_3444,2026-08-08 19:51:11.189091,Instagram,What a thrilling finish to the #ChampionshipGame! Unbelievable! 🏆🔥 https://example.com/link,"#ChampionshipGame,#SportsEvent",2757,1072,542,29536,What a thrilling finish to the #ChampionshipGame! Unbelievable!,0.6688,positive,4371,14.798388461929104
POST_01508,user_3811,2026-07-25 07:02:11.189091,Instagram,The broadcast quality for the #ChampionshipGame is awful. 😡,"#Finals,#ChampionshipGame,#SportsEvent",3201,1252,491,50434,The broadcast quality for the #ChampionshipGame is awful.,-0.4588,negative,4944,9.802716367601864
POST_01509,user_749,2026-07-21 02:47:11.189091,Reddit,I was on the edge of my seat during #Cinema!,"#Blockbuster,#Cinema,#MovieRelease",2369,819,501,40226,I was on the edge of my seat during #Cinema!,0.0,neutral,3689,9.170457652820245
POST_01510,user_269,2026-08-01 20:50:11.189091,Twitter,"Wow, the screen on the #GadgetReview is stunning.","#Smartphone2024,#GadgetReview,#TechLaunch",2048,420,614,53430,"Wow, the screen on the #GadgetReview is stunning.",0.7506,positive,3082,5.768187007542438
POST_01511,user_1530,2026-08-05 19:04:11.189091,Reddit,Just watched the new #Blockbuster. Best movie of the year! 🍿🎬,"#MovieRelease,#Cinema,#Blockbuster",359,110,76,28367,Just watched the new #Blockbuster. Best movie of the year!,0.8553,positive,545,1.9211787930062043
POST_01512,user_3260,2026-07-29 13:02:11.189091,Instagram,Incredible display of skill at the #Finals today.,"#SportsEvent,#Finals",3753,1105,356,74390,Incredible display of skill at the #Finals today.,0.0,neutral,5214,7.008912368431665
POST_01513,user_2292,2026-08-08 01:01:11.189091,Instagram,Watching #Blockbuster with my friends this weekend. @user_2292  https://example.com/link,"#MovieRelease,#Cinema,#Blockbuster",1107,425,90,77160,Watching #Blockbuster with my friends this weekend.,0.7906,positive,1622,2.1020982102357406
POST_01514,user_3899,2026-07-15 11:48:11.189091,Reddit,I was on the edge of my seat during #Blockbuster!,"#Cinema,#MovieRelease,#Blockbuster",39,11,5,14781,I was on the edge of my seat during #Blockbuster!,0.636,positive,55,0.3720741442294683
POST_01515,user_2987,2026-07-25 20:21:11.189091,Twitter,I fell asleep halfway through #Blockbuster.,"#Blockbuster,#MovieRelease,#Cinema",243,51,26,8064,I fell asleep halfway through #Blockbuster.,0.5994,positive,320,3.967761934283943
POST_01516,user_2309,2026-07-16 00:38:11.189091,Instagram,Best #Smartphone2024 I have ever used. Highly recommend! https://example.com/link,"#Smartphone2024,#TechLaunch,#GadgetReview",2877,1100,706,71709,Best #Smartphone2024 I have ever used. Highly recommend!,0.8066,positive,4683,6.53046994840329
POST_01517,user_2805,2026-07-24 10:09:11.189091,Twitter,Can't believe we lost the #SportsEvent. So heartbroken right now.,"#SportsEvent,#ChampionshipGame",408,50,28,28929,Can't believe we lost the #SportsEvent. So heartbroken right now.,-0.6735,negative,486,1.6799170411337712
POST_01518,user_420,2026-07-29 16:20:11.189091,Instagram,Just saw the specs for the #Smartphone2024 phone. They seem okay. https://example.com/link,"#Smartphone2024,#TechLaunch",728,178,159,46175,Just saw the specs for the #Smartphone2024 phone. They seem okay.,0.2263,positive,1065,2.3063929313929314
POST_01519,user_3474,2026-07-21 21:48:11.189091,Twitter,Can't believe we lost the #SportsEvent. So heartbroken right now. @user_3474 ,"#SportsEvent,#ChampionshipGame",813,155,48,82248,Can't believe we lost the #SportsEvent. So heartbroken right now.,-0.6735,negative,1016,1.2352733771839173
POST_01520,user_1558,2026-07-16 05:21:11.189091,Reddit,Extremely disappointed with the #GadgetReview phone. Overheating issues are terrible. 😡,#TechLaunch,394,97,85,66200,Extremely disappointed with the #GadgetReview phone. Overheating issues are terrible.,-0.7574,negative,576,0.8700774912765669
POST_01521,user_4294,2026-07-23 17:07:11.189091,Twitter,What a thrilling finish to the #ChampionshipGame! Unbelievable! 🏆🔥,"#Finals,#ChampionshipGame",4387,682,469,79353,What a thrilling finish to the #ChampionshipGame! Unbelievable!,0.6688,positive,5538,6.978854248053028
POST_01522,user_4984,2026-08-07 12:19:11.189091,Reddit,Worst performance by my team in the #ChampionshipGame. Embarrassing. @user_4984 ,"#Finals,#SportsEvent",2167,313,417,20470,Worst performance by my team in the #ChampionshipGame. Embarrassing.,-0.7717,negative,2897,14.151726833080943
POST_01523,user_1501,2026-07-20 21:02:11.189091,Instagram,The visual effects in #MovieRelease blew my mind. 10/10.,"#Blockbuster,#MovieRelease",1049,296,96,30121,The visual effects in #MovieRelease blew my mind. 10/10.,0.0,neutral,1441,4.783878892503818
POST_01524,user_4738,2026-07-13 10:51:11.189091,Instagram,Going to see #Cinema tonight. Hope it's good.,"#Blockbuster,#Cinema,#MovieRelease",257,96,64,96029,Going to see #Cinema tonight. Hope it's good.,0.7003,positive,417,0.4342393002186817
POST_01525,user_2703,2026-07-28 07:04:11.189091,Reddit,Going to see #Blockbuster tonight. Hope it's good.,#MovieRelease,1027,178,197,96407,Going to see #Blockbuster tonight. Hope it's good.,0.8658,positive,1402,1.454236162974027
POST_01526,user_2822,2026-08-03 22:45:11.189091,Twitter,Who do you think will win the #ChampionshipGame? @user_2822  https://example.com/link,"#SportsEvent,#ChampionshipGame,#Finals",1392,286,221,39962,Who do you think will win the #ChampionshipGame?,0.5859,positive,1899,4.75189550334059
POST_01527,user_3463,2026-07-21 11:42:11.189091,Reddit,Watching #Blockbuster with my friends this weekend.,"#Cinema,#MovieRelease",2766,964,431,61478,Watching #Blockbuster with my friends this weekend.,0.7906,positive,4161,6.768164739179232
POST_01528,user_4022,2026-07-24 05:15:11.189091,Instagram,Terrible customer service when I tried to return my #GadgetReview. Never again. @user_4022 ,#Smartphone2024,114,38,21,3807,Terrible customer service when I tried to return my #GadgetReview. Never again.,-0.4767,negative,173,4.543067226890756
POST_01529,user_487,2026-08-10 04:07:11.189091,Instagram,What a waste of time. #Cinema was completely boring. 🥱,"#Cinema,#Blockbuster,#MovieRelease",4104,1345,563,88233,What a waste of time. #Cinema was completely boring.,-0.659,negative,6012,6.813699934265703
POST_01530,user_3170,2026-07-31 23:01:11.189091,Reddit,Terrible refereeing ruined the #SportsEvent. Absolutely rigged. 🗑️ @user_3170 ,"#ChampionshipGame,#Finals,#SportsEvent",4564,987,728,66182,Terrible refereeing ruined the #SportsEvent. Absolutely rigged.,-0.8399,negative,6279,9.48733058338244
POST_01531,user_2582,2026-07-28 01:07:11.189091,Instagram,Going to see #Cinema tonight. Hope it's good.,"#Blockbuster,#MovieRelease,#Cinema",800,230,231,30286,Going to see #Cinema tonight. Hope it's good.,0.7003,positive,1261,4.163502492818702
POST_01532,user_1155,2026-08-05 16:22:11.189091,Instagram,Incredible display of skill at the #ChampionshipGame today.,"#SportsEvent,#ChampionshipGame",1712,507,479,44759,Incredible display of skill at the #ChampionshipGame today.,0.0,neutral,2698,6.027703306523682
POST_01533,user_3607,2026-07-15 20:52:11.189091,Reddit,Going to see #Cinema tonight. Hope it's good.,#MovieRelease,143,31,11,75574,Going to see #Cinema tonight. Hope it's good.,0.7003,positive,185,0.24478994376447238
POST_01534,user_913,2026-07-25 06:39:11.189091,Instagram,Just watched the new #MovieRelease. Best movie of the year! 🍿🎬,#MovieRelease,7223,1409,602,71093,Just watched the new #MovieRelease. Best movie of the year!,0.6696,positive,9234,12.988437842855937
POST_01535,user_112,2026-07-13 19:00:11.189091,Twitter,Not worth the upgrade. #TechLaunch is just a rehash of last year's model.,#GadgetReview,420,99,125,10784,Not worth the upgrade. #TechLaunch is just a rehash of last year's model.,-0.1695,negative,644,5.971256374594344
POST_01536,user_2463,2026-08-08 05:46:11.189091,Reddit,Terrible customer service when I tried to return my #GadgetReview. Never again.,"#TechLaunch,#GadgetReview,#Smartphone2024",5254,1328,866,59802,Terrible customer service when I tried to return my #GadgetReview. Never again.,-0.4767,negative,7448,12.454224704446265
POST_01537,user_3606,2026-07-27 07:30:11.189091,Instagram,What a thrilling finish to the #SportsEvent! Unbelievable! 🏆🔥 @user_3606 ,#SportsEvent,1583,587,446,14107,What a thrilling finish to the #SportsEvent! Unbelievable!,0.6688,positive,2616,18.54267082506379
POST_01538,user_2670,2026-08-08 11:01:11.189091,Twitter,My team finally won the #Finals! Best day ever! https://example.com/link,"#ChampionshipGame,#Finals,#SportsEvent",988,276,228,11877,My team finally won the #Finals! Best day ever!,0.8585,positive,1492,12.561037211651794
POST_01539,user_3508,2026-07-20 11:21:11.189091,Reddit,What a thrilling finish to the #Finals! Unbelievable! 🏆🔥,#ChampionshipGame,170,41,15,24170,What a thrilling finish to the #Finals! Unbelievable!,0.6688,positive,226,0.9350047577675726
POST_01540,user_2168,2026-07-23 17:07:11.189091,Instagram,Just watched the new #Cinema. Best movie of the year! 🍿🎬 https://example.com/link,"#Blockbuster,#Cinema,#MovieRelease",3452,677,704,86870,Just watched the new #Cinema. Best movie of the year!,0.6696,positive,4833,5.563421625168353
POST_01541,user_3732,2026-07-21 14:11:11.189091,Reddit,I fell asleep halfway through #Blockbuster. https://example.com/link,"#Blockbuster,#Cinema",1398,194,242,50960,I fell asleep halfway through #Blockbuster.,0.5994,positive,1834,3.5988304782088263
POST_01542,user_1929,2026-07-21 07:20:11.189091,Twitter,Going to see #Cinema tonight. Hope it's good. @user_1929 ,"#Cinema,#MovieRelease",26,2,3,11401,Going to see #Cinema tonight. Hope it's good.,0.7003,positive,31,0.2718821259428171
POST_01543,user_2486,2026-07-22 22:22:11.189091,Twitter,Watching the #Finals with friends. Game is tied.,#SportsEvent,3650,1157,658,80432,Watching the #Finals with friends. Game is tied.,0.4767,positive,5465,6.7944749045789665
POST_01544,user_4008,2026-08-05 13:31:11.189091,Instagram,The broadcast quality for the #ChampionshipGame is awful. 😡 https://example.com/link,#SportsEvent,970,135,101,22543,The broadcast quality for the #ChampionshipGame is awful.,-0.4588,negative,1206,5.349538679914833
POST_01545,user_1148,2026-07-21 03:45:11.189091,Reddit,Extremely disappointed with the #TechLaunch phone. Overheating issues are terrible. 😡,#TechLaunch,3739,1406,664,96518,Extremely disappointed with the #TechLaunch phone. Overheating issues are terrible.,-0.7574,negative,5809,6.018504128720769
POST_01546,user_1584,2026-07-15 00:10:11.189091,Twitter,Going to see #MovieRelease tonight. Hope it's good. @user_1584 ,#Cinema,3883,807,741,80274,Going to see #MovieRelease tonight. Hope it's good.,0.7003,positive,5431,6.765493615696045
POST_01547,user_4741,2026-08-06 01:36:11.189091,Instagram,The #SportsEvent is pretty competitive this year.,"#ChampionshipGame,#Finals,#SportsEvent",83,22,8,13268,The #SportsEvent is pretty competitive this year.,0.5994,positive,113,0.8516090134900897
POST_01548,user_2254,2026-08-11 10:46:11.189091,Twitter,What a thrilling finish to the #ChampionshipGame! Unbelievable! 🏆🔥 https://example.com/link,"#ChampionshipGame,#SportsEvent",5545,1550,1115,68011,What a thrilling finish to the #ChampionshipGame! Unbelievable!,0.6688,positive,8210,12.071399164853261
POST_01549,user_4400,2026-07-20 18:14:11.189091,Twitter,Getting snacks ready for the #ChampionshipGame. https://example.com/link,"#Finals,#ChampionshipGame",248,56,19,8941,Getting snacks ready for the #ChampionshipGame.,0.3612,positive,323,3.6121673003802277
POST_01550,user_2542,2026-07-31 15:36:11.189091,Instagram,What a waste of time. #Cinema was completely boring. 🥱,"#Cinema,#Blockbuster,#MovieRelease",473,123,26,56982,What a waste of time. #Cinema was completely boring.,-0.659,negative,622,1.0915536212554622
POST_01551,user_3702,2026-07-13 04:14:11.189091,Instagram,I fell asleep halfway through #Cinema. @user_3702 ,"#Blockbuster,#Cinema",3593,1280,805,82478,I fell asleep halfway through #Cinema.,0.0,neutral,5678,6.884176578280532
POST_01552,user_590,2026-08-02 23:51:11.189091,Twitter,Worst performance by my team in the #Finals. Embarrassing.,"#SportsEvent,#Finals",2050,395,390,27722,Worst performance by my team in the #Finals. Embarrassing.,-0.7717,negative,2835,10.22616599935072
POST_01553,user_762,2026-08-11 00:19:11.189091,Reddit,What a waste of time. #Blockbuster was completely boring. 🥱,"#MovieRelease,#Cinema,#Blockbuster",8217,2401,1874,81271,What a waste of time. #Blockbuster was completely boring.,-0.1263,negative,12492,15.370607343242446
POST_01554,user_1397,2026-07-13 00:21:11.189091,Instagram,What a waste of time. #Blockbuster was completely boring. 🥱,"#Cinema,#Blockbuster",2490,771,725,37595,What a waste of time. #Blockbuster was completely boring.,-0.1263,negative,3986,10.602191722523672
POST_01555,user_3770,2026-08-08 10:58:11.189091,Instagram,Getting snacks ready for the #SportsEvent.,"#Finals,#ChampionshipGame",2576,279,313,62500,Getting snacks ready for the #SportsEvent.,0.3612,positive,3168,5.0687189004975925
POST_01556,user_4917,2026-08-09 02:20:11.189091,Reddit,Anyone getting the new #GadgetReview? I can't decide.,"#TechLaunch,#Smartphone2024",24,6,1,22947,Anyone getting the new #GadgetReview? I can't decide.,0.0,neutral,31,0.13508802510022658
POST_01557,user_2717,2026-07-22 05:27:11.189091,Instagram,What a thrilling finish to the #ChampionshipGame! Unbelievable! 🏆🔥,"#Finals,#SportsEvent",8138,1732,568,80935,What a thrilling finish to the #ChampionshipGame! Unbelievable!,0.6688,positive,10438,12.896609666897302
POST_01558,user_660,2026-08-03 09:51:11.189091,Instagram,What a waste of time. #MovieRelease was completely boring. 🥱 @user_660 ,#Blockbuster,834,132,52,23875,What a waste of time. #MovieRelease was completely boring.,-0.659,negative,1018,4.263695761434076
POST_01559,user_2839,2026-07-23 15:05:11.189091,Instagram,Who do you think will win the #Finals?,"#Finals,#ChampionshipGame",1628,170,214,92930,Who do you think will win the #Finals?,0.5859,positive,2012,2.165047185546266
POST_01560,user_1749,2026-07-26 13:11:11.189091,Twitter,The new #GadgetReview phone is absolutely amazing! The camera is unreal! 📱✨,#Smartphone2024,1360,172,335,48509,The new #GadgetReview phone is absolutely amazing! The camera is unreal!,0.6885,positive,1867,3.848690991548134
POST_01561,user_2212,2026-07-20 23:07:11.189091,Reddit,Comparing the #Smartphone2024 with other models.,"#GadgetReview,#TechLaunch,#Smartphone2024",20,2,5,2568,Comparing the #Smartphone2024 with other models.,0.0,neutral,27,1.0509926041261193
POST_01562,user_1169,2026-07-31 07:25:11.189091,Instagram,Finally got my hands on the #GadgetReview device. Loving the battery life. 😍,#Smartphone2024,3675,806,302,56047,Finally got my hands on the #GadgetReview device. Loving the battery life.,0.5994,positive,4783,8.53375677990294
POST_01563,user_3654,2026-08-10 06:02:11.189091,Reddit,The broadcast quality for the #ChampionshipGame is awful. 😡,"#SportsEvent,#Finals",4033,801,468,56082,The broadcast quality for the #ChampionshipGame is awful.,-0.4588,negative,5302,9.45384519373072
POST_01564,user_1997,2026-07-23 04:33:11.189091,Reddit,Comparing the #TechLaunch with other models. https://example.com/link,"#Smartphone2024,#GadgetReview",1499,218,161,61414,Comparing the #TechLaunch with other models.,0.0,neutral,1878,3.057884881543597
POST_01565,user_4656,2026-07-16 03:26:11.189091,Twitter,What a thrilling finish to the #Finals! Unbelievable! 🏆🔥,"#ChampionshipGame,#SportsEvent",1045,348,259,33594,What a thrilling finish to the #Finals! Unbelievable!,0.6688,positive,1652,4.9173984223842835
POST_01566,user_4977,2026-07-28 00:36:11.189091,Instagram,Getting snacks ready for the #ChampionshipGame. https://example.com/link,"#ChampionshipGame,#Finals,#SportsEvent",2097,816,276,72909,Getting snacks ready for the #ChampionshipGame.,0.3612,positive,3189,4.373885612398848
POST_01567,user_2693,2026-08-01 03:39:11.189091,Reddit,Just saw the specs for the #TechLaunch phone. They seem okay. @user_2693 ,"#TechLaunch,#Smartphone2024",2415,387,284,73342,Just saw the specs for the #TechLaunch phone. They seem okay.,0.2263,positive,3086,4.207627176417654
POST_01568,user_408,2026-07-29 15:21:11.189091,Reddit,"#Cinema had some decent moments, but overall average.","#MovieRelease,#Cinema,#Blockbuster",1396,519,281,91462,"#Cinema had some decent moments, but overall average.",0.0,neutral,2196,2.4009708844013424
POST_01569,user_4698,2026-07-19 17:06:11.189091,Instagram,Going to see #Cinema tonight. Hope it's good.,"#Cinema,#Blockbuster",2670,993,683,55309,Going to see #Cinema tonight. Hope it's good.,0.7003,positive,4346,7.857530283854637
POST_01570,user_162,2026-07-27 20:26:11.189091,Reddit,The visual effects in #Blockbuster blew my mind. 10/10.,#MovieRelease,3273,745,410,38617,The visual effects in #Blockbuster blew my mind. 10/10.,0.5994,positive,4428,11.466155678699053
POST_01571,user_682,2026-08-10 19:57:11.189091,Instagram,Incredible display of skill at the #ChampionshipGame today.,#Finals,10437,2415,1964,97851,Incredible display of skill at the #ChampionshipGame today.,0.0,neutral,14816,15.141233699873277
POST_01572,user_3134,2026-08-05 12:09:11.189091,Twitter,The broadcast quality for the #ChampionshipGame is awful. 😡,"#Finals,#ChampionshipGame,#SportsEvent",1054,208,295,85198,The broadcast quality for the #ChampionshipGame is awful.,-0.4588,negative,1557,1.827486238101386
POST_01573,user_2216,2026-08-07 16:56:11.189091,Twitter,Just saw the specs for the #TechLaunch phone. They seem okay. @user_2216  https://example.com/link,"#Smartphone2024,#GadgetReview",1341,294,149,70881,Just saw the specs for the #TechLaunch phone. They seem okay.,0.2263,positive,1784,2.5168590051070794
POST_01574,user_1698,2026-07-17 02:27:11.189091,Instagram,"Tickets for #Cinema were expensive, hope it's worth it. https://example.com/link",#Blockbuster,2333,608,179,85340,"Tickets for #Cinema were expensive, hope it's worth it.",0.5859,positive,3120,3.6559215382992933
POST_01575,user_247,2026-07-25 23:11:11.189091,Reddit,Finally got my hands on the #Smartphone2024 device. Loving the battery life. 😍,"#GadgetReview,#TechLaunch,#Smartphone2024",397,113,94,6749,Finally got my hands on the #Smartphone2024 device. Loving the battery life.,0.5994,positive,604,8.948148148148148
POST_01576,user_4152,2026-08-02 08:52:11.189091,Twitter,What a thrilling finish to the #SportsEvent! Unbelievable! 🏆🔥,"#SportsEvent,#Finals,#ChampionshipGame",153,51,44,16110,What a thrilling finish to the #SportsEvent! Unbelievable!,0.6688,positive,248,1.5393209608342127
POST_01577,user_163,2026-07-19 13:14:11.189091,Instagram,Getting snacks ready for the #SportsEvent. @user_163  https://example.com/link,#SportsEvent,1016,319,113,29411,Getting snacks ready for the #SportsEvent.,0.3612,positive,1448,4.923160614715083
POST_01578,user_351,2026-08-05 04:51:11.189091,Twitter,What a waste of time. #Blockbuster was completely boring. 🥱,#Cinema,241,74,68,93044,What a waste of time. #Blockbuster was completely boring.,-0.1263,negative,383,0.4116287817722607
POST_01579,user_4784,2026-08-01 13:57:11.189091,Reddit,Just watched the new #Blockbuster. Best movie of the year! 🍿🎬 https://example.com/link,"#Cinema,#MovieRelease",4969,865,1412,82554,Just watched the new #Blockbuster. Best movie of the year!,0.8553,positive,7246,8.777178850463327
POST_01580,user_1707,2026-07-23 18:37:11.189091,Instagram,"Wow, the screen on the #GadgetReview is stunning. https://example.com/link","#Smartphone2024,#TechLaunch,#GadgetReview",2422,943,298,28277,"Wow, the screen on the #GadgetReview is stunning.",0.7506,positive,3663,12.953532781667729
POST_01581,user_4458,2026-07-15 01:54:11.189091,Instagram,"Wow, the screen on the #GadgetReview is stunning. @user_4458 ","#Smartphone2024,#TechLaunch",1832,344,420,83504,"Wow, the screen on the #GadgetReview is stunning.",0.7506,positive,2596,3.1087958804861984
POST_01582,user_585,2026-07-18 05:16:11.189091,Instagram,Incredible display of skill at the #SportsEvent today.,"#SportsEvent,#ChampionshipGame,#Finals",1044,208,150,15603,Incredible display of skill at the #SportsEvent today.,0.0,neutral,1402,8.984875672904383
POST_01583,user_3903,2026-07-16 22:59:11.189091,Reddit,My team finally won the #Finals! Best day ever!,#ChampionshipGame,979,266,105,23190,My team finally won the #Finals! Best day ever!,0.8585,positive,1350,5.821223750592902
POST_01584,user_2960,2026-08-10 18:36:11.189091,Twitter,Just saw the specs for the #GadgetReview phone. They seem okay.,"#GadgetReview,#Smartphone2024",3086,955,262,75059,Just saw the specs for the #GadgetReview phone. They seem okay.,0.2263,positive,4303,5.732747135624834
POST_01585,user_2493,2026-08-03 02:30:11.189091,Twitter,Terrible refereeing ruined the #ChampionshipGame. Absolutely rigged. 🗑️,"#Finals,#SportsEvent,#ChampionshipGame",218,82,39,33387,Terrible refereeing ruined the #ChampionshipGame. Absolutely rigged.,-0.8399,negative,339,1.0153348508446147
POST_01586,user_3092,2026-08-11 15:52:11.189091,Reddit,Just watched the new #Cinema. Best movie of the year! 🍿🎬,#MovieRelease,7995,2562,554,80011,Just watched the new #Cinema. Best movie of the year!,0.6696,positive,11111,13.886666999950007
POST_01587,user_755,2026-07-31 14:00:11.189091,Twitter,What a thrilling finish to the #ChampionshipGame! Unbelievable! 🏆🔥,#Finals,2606,893,150,22053,What a thrilling finish to the #ChampionshipGame! Unbelievable!,0.6688,positive,3649,16.545751337625827
POST_01588,user_2102,2026-07-18 11:45:11.189091,Reddit,"Tickets for #MovieRelease were expensive, hope it's worth it.",#Cinema,1243,231,139,65801,"Tickets for #MovieRelease were expensive, hope it's worth it.",0.5859,positive,1613,2.4512932737606756
POST_01589,user_1165,2026-08-06 12:01:11.189091,Instagram,Worst ending ever. #MovieRelease completely ruined the franchise.,"#MovieRelease,#Blockbuster,#Cinema",648,207,162,21205,Worst ending ever. #MovieRelease completely ruined the franchise.,-0.8173,negative,1017,4.795812505894558
POST_01590,user_2358,2026-08-09 00:07:11.189091,Reddit,Who do you think will win the #ChampionshipGame?,"#Finals,#ChampionshipGame",2163,656,595,50965,Who do you think will win the #ChampionshipGame?,0.5859,positive,3414,6.698583369305027
POST_01591,user_3865,2026-07-21 04:52:11.189091,Reddit,Will wait for the reviews before buying the #TechLaunch device.,#GadgetReview,3088,914,654,90377,Will wait for the reviews before buying the #TechLaunch device.,0.0,neutral,4656,5.151696209254465
POST_01592,user_127,2026-07-24 01:10:11.189091,Reddit,Anyone getting the new #TechLaunch? I can't decide.,"#TechLaunch,#Smartphone2024",529,103,94,48541,Anyone getting the new #TechLaunch? I can't decide.,0.0,neutral,726,1.495612047299246
POST_01593,user_971,2026-07-28 04:28:11.189091,Twitter,Watching #MovieRelease with my friends this weekend.,"#Cinema,#Blockbuster,#MovieRelease",1022,397,264,30524,Watching #MovieRelease with my friends this weekend.,0.4767,positive,1683,5.513513513513513
POST_01594,user_3663,2026-07-17 14:59:11.189091,Reddit,I was on the edge of my seat during #Cinema!,"#Blockbuster,#Cinema,#MovieRelease",3660,778,291,69999,I was on the edge of my seat during #Cinema!,0.0,neutral,4729,6.755714285714285
POST_01595,user_2887,2026-07-17 23:44:11.189091,Twitter,Worst ending ever. #MovieRelease completely ruined the franchise. @user_2887 ,#Cinema,6054,730,1317,96353,Worst ending ever. #MovieRelease completely ruined the franchise.,-0.8173,negative,8101,8.407538867094257
POST_01596,user_1170,2026-07-22 12:58:11.189091,Twitter,Incredible display of skill at the #ChampionshipGame today.,"#SportsEvent,#ChampionshipGame,#Finals",1764,407,370,49544,Incredible display of skill at the #ChampionshipGame today.,0.0,neutral,2541,5.128670905237663
POST_01597,user_2483,2026-08-07 12:26:11.189091,Reddit,Terrible customer service when I tried to return my #TechLaunch. Never again. https://example.com/link,#Smartphone2024,4294,817,323,62730,Terrible customer service when I tried to return my #TechLaunch. Never again.,-0.4767,negative,5434,8.66238382936666
POST_01598,user_4160,2026-07-20 17:06:11.189091,Instagram,"Wow, the screen on the #GadgetReview is stunning.","#Smartphone2024,#TechLaunch",2951,451,394,51403,"Wow, the screen on the #GadgetReview is stunning.",0.7506,positive,3796,7.38463932767878
POST_01599,user_741,2026-08-07 11:24:11.189091,Reddit,Going to see #Blockbuster tonight. Hope it's good.,"#Blockbuster,#MovieRelease",631,152,37,84267,Going to see #Blockbuster tonight. Hope it's good.,0.8658,positive,820,0.9730858688944796
POST_01600,user_2072,2026-07-20 23:58:11.189091,Instagram,What a thrilling finish to the #ChampionshipGame! Unbelievable! 🏆🔥,#SportsEvent,334,85,81,19031,What a thrilling finish to the #ChampionshipGame! Unbelievable!,0.6688,positive,500,2.6271542664985286
POST_01601,user_2926,2026-07-31 12:33:11.189091,Instagram,The broadcast quality for the #Finals is awful. 😡,"#ChampionshipGame,#SportsEvent,#Finals",33,10,9,8013,The broadcast quality for the #Finals is awful.,-0.4588,negative,52,0.6488644871474919
POST_01602,user_262,2026-08-07 01:42:11.189091,Twitter,Terrible customer service when I tried to return my #TechLaunch. Never again.,"#Smartphone2024,#GadgetReview",633,215,187,54817,Terrible customer service when I tried to return my #TechLaunch. Never again.,-0.4767,negative,1035,1.8880659637345396
POST_01603,user_3070,2026-07-12 06:19:11.189091,Instagram,Watching #MovieRelease with my friends this weekend.,"#Cinema,#MovieRelease,#Blockbuster",847,312,82,78534,Watching #MovieRelease with my friends this weekend.,0.4767,positive,1241,1.5801871776914749
POST_01604,user_1083,2026-08-02 13:43:11.189091,Twitter,What a thrilling finish to the #Finals! Unbelievable! 🏆🔥,#ChampionshipGame,11,3,0,3059,What a thrilling finish to the #Finals! Unbelievable!,0.6688,positive,14,0.4575163398692811
POST_01605,user_4761,2026-08-05 06:52:11.189091,Reddit,Finally got my hands on the #Smartphone2024 device. Loving the battery life. 😍,"#TechLaunch,#GadgetReview",4865,1477,1241,75816,Finally got my hands on the #Smartphone2024 device. Loving the battery life.,0.5994,positive,7583,10.0017146550246
POST_01606,user_350,2026-08-01 19:52:11.189091,Twitter,Can't believe we lost the #Finals. So heartbroken right now. @user_350 ,"#ChampionshipGame,#SportsEvent",605,85,160,60095,Can't believe we lost the #Finals. So heartbroken right now.,-0.6735,negative,850,1.4144036208732695
POST_01607,user_1287,2026-08-04 13:53:11.189091,Reddit,Watching #Blockbuster with my friends this weekend. @user_1287  https://example.com/link,"#Cinema,#Blockbuster",317,87,25,76063,Watching #Blockbuster with my friends this weekend.,0.7906,positive,429,0.5639987379049222
POST_01608,user_3450,2026-07-14 03:58:11.189091,Instagram,What a waste of time. #Cinema was completely boring. 🥱 @user_3450  https://example.com/link,"#Cinema,#Blockbuster",259,34,57,15944,What a waste of time. #Cinema was completely boring.,-0.659,negative,350,2.1950454687989964
POST_01609,user_4168,2026-08-03 18:34:11.189091,Reddit,Worst performance by my team in the #SportsEvent. Embarrassing.,"#Finals,#ChampionshipGame",20,2,1,8200,Worst performance by my team in the #SportsEvent. Embarrassing.,-0.7717,negative,23,0.2804536032191196
POST_01610,user_4926,2026-07-20 06:20:11.189091,Twitter,Watching #Cinema with my friends this weekend.,"#Cinema,#Blockbuster",1120,320,112,32778,Watching #Cinema with my friends this weekend.,0.4767,positive,1552,4.73473870465847
POST_01611,user_3723,2026-08-02 07:12:11.189091,Instagram,The new #TechLaunch phone is absolutely amazing! The camera is unreal! 📱✨,"#GadgetReview,#TechLaunch,#Smartphone2024",157,31,22,44594,The new #TechLaunch phone is absolutely amazing! The camera is unreal!,0.6885,positive,210,0.4709048099562731
POST_01612,user_3531,2026-08-10 01:32:11.189091,Instagram,My team finally won the #ChampionshipGame! Best day ever! @user_3531 ,"#Finals,#SportsEvent,#ChampionshipGame",2428,703,637,73639,My team finally won the #ChampionshipGame! Best day ever!,0.8585,positive,3768,5.116784356328083
POST_01613,user_3238,2026-07-17 16:26:11.189091,Instagram,What a waste of time. #MovieRelease was completely boring. 🥱,"#MovieRelease,#Cinema,#Blockbuster",6340,1634,583,69946,What a waste of time. #MovieRelease was completely boring.,-0.659,negative,8557,12.233548257966746
POST_01614,user_2638,2026-08-05 02:26:11.189091,Instagram,"Tickets for #Cinema were expensive, hope it's worth it. https://example.com/link","#MovieRelease,#Blockbuster,#Cinema",80,26,11,38858,"Tickets for #Cinema were expensive, hope it's worth it.",0.5859,positive,117,0.301088550914846
POST_01615,user_3655,2026-08-03 05:27:11.189091,Twitter,I was on the edge of my seat during #Blockbuster! https://example.com/link,#Blockbuster,1581,206,467,43409,I was on the edge of my seat during #Blockbuster!,0.636,positive,2254,5.192351992628427
POST_01616,user_207,2026-08-03 03:37:11.189091,Instagram,The broadcast quality for the #SportsEvent is awful. 😡,#SportsEvent,1890,247,498,74164,The broadcast quality for the #SportsEvent is awful.,-0.4588,negative,2635,3.5528888289624487
POST_01617,user_4456,2026-08-05 03:57:11.189091,Reddit,"Wow, the screen on the #GadgetReview is stunning.",#TechLaunch,2669,732,637,36135,"Wow, the screen on the #GadgetReview is stunning.",0.7506,positive,4038,11.174452069957937
POST_01618,user_774,2026-07-21 13:54:11.189091,Reddit,Just watched the new #Cinema. Best movie of the year! 🍿🎬,#Cinema,1077,371,229,40472,Just watched the new #Cinema. Best movie of the year!,0.6696,positive,1677,4.143503076124825
POST_01619,user_1294,2026-07-30 05:29:11.189091,Instagram,Going to see #Cinema tonight. Hope it's good. @user_1294 ,#Blockbuster,7,1,1,183,Going to see #Cinema tonight. Hope it's good.,0.7003,positive,9,4.891304347826087
POST_01620,user_1733,2026-08-07 18:53:11.189091,Reddit,I fell asleep halfway through #Cinema. @user_1733 ,"#Blockbuster,#Cinema,#MovieRelease",6317,2104,942,89632,I fell asleep halfway through #Cinema.,0.0,neutral,9363,10.445929512567915
POST_01621,user_4722,2026-08-01 13:04:11.189091,Reddit,Getting snacks ready for the #Finals.,"#ChampionshipGame,#SportsEvent",766,129,92,80832,Getting snacks ready for the #Finals.,0.3612,positive,987,1.221035963034899
POST_01622,user_3027,2026-07-22 14:13:11.189091,Reddit,Can't stop thinking about that game winning play at the #SportsEvent!,"#Finals,#ChampionshipGame",1300,504,230,32329,Can't stop thinking about that game winning play at the #SportsEvent!,0.7894,positive,2034,6.291370244355088
POST_01623,user_2767,2026-08-09 18:49:11.189091,Reddit,Terrible refereeing ruined the #Finals. Absolutely rigged. 🗑️,"#SportsEvent,#Finals",3744,930,683,40138,Terrible refereeing ruined the #Finals. Absolutely rigged.,-0.8399,negative,5357,13.346122225267196
POST_01624,user_2926,2026-07-14 04:24:11.189091,Instagram,Watching the #ChampionshipGame with friends. Game is tied. @user_2926 ,"#Finals,#ChampionshipGame,#SportsEvent",392,103,23,8491,Watching the #ChampionshipGame with friends. Game is tied.,0.4767,positive,518,6.099858690532265
POST_01625,user_752,2026-08-01 21:31:11.189091,Reddit,Just saw the specs for the #TechLaunch phone. They seem okay. https://example.com/link,"#GadgetReview,#TechLaunch",3105,618,451,82498,Just saw the specs for the #TechLaunch phone. They seem okay.,0.2263,positive,4174,5.059455266124438
POST_01626,user_3731,2026-08-08 03:38:11.189091,Twitter,Best #Smartphone2024 I have ever used. Highly recommend! https://example.com/link,#Smartphone2024,178,54,46,6554,Best #Smartphone2024 I have ever used. Highly recommend!,0.8066,positive,278,4.241037376048817
POST_01627,user_1249,2026-07-17 18:45:11.189091,Instagram,I fell asleep halfway through #Blockbuster. @user_1249 ,"#Cinema,#Blockbuster",950,312,269,37977,I fell asleep halfway through #Blockbuster.,0.5994,positive,1531,4.031281268102585
POST_01628,user_2760,2026-07-30 06:06:11.189091,Reddit,Incredible display of skill at the #Finals today.,#Finals,1020,235,303,17648,Incredible display of skill at the #Finals today.,0.0,neutral,1558,8.82769562014845
POST_01629,user_4500,2026-07-21 15:55:11.189091,Instagram,Getting snacks ready for the #ChampionshipGame.,"#SportsEvent,#ChampionshipGame,#Finals",8,2,0,1063,Getting snacks ready for the #ChampionshipGame.,0.3612,positive,10,0.9398496240601504
POST_01630,user_3656,2026-07-27 17:33:11.189091,Twitter,Anyone getting the new #Smartphone2024? I can't decide. https://example.com/link,"#TechLaunch,#GadgetReview",919,148,47,32096,Anyone getting the new #Smartphone2024? I can't decide.,0.0,neutral,1114,3.4707293516528024
POST_01631,user_1369,2026-08-07 07:38:11.189091,Twitter,Anyone getting the new #GadgetReview? I can't decide.,#Smartphone2024,2283,538,264,87321,Anyone getting the new #GadgetReview? I can't decide.,0.0,neutral,3085,3.5329012161883604
POST_01632,user_3495,2026-08-06 10:37:11.189091,Instagram,The plot in #Cinema made no sense. Avoid at all costs. https://example.com/link,"#Cinema,#MovieRelease",273,49,45,64787,The plot in #Cinema made no sense. Avoid at all costs.,-0.0803,negative,367,0.5664629252330678
POST_01633,user_1406,2026-08-07 02:19:11.189091,Twitter,"#Blockbuster had some decent moments, but overall average.",#Cinema,970,360,242,36520,"#Blockbuster had some decent moments, but overall average.",0.3506,positive,1572,4.304372826592919
POST_01634,user_2247,2026-07-17 20:03:11.189091,Instagram,Getting snacks ready for the #SportsEvent.,#SportsEvent,1881,400,283,46368,Getting snacks ready for the #SportsEvent.,0.3612,positive,2564,5.5295563846535405
POST_01635,user_3221,2026-08-04 13:13:11.189091,Twitter,What a thrilling finish to the #ChampionshipGame! Unbelievable! 🏆🔥 @user_3221 ,"#Finals,#ChampionshipGame,#SportsEvent",410,45,120,20266,What a thrilling finish to the #ChampionshipGame! Unbelievable!,0.6688,positive,575,2.83712438940149
POST_01636,user_1512,2026-07-18 21:38:11.189091,Instagram,What a thrilling finish to the #Finals! Unbelievable! 🏆🔥,"#SportsEvent,#ChampionshipGame,#Finals",1956,374,414,57226,What a thrilling finish to the #Finals! Unbelievable!,0.6688,positive,2744,4.794939451657434
POST_01637,user_2383,2026-08-08 23:45:11.189091,Instagram,Watching #MovieRelease with my friends this weekend. @user_2383  https://example.com/link,#Blockbuster,1126,229,299,31082,Watching #MovieRelease with my friends this weekend.,0.4767,positive,1654,5.321236688865296
POST_01638,user_4345,2026-08-01 01:54:11.189091,Instagram,Just watched the new #Cinema. Best movie of the year! 🍿🎬 @user_4345 ,#Cinema,3556,458,622,47309,Just watched the new #Cinema. Best movie of the year!,0.6696,positive,4636,9.799196787148594
POST_01639,user_2333,2026-08-07 08:28:11.189091,Instagram,Incredible performance by the lead actor in #Blockbuster! A must watch!,#Blockbuster,46,6,5,1223,Incredible performance by the lead actor in #Blockbuster! A must watch!,0.6688,positive,57,4.6568627450980395
POST_01640,user_3672,2026-07-13 20:26:11.189091,Instagram,The battery life on this #Smartphone2024 is a joke. 🗑️,"#TechLaunch,#Smartphone2024",593,207,146,11937,The battery life on this #Smartphone2024 is a joke.,0.296,positive,946,7.924275423018931
POST_01641,user_4767,2026-08-03 20:45:11.189091,Reddit,Incredible performance by the lead actor in #Cinema! A must watch! @user_4767  https://example.com/link,#Cinema,3561,644,190,66901,Incredible performance by the lead actor in #Cinema! A must watch!,0.0,neutral,4395,6.569310334519147
POST_01642,user_1445,2026-07-22 06:32:11.189091,Instagram,Finally got my hands on the #Smartphone2024 device. Loving the battery life. 😍,#TechLaunch,2055,696,121,77439,Finally got my hands on the #Smartphone2024 device. Loving the battery life.,0.5994,positive,2872,3.708677685950413
POST_01643,user_1519,2026-08-08 20:18:11.189091,Reddit,"Wow, the screen on the #GadgetReview is stunning.",#Smartphone2024,2350,886,596,24648,"Wow, the screen on the #GadgetReview is stunning.",0.7506,positive,3832,15.54626962554262
POST_01644,user_3274,2026-08-04 18:59:11.189091,Reddit,Watching #Cinema with my friends this weekend.,"#MovieRelease,#Cinema,#Blockbuster",91,11,22,2074,Watching #Cinema with my friends this weekend.,0.4767,positive,124,5.975903614457832
POST_01645,user_2572,2026-07-23 20:27:11.189091,Twitter,Who do you think will win the #SportsEvent?,"#ChampionshipGame,#Finals,#SportsEvent",132,20,28,61307,Who do you think will win the #SportsEvent?,0.5859,positive,180,0.2935995302407516
POST_01646,user_2415,2026-08-02 02:40:11.189091,Twitter,Incredible display of skill at the #ChampionshipGame today. https://example.com/link,"#SportsEvent,#Finals",1687,383,271,19793,Incredible display of skill at the #ChampionshipGame today.,0.0,neutral,2341,11.826816206931394
POST_01647,user_4849,2026-07-12 08:28:11.189091,Reddit,Incredible display of skill at the #Finals today.,"#Finals,#ChampionshipGame",481,79,75,34319,Incredible display of skill at the #Finals today.,0.0,neutral,635,1.8502331002331003
POST_01648,user_2232,2026-08-05 03:39:11.189091,Twitter,The broadcast quality for the #ChampionshipGame is awful. 😡,#Finals,2,0,0,777,The broadcast quality for the #ChampionshipGame is awful.,-0.4588,negative,2,0.2570694087403599
POST_01649,user_765,2026-07-14 12:37:11.189091,Instagram,Just watched the new #Cinema. Best movie of the year! 🍿🎬 https://example.com/link,"#MovieRelease,#Cinema,#Blockbuster",1420,566,356,68550,Just watched the new #Cinema. Best movie of the year!,0.6696,positive,2342,3.416434479438666
POST_01650,user_1856,2026-08-01 04:02:11.189091,Twitter,What a thrilling finish to the #Finals! Unbelievable! 🏆🔥,#SportsEvent,183,43,46,23287,What a thrilling finish to the #Finals! Unbelievable!,0.6688,positive,272,1.1679835108210237
POST_01651,user_4916,2026-07-31 07:59:11.189091,Instagram,Anyone getting the new #TechLaunch? I can't decide. https://example.com/link,"#TechLaunch,#GadgetReview,#Smartphone2024",1191,344,202,63693,Anyone getting the new #TechLaunch? I can't decide.,0.0,neutral,1737,2.7271014538261062
POST_01652,user_2410,2026-07-26 18:36:11.189091,Twitter,Terrible refereeing ruined the #ChampionshipGame. Absolutely rigged. 🗑️ https://example.com/link,"#ChampionshipGame,#SportsEvent",1892,235,215,79389,Terrible refereeing ruined the #ChampionshipGame. Absolutely rigged.,-0.8399,negative,2342,2.949993701977579
POST_01653,user_3851,2026-07-26 07:48:11.189091,Instagram,Best #TechLaunch I have ever used. Highly recommend! @user_3851 ,"#GadgetReview,#TechLaunch,#Smartphone2024",4887,1345,456,91805,Best #TechLaunch I have ever used. Highly recommend!,0.8066,positive,6688,7.284926911095136
POST_01654,user_1722,2026-07-27 23:24:11.189091,Twitter,Incredible performance by the lead actor in #Blockbuster! A must watch!,"#Cinema,#Blockbuster",468,116,108,24289,Incredible performance by the lead actor in #Blockbuster! A must watch!,0.6688,positive,692,2.8489090160559902
POST_01655,user_1633,2026-08-11 13:39:11.189091,Twitter,Worst ending ever. #MovieRelease completely ruined the franchise. @user_1633 ,"#Blockbuster,#MovieRelease",570,214,57,37905,Worst ending ever. #MovieRelease completely ruined the franchise.,-0.8173,negative,841,2.21864612462407
POST_01656,user_3073,2026-07-21 09:22:11.189091,Reddit,My team finally won the #Finals! Best day ever! @user_3073 ,"#ChampionshipGame,#SportsEvent,#Finals",1421,551,175,39325,My team finally won the #Finals! Best day ever!,0.8585,positive,2147,5.459492447744495
POST_01657,user_1321,2026-07-22 10:16:11.189091,Reddit,Extremely disappointed with the #TechLaunch phone. Overheating issues are terrible. 😡 @user_1321 ,#Smartphone2024,485,50,25,10395,Extremely disappointed with the #TechLaunch phone. Overheating issues are terrible.,-0.7574,negative,560,5.386687187379762
POST_01658,user_4615,2026-07-22 06:01:11.189091,Instagram,Worst ending ever. #MovieRelease completely ruined the franchise.,#Blockbuster,2502,665,445,32666,Worst ending ever. #MovieRelease completely ruined the franchise.,-0.8173,negative,3612,11.057030030305812
POST_01659,user_298,2026-07-14 21:41:11.189091,Reddit,What a waste of time. #Blockbuster was completely boring. 🥱,#Cinema,2456,342,535,57125,What a waste of time. #Blockbuster was completely boring.,-0.1263,negative,3333,5.834471168994853
POST_01660,user_792,2026-08-03 22:00:11.189091,Twitter,Watching #MovieRelease with my friends this weekend.,"#MovieRelease,#Blockbuster,#Cinema",2,0,0,2222,Watching #MovieRelease with my friends this weekend.,0.4767,positive,2,0.0899685110211426
POST_01661,user_4282,2026-07-14 10:58:11.189091,Twitter,The visual effects in #Cinema blew my mind. 10/10.,"#Cinema,#Blockbuster,#MovieRelease",5898,1886,1161,65558,The visual effects in #Cinema blew my mind. 10/10.,0.0,neutral,8945,13.644198355679618
POST_01662,user_3229,2026-08-07 23:45:11.189091,Twitter,Watching the #ChampionshipGame with friends. Game is tied. https://example.com/link,"#SportsEvent,#ChampionshipGame,#Finals",427,62,120,91297,Watching the #ChampionshipGame with friends. Game is tied.,0.4767,positive,609,0.6670463756051611
POST_01663,user_303,2026-07-30 12:04:11.189091,Instagram,The plot in #Blockbuster made no sense. Avoid at all costs. @user_303 ,"#MovieRelease,#Blockbuster,#Cinema",4479,926,817,70109,The plot in #Blockbuster made no sense. Avoid at all costs.,0.5556,positive,6222,8.874625588361146
POST_01664,user_3554,2026-08-02 19:10:11.189091,Reddit,Terrible customer service when I tried to return my #Smartphone2024. Never again.,"#GadgetReview,#Smartphone2024",462,124,56,14212,Terrible customer service when I tried to return my #Smartphone2024. Never again.,-0.4767,negative,642,4.516991486667136
POST_01665,user_4727,2026-07-19 00:21:11.189091,Reddit,Just watched the new #Cinema. Best movie of the year! 🍿🎬 @user_4727 ,#Blockbuster,6892,854,1557,91429,Just watched the new #Cinema. Best movie of the year!,0.6696,positive,9303,10.174997265667724
POST_01666,user_3874,2026-07-13 14:44:11.189091,Twitter,The #Finals is pretty competitive this year. https://example.com/link,"#Finals,#ChampionshipGame,#SportsEvent",170,61,40,74947,The #Finals is pretty competitive this year.,0.5994,positive,271,0.36158403159523933
POST_01667,user_1234,2026-08-09 14:26:11.189091,Reddit,Comparing the #Smartphone2024 with other models. @user_1234 ,"#GadgetReview,#Smartphone2024",2976,720,489,87444,Comparing the #Smartphone2024 with other models.,0.0,neutral,4185,4.785865401109269
POST_01668,user_1739,2026-08-01 05:39:11.189091,Instagram,Can't stop thinking about that game winning play at the #ChampionshipGame! @user_1739  https://example.com/link,"#SportsEvent,#ChampionshipGame,#Finals",46,8,9,11617,Can't stop thinking about that game winning play at the #ChampionshipGame!,0.7894,positive,63,0.54226200723016
POST_01669,user_1331,2026-07-30 19:44:11.189091,Instagram,I fell asleep halfway through #MovieRelease.,"#MovieRelease,#Cinema",313,66,57,20416,I fell asleep halfway through #MovieRelease.,0.0,neutral,436,2.135475339178136
POST_01670,user_1640,2026-08-10 16:04:11.189091,Reddit,What a thrilling finish to the #ChampionshipGame! Unbelievable! 🏆🔥 @user_1640  https://example.com/link,#Finals,1349,213,359,24426,What a thrilling finish to the #ChampionshipGame! Unbelievable!,0.6688,positive,1921,7.864248577393868
POST_01671,user_2406,2026-07-18 01:28:11.189091,Instagram,Worst ending ever. #Blockbuster completely ruined the franchise. https://example.com/link,#Blockbuster,1693,455,238,25268,Worst ending ever. #Blockbuster completely ruined the franchise.,-0.5563,negative,2386,9.442399778384582
POST_01672,user_3150,2026-07-13 06:28:11.189091,Instagram,Terrible refereeing ruined the #Finals. Absolutely rigged. 🗑️,"#SportsEvent,#ChampionshipGame,#Finals",5644,831,782,98601,Terrible refereeing ruined the #Finals. Absolutely rigged.,-0.8399,negative,7257,7.359891280095739
POST_01673,user_2549,2026-07-14 11:32:11.189091,Twitter,The battery life on this #GadgetReview is a joke. 🗑️,"#GadgetReview,#TechLaunch",45,15,11,8719,The battery life on this #GadgetReview is a joke.,0.296,positive,71,0.8142201834862386
POST_01674,user_1237,2026-07-20 08:53:11.189091,Twitter,Going to see #MovieRelease tonight. Hope it's good.,"#Blockbuster,#Cinema",554,121,146,25159,Going to see #MovieRelease tonight. Hope it's good.,0.7003,positive,821,3.2631160572337046
POST_01675,user_4088,2026-08-05 04:09:11.189091,Reddit,Anyone getting the new #GadgetReview? I can't decide.,"#Smartphone2024,#TechLaunch,#GadgetReview",1616,557,408,91154,Anyone getting the new #GadgetReview? I can't decide.,0.0,neutral,2581,2.8314409522242334
POST_01676,user_272,2026-08-06 08:00:11.189091,Instagram,Getting snacks ready for the #Finals.,#ChampionshipGame,2413,429,213,65655,Getting snacks ready for the #Finals.,0.3612,positive,3055,4.653040087729987
POST_01677,user_2900,2026-08-03 17:57:11.189091,Twitter,Terrible refereeing ruined the #Finals. Absolutely rigged. 🗑️,#SportsEvent,597,159,108,13687,Terrible refereeing ruined the #Finals. Absolutely rigged.,-0.8399,negative,864,6.312098188194039
POST_01678,user_4940,2026-07-12 13:35:11.189091,Instagram,Will wait for the reviews before buying the #GadgetReview device.,"#GadgetReview,#TechLaunch",649,108,73,87622,Will wait for the reviews before buying the #GadgetReview device.,0.0,neutral,830,0.9472398799401984
POST_01679,user_3311,2026-07-13 11:37:11.189091,Reddit,Terrible customer service when I tried to return my #TechLaunch. Never again. @user_3311 ,"#Smartphone2024,#TechLaunch",1144,236,286,21867,Terrible customer service when I tried to return my #TechLaunch. Never again.,-0.4767,negative,1666,7.618437900128041
POST_01680,user_4460,2026-08-01 00:12:11.189091,Reddit,Comparing the #TechLaunch with other models. https://example.com/link,"#GadgetReview,#Smartphone2024",2615,362,644,91077,Comparing the #TechLaunch with other models.,0.0,neutral,3621,3.9757131250137245
POST_01681,user_694,2026-08-06 04:18:11.189091,Reddit,My team finally won the #Finals! Best day ever!,"#ChampionshipGame,#SportsEvent,#Finals",4194,620,626,40699,My team finally won the #Finals! Best day ever!,0.8585,positive,5440,13.366093366093365
POST_01682,user_2177,2026-08-03 21:52:11.189091,Reddit,Just watched the new #Cinema. Best movie of the year! 🍿🎬,#Blockbuster,6949,2505,962,87926,Just watched the new #Cinema. Best movie of the year!,0.6696,positive,10416,11.846190589921186
POST_01683,user_1330,2026-07-25 09:00:11.189091,Instagram,"#Cinema had some decent moments, but overall average.","#Blockbuster,#Cinema,#MovieRelease",41,4,10,3935,"#Cinema had some decent moments, but overall average.",0.0,neutral,55,1.3973577235772356
POST_01684,user_4734,2026-07-26 23:54:11.189091,Instagram,The battery life on this #GadgetReview is a joke. 🗑️,"#Smartphone2024,#TechLaunch,#GadgetReview",623,111,76,48178,The battery life on this #GadgetReview is a joke.,0.296,positive,810,1.6812304115901118
POST_01685,user_2426,2026-07-29 16:28:11.189091,Instagram,Worst ending ever. #Blockbuster completely ruined the franchise. https://example.com/link,#Cinema,292,38,17,15225,Worst ending ever. #Blockbuster completely ruined the franchise.,-0.5563,negative,347,2.278996453434914
POST_01686,user_2183,2026-07-29 23:16:11.189091,Reddit,What a thrilling finish to the #Finals! Unbelievable! 🏆🔥 https://example.com/link,"#ChampionshipGame,#SportsEvent,#Finals",2504,292,209,82992,What a thrilling finish to the #Finals! Unbelievable!,0.6688,positive,3005,3.6207872953140625
POST_01687,user_2367,2026-07-24 14:00:11.189091,Instagram,The battery life on this #Smartphone2024 is a joke. 🗑️,"#GadgetReview,#TechLaunch,#Smartphone2024",3336,457,177,46884,The battery life on this #Smartphone2024 is a joke.,0.296,positive,3970,8.46752692758878
POST_01688,user_1829,2026-07-26 03:29:11.189091,Instagram,Comparing the #GadgetReview with other models. https://example.com/link,"#TechLaunch,#GadgetReview",600,78,140,14185,Comparing the #GadgetReview with other models.,0.0,neutral,818,5.766248413929226
POST_01689,user_752,2026-07-21 04:06:11.189091,Twitter,Worst performance by my team in the #SportsEvent. Embarrassing. @user_752 ,"#ChampionshipGame,#SportsEvent",974,160,147,20333,Worst performance by my team in the #SportsEvent. Embarrassing.,-0.7717,negative,1281,6.299793449395103
POST_01690,user_2717,2026-08-08 10:19:11.189091,Twitter,Will wait for the reviews before buying the #TechLaunch device.,#GadgetReview,3098,867,492,69696,Will wait for the reviews before buying the #TechLaunch device.,0.0,neutral,4457,6.394823306598562
POST_01691,user_605,2026-07-19 18:51:11.189091,Twitter,Watching the #ChampionshipGame with friends. Game is tied.,"#ChampionshipGame,#SportsEvent,#Finals",2174,352,650,72841,Watching the #ChampionshipGame with friends. Game is tied.,0.4767,positive,3176,4.360121907690618
POST_01692,user_3401,2026-07-31 02:36:11.189091,Twitter,"Tickets for #Cinema were expensive, hope it's worth it. @user_3401 ","#Cinema,#Blockbuster",1418,362,202,44552,"Tickets for #Cinema were expensive, hope it's worth it.",0.5859,positive,1982,4.44863421093978
POST_01693,user_4295,2026-07-13 10:11:11.189091,Reddit,Worst ending ever. #Blockbuster completely ruined the franchise.,"#Blockbuster,#Cinema",8540,3326,2528,92674,Worst ending ever. #Blockbuster completely ruined the franchise.,-0.5563,negative,14394,15.531696789857028
POST_01694,user_704,2026-07-21 00:26:11.189091,Instagram,Can't believe we lost the #ChampionshipGame. So heartbroken right now.,#Finals,3554,1405,1064,75703,Can't believe we lost the #ChampionshipGame. So heartbroken right now.,-0.6735,negative,6023,7.9559864736341535
POST_01695,user_4686,2026-07-25 06:35:11.189091,Reddit,Best #GadgetReview I have ever used. Highly recommend! @user_4686  https://example.com/link,"#GadgetReview,#TechLaunch",5411,1663,1113,89521,Best #GadgetReview I have ever used. Highly recommend!,0.8066,positive,8187,9.14523804204553
POST_01696,user_1264,2026-07-14 18:07:11.189091,Twitter,I fell asleep halfway through #Blockbuster. @user_1264 ,#Blockbuster,144,57,23,8211,I fell asleep halfway through #Blockbuster.,0.5994,positive,224,2.7277155382367266
POST_01697,user_2097,2026-08-01 03:00:11.189091,Reddit,The #ChampionshipGame is pretty competitive this year.,"#ChampionshipGame,#SportsEvent,#Finals",676,166,92,17686,The #ChampionshipGame is pretty competitive this year.,0.5994,positive,934,5.280714649177362
POST_01698,user_150,2026-08-06 04:17:11.189091,Reddit,What a waste of time. #MovieRelease was completely boring. 🥱,#MovieRelease,2047,685,429,51806,What a waste of time. #MovieRelease was completely boring.,-0.659,negative,3161,6.101492076360337
POST_01699,user_3593,2026-07-15 17:35:11.189091,Instagram,Terrible refereeing ruined the #SportsEvent. Absolutely rigged. 🗑️,"#SportsEvent,#Finals,#ChampionshipGame",2,0,0,817,Terrible refereeing ruined the #SportsEvent. Absolutely rigged.,-0.8399,negative,2,0.24449877750611246
POST_01700,user_2028,2026-07-21 13:35:11.189091,Reddit,Just watched the new #MovieRelease. Best movie of the year! 🍿🎬,"#MovieRelease,#Blockbuster",3332,471,668,91527,Just watched the new #MovieRelease. Best movie of the year!,0.6696,positive,4471,4.884843982169391
POST_01701,user_1193,2026-07-30 19:02:11.189091,Twitter,The new #Smartphone2024 phone is absolutely amazing! The camera is unreal! 📱✨,#Smartphone2024,184,33,50,51958,The new #Smartphone2024 phone is absolutely amazing! The camera is unreal!,0.6885,positive,267,0.5138667025924286
POST_01702,user_434,2026-07-19 10:43:11.189091,Reddit,I fell asleep halfway through #Blockbuster.,"#MovieRelease,#Cinema",488,129,125,6219,I fell asleep halfway through #Blockbuster.,0.5994,positive,742,11.92926045016077
POST_01703,user_2392,2026-08-07 07:52:11.189091,Instagram,The #SportsEvent is pretty competitive this year. https://example.com/link,#ChampionshipGame,1166,224,87,38180,The #SportsEvent is pretty competitive this year.,0.5994,positive,1477,3.86841622796679
POST_01704,user_1396,2026-07-17 19:05:11.189091,Reddit,Worst performance by my team in the #SportsEvent. Embarrassing.,#ChampionshipGame,1116,339,182,18994,Worst performance by my team in the #SportsEvent. Embarrassing.,-0.7717,negative,1637,8.618057383521979
POST_01705,user_786,2026-07-27 22:48:11.189091,Reddit,Incredible performance by the lead actor in #Cinema! A must watch!,#Blockbuster,2103,226,520,73943,Incredible performance by the lead actor in #Cinema! A must watch!,0.0,neutral,2849,3.8529157200043276
POST_01706,user_1996,2026-08-06 11:02:11.189091,Twitter,Best #Smartphone2024 I have ever used. Highly recommend!,"#Smartphone2024,#TechLaunch",4226,465,369,70856,Best #Smartphone2024 I have ever used. Highly recommend!,0.8066,positive,5060,7.141143429724657
POST_01707,user_2185,2026-08-10 15:32:11.189091,Twitter,Can't stop thinking about that game winning play at the #ChampionshipGame!,"#Finals,#SportsEvent",3260,625,806,39442,Can't stop thinking about that game winning play at the #ChampionshipGame!,0.7894,positive,4691,11.893111578733869
POST_01708,user_2769,2026-07-24 07:57:11.189091,Instagram,Not worth the upgrade. #GadgetReview is just a rehash of last year's model.,#TechLaunch,1297,153,256,78008,Not worth the upgrade. #GadgetReview is just a rehash of last year's model.,-0.1695,negative,1706,2.186927149431476
POST_01709,user_1696,2026-07-16 03:34:11.189091,Instagram,Worst performance by my team in the #Finals. Embarrassing. @user_1696  https://example.com/link,#Finals,2085,419,419,35888,Worst performance by my team in the #Finals. Embarrassing.,-0.7717,negative,2923,8.144556827997436
POST_01710,user_3062,2026-07-24 05:18:11.189091,Instagram,Incredible display of skill at the #ChampionshipGame today. https://example.com/link,"#Finals,#SportsEvent",440,59,130,34275,Incredible display of skill at the #ChampionshipGame today.,0.0,neutral,629,1.8351032792624578
POST_01711,user_2042,2026-07-12 23:05:11.189091,Reddit,My team finally won the #ChampionshipGame! Best day ever! @user_2042 ,"#Finals,#ChampionshipGame,#SportsEvent",2181,674,578,44198,My team finally won the #ChampionshipGame! Best day ever!,0.8585,positive,3433,7.767144053032873
POST_01712,user_4642,2026-07-22 23:22:11.189091,Reddit,Going to see #MovieRelease tonight. Hope it's good.,#Cinema,529,163,93,39209,Going to see #MovieRelease tonight. Hope it's good.,0.7003,positive,785,2.0020402958428973
POST_01713,user_919,2026-08-09 00:28:11.189091,Twitter,"Wow, the screen on the #GadgetReview is stunning. @user_919 ","#TechLaunch,#Smartphone2024",134,17,29,16516,"Wow, the screen on the #GadgetReview is stunning.",0.7506,positive,180,1.0897862808015983
POST_01714,user_4190,2026-07-26 08:10:11.189091,Twitter,Comparing the #Smartphone2024 with other models.,"#Smartphone2024,#GadgetReview,#TechLaunch",1369,148,133,27850,Comparing the #Smartphone2024 with other models.,0.0,neutral,1650,5.92438332555384
POST_01715,user_265,2026-07-22 09:40:11.189091,Instagram,The visual effects in #MovieRelease blew my mind. 10/10. @user_265  https://example.com/link,#Cinema,1179,273,98,17052,The visual effects in #MovieRelease blew my mind. 10/10.,0.0,neutral,1550,9.08930979886237
POST_01716,user_4297,2026-08-05 01:07:11.189091,Instagram,The visual effects in #MovieRelease blew my mind. 10/10.,"#Cinema,#MovieRelease",3479,1198,191,34415,The visual effects in #MovieRelease blew my mind. 10/10.,0.0,neutral,4868,14.144583914458392
POST_01717,user_1393,2026-08-06 17:21:11.189091,Instagram,Terrible refereeing ruined the #Finals. Absolutely rigged. 🗑️,#SportsEvent,1950,462,376,68268,Terrible refereeing ruined the #Finals. Absolutely rigged.,-0.8399,negative,2788,4.083844790461264
POST_01718,user_642,2026-08-03 12:27:11.189091,Instagram,Best #GadgetReview I have ever used. Highly recommend!,"#Smartphone2024,#TechLaunch,#GadgetReview",5421,564,921,83492,Best #GadgetReview I have ever used. Highly recommend!,0.8066,positive,6906,8.271352089396716
POST_01719,user_3642,2026-07-31 13:25:11.189091,Instagram,The new #GadgetReview phone is absolutely amazing! The camera is unreal! 📱✨ https://example.com/link,"#Smartphone2024,#GadgetReview",1507,438,233,22140,The new #GadgetReview phone is absolutely amazing! The camera is unreal!,0.6885,positive,2178,9.836954067115308
POST_01720,user_4065,2026-07-20 05:50:11.189091,Instagram,The broadcast quality for the #Finals is awful. 😡 @user_4065 ,#Finals,4891,640,973,56311,The broadcast quality for the #Finals is awful.,-0.4588,negative,6504,11.549936070464554
POST_01721,user_4662,2026-07-17 22:36:11.189091,Twitter,Comparing the #Smartphone2024 with other models.,#GadgetReview,141,20,18,49267,Comparing the #Smartphone2024 with other models.,0.0,neutral,179,0.3633189900138021
POST_01722,user_4526,2026-07-28 22:05:11.189091,Instagram,Anyone getting the new #GadgetReview? I can't decide. @user_4526 ,"#Smartphone2024,#GadgetReview",1290,227,284,55791,Anyone getting the new #GadgetReview? I can't decide.,0.0,neutral,1801,3.22806137080585
POST_01723,user_1127,2026-08-05 11:20:11.189091,Instagram,Not worth the upgrade. #Smartphone2024 is just a rehash of last year's model.,"#TechLaunch,#Smartphone2024,#GadgetReview",292,116,53,96418,Not worth the upgrade. #Smartphone2024 is just a rehash of last year's model.,-0.1695,negative,461,0.4781215320631826
POST_01724,user_1620,2026-07-22 04:32:11.189091,Instagram,Incredible display of skill at the #Finals today.,"#SportsEvent,#ChampionshipGame,#Finals",851,177,100,59010,Incredible display of skill at the #Finals today.,0.0,neutral,1128,1.9115080239277424
POST_01725,user_2256,2026-07-14 13:10:11.189091,Instagram,Watching the #Finals with friends. Game is tied. https://example.com/link,"#Finals,#SportsEvent,#ChampionshipGame",3768,915,193,85922,Watching the #Finals with friends. Game is tied.,0.4767,positive,4876,5.674848410786402
POST_01726,user_2987,2026-08-11 09:13:11.189091,Twitter,Will wait for the reviews before buying the #GadgetReview device.,"#Smartphone2024,#TechLaunch",1355,246,199,53936,Will wait for the reviews before buying the #GadgetReview device.,0.0,neutral,1800,3.3372267645586517
POST_01727,user_2152,2026-07-18 03:42:11.189091,Reddit,What a waste of time. #MovieRelease was completely boring. 🥱,"#Blockbuster,#MovieRelease",2574,534,313,47382,What a waste of time. #MovieRelease was completely boring.,-0.659,negative,3421,7.219888989722052
POST_01728,user_952,2026-07-28 06:18:11.189091,Instagram,Getting snacks ready for the #Finals.,"#ChampionshipGame,#Finals",208,77,57,32842,Getting snacks ready for the #Finals.,0.3612,positive,342,1.0413177846116373
POST_01729,user_4913,2026-07-30 02:07:11.189091,Reddit,Comparing the #GadgetReview with other models. https://example.com/link,#Smartphone2024,302,87,40,25731,Comparing the #GadgetReview with other models.,0.0,neutral,429,1.667184828229442
POST_01730,user_2235,2026-07-15 09:22:11.189091,Reddit,Finally got my hands on the #GadgetReview device. Loving the battery life. 😍 @user_2235 ,"#Smartphone2024,#GadgetReview",1531,586,264,32046,Finally got my hands on the #GadgetReview device. Loving the battery life.,0.5994,positive,2381,7.429712609604643
POST_01731,user_1346,2026-07-20 15:11:11.189091,Twitter,Watching the #ChampionshipGame with friends. Game is tied. @user_1346 ,"#SportsEvent,#ChampionshipGame",1688,591,295,57922,Watching the #ChampionshipGame with friends. Game is tied.,0.4767,positive,2574,4.443830602696684
POST_01732,user_4660,2026-07-15 18:21:11.189091,Twitter,Just saw the specs for the #GadgetReview phone. They seem okay.,#Smartphone2024,2436,377,701,51420,Just saw the specs for the #GadgetReview phone. They seem okay.,0.2263,positive,3514,6.8337838626242196
POST_01733,user_1273,2026-07-11 19:30:11.189091,Twitter,I was on the edge of my seat during #Cinema! @user_1273 ,"#Cinema,#MovieRelease,#Blockbuster",7175,2261,2088,95322,I was on the edge of my seat during #Cinema!,0.0,neutral,11524,12.089422280037347
POST_01734,user_2750,2026-08-04 12:06:11.189091,Instagram,Worst performance by my team in the #ChampionshipGame. Embarrassing. @user_2750 ,#Finals,3632,960,559,50439,Worst performance by my team in the #ChampionshipGame. Embarrassing.,-0.7717,negative,5151,10.212133227597144
POST_01735,user_4192,2026-07-29 20:42:11.189091,Twitter,Watching the #SportsEvent with friends. Game is tied.,"#ChampionshipGame,#Finals,#SportsEvent",764,230,130,18443,Watching the #SportsEvent with friends. Game is tied.,0.4767,positive,1124,6.0941227499457815
POST_01736,user_2067,2026-08-11 04:42:11.189091,Reddit,What a waste of time. #Blockbuster was completely boring. 🥱,"#Cinema,#Blockbuster",3425,943,551,61656,What a waste of time. #Blockbuster was completely boring.,-0.1263,negative,4919,7.9780073633164115
POST_01737,user_1956,2026-07-19 07:52:11.189091,Instagram,"#Blockbuster had some decent moments, but overall average.",#MovieRelease,159,49,43,7661,"#Blockbuster had some decent moments, but overall average.",0.3506,positive,251,3.2759070738710516
POST_01738,user_1450,2026-08-03 02:56:11.189091,Twitter,"Wow, the screen on the #TechLaunch is stunning. @user_1450 ",#GadgetReview,650,214,169,10085,"Wow, the screen on the #TechLaunch is stunning.",0.7506,positive,1033,10.241919492365655
POST_01739,user_3073,2026-07-29 21:08:11.189091,Twitter,Just saw the specs for the #Smartphone2024 phone. They seem okay.,"#Smartphone2024,#TechLaunch,#GadgetReview",2529,968,237,73987,Just saw the specs for the #Smartphone2024 phone. They seem okay.,0.2263,positive,3734,5.04676434016327
POST_01740,user_2346,2026-07-31 21:51:11.189091,Reddit,Best #GadgetReview I have ever used. Highly recommend! https://example.com/link,#TechLaunch,1778,688,531,37703,Best #GadgetReview I have ever used. Highly recommend!,0.8066,positive,2997,7.948758752387014
POST_01741,user_4809,2026-08-07 15:05:11.189091,Instagram,Terrible customer service when I tried to return my #TechLaunch. Never again.,"#Smartphone2024,#TechLaunch,#GadgetReview",1579,245,344,60514,Terrible customer service when I tried to return my #TechLaunch. Never again.,-0.4767,negative,2168,3.5825828307031315
POST_01742,user_718,2026-07-16 17:10:11.189091,Reddit,I fell asleep halfway through #Cinema.,"#Blockbuster,#Cinema,#MovieRelease",41,11,9,1500,I fell asleep halfway through #Cinema.,0.0,neutral,61,4.063957361758828
POST_01743,user_3104,2026-07-20 05:17:11.189091,Reddit,Can't believe we lost the #SportsEvent. So heartbroken right now.,"#ChampionshipGame,#Finals,#SportsEvent",2275,448,557,92355,Can't believe we lost the #SportsEvent. So heartbroken right now.,-0.6735,negative,3280,3.5514747282255623
POST_01744,user_3921,2026-07-30 19:56:11.189091,Twitter,Best #TechLaunch I have ever used. Highly recommend! @user_3921 ,"#Smartphone2024,#TechLaunch",908,191,133,14274,Best #TechLaunch I have ever used. Highly recommend!,0.8066,positive,1232,8.630472854640981
POST_01745,user_471,2026-07-22 00:53:11.189091,Instagram,Watching #Cinema with my friends this weekend.,"#Cinema,#Blockbuster,#MovieRelease",949,260,154,20786,Watching #Cinema with my friends this weekend.,0.4767,positive,1363,6.556982729590609
POST_01746,user_1067,2026-07-20 20:20:11.189091,Instagram,What a thrilling finish to the #SportsEvent! Unbelievable! 🏆🔥,"#SportsEvent,#Finals",3619,1177,227,41987,What a thrilling finish to the #SportsEvent! Unbelievable!,0.6688,positive,5023,11.962941792893208
POST_01747,user_4865,2026-08-09 14:20:11.189091,Twitter,The visual effects in #MovieRelease blew my mind. 10/10.,#Blockbuster,1560,549,79,58588,The visual effects in #MovieRelease blew my mind. 10/10.,0.0,neutral,2188,3.7344894092747785
POST_01748,user_242,2026-08-01 18:23:11.189091,Reddit,Getting snacks ready for the #SportsEvent. https://example.com/link,"#ChampionshipGame,#SportsEvent,#Finals",4253,928,407,93755,Getting snacks ready for the #SportsEvent.,0.3612,positive,5588,5.960151883612782
POST_01749,user_4626,2026-07-18 19:03:11.189091,Reddit,My team finally won the #ChampionshipGame! Best day ever!,"#SportsEvent,#Finals,#ChampionshipGame",69,21,14,1788,My team finally won the #ChampionshipGame! Best day ever!,0.8585,positive,104,5.813303521520403
POST_01750,user_1164,2026-07-23 05:30:11.189091,Instagram,My team finally won the #Finals! Best day ever!,#ChampionshipGame,2042,238,319,31129,My team finally won the #Finals! Best day ever!,0.8585,positive,2599,8.348859620944427
POST_01751,user_602,2026-07-15 12:19:11.189091,Instagram,Watching the #SportsEvent with friends. Game is tied. https://example.com/link,"#Finals,#ChampionshipGame,#SportsEvent",1479,261,340,55722,Watching the #SportsEvent with friends. Game is tied.,0.4767,positive,2080,3.732749493028013
POST_01752,user_2835,2026-07-28 17:43:11.189091,Instagram,What a thrilling finish to the #Finals! Unbelievable! 🏆🔥,"#Finals,#SportsEvent",1358,282,217,98559,What a thrilling finish to the #Finals! Unbelievable!,0.6688,positive,1857,1.8841314935064937
POST_01753,user_395,2026-08-11 06:54:11.189091,Twitter,Watching #Blockbuster with my friends this weekend.,"#Cinema,#MovieRelease",1584,614,262,81561,Watching #Blockbuster with my friends this weekend.,0.7906,positive,2460,3.0161104435889263
POST_01754,user_715,2026-07-14 01:54:11.189091,Reddit,Going to see #MovieRelease tonight. Hope it's good.,"#Blockbuster,#MovieRelease,#Cinema",3524,846,780,87032,Going to see #MovieRelease tonight. Hope it's good.,0.7003,positive,5150,5.917295738398079
POST_01755,user_3837,2026-07-12 22:36:11.189091,Instagram,The visual effects in #Cinema blew my mind. 10/10. @user_3837 ,#Blockbuster,623,122,147,58070,The visual effects in #Cinema blew my mind. 10/10.,0.0,neutral,892,1.5360506965611063
POST_01756,user_4023,2026-08-07 05:57:11.189091,Reddit,My team finally won the #Finals! Best day ever! @user_4023 ,"#SportsEvent,#Finals,#ChampionshipGame",2506,862,301,48146,My team finally won the #Finals! Best day ever!,0.8585,positive,3669,7.6204124867592995
POST_01757,user_4131,2026-07-17 10:36:11.189091,Reddit,"Tickets for #MovieRelease were expensive, hope it's worth it.","#MovieRelease,#Blockbuster",2167,258,216,93018,"Tickets for #MovieRelease were expensive, hope it's worth it.",0.5859,positive,2641,2.8392048936238834
POST_01758,user_3341,2026-08-05 10:15:11.189091,Reddit,Getting snacks ready for the #SportsEvent.,"#Finals,#ChampionshipGame,#SportsEvent",793,161,221,41844,Getting snacks ready for the #SportsEvent.,0.3612,positive,1175,2.8079818377344963
POST_01759,user_521,2026-07-27 16:16:11.189091,Instagram,"Wow, the screen on the #TechLaunch is stunning.",#Smartphone2024,873,332,50,62014,"Wow, the screen on the #TechLaunch is stunning.",0.7506,positive,1255,2.023703942594534
POST_01760,user_562,2026-08-10 09:11:11.189091,Reddit,"#MovieRelease had some decent moments, but overall average. https://example.com/link","#Cinema,#MovieRelease,#Blockbuster",291,115,52,28309,"#MovieRelease had some decent moments, but overall average.",0.0,neutral,458,1.6178028965030025
POST_01761,user_1671,2026-08-10 22:28:11.189091,Twitter,The visual effects in #Cinema blew my mind. 10/10.,"#Blockbuster,#MovieRelease",1878,334,519,42940,The visual effects in #Cinema blew my mind. 10/10.,0.0,neutral,2731,6.359889150229385
POST_01762,user_2047,2026-07-26 14:18:11.189091,Reddit,The plot in #Blockbuster made no sense. Avoid at all costs.,"#Blockbuster,#Cinema",2679,845,496,88552,The plot in #Blockbuster made no sense. Avoid at all costs.,0.5556,positive,4020,4.539654218377695
POST_01763,user_1565,2026-07-15 13:29:11.189091,Instagram,The battery life on this #GadgetReview is a joke. 🗑️ @user_1565  https://example.com/link,"#TechLaunch,#Smartphone2024",770,137,172,34084,The battery life on this #GadgetReview is a joke.,0.296,positive,1079,3.1656153733313777
POST_01764,user_3322,2026-08-01 09:54:11.189091,Instagram,"Tickets for #Cinema were expensive, hope it's worth it.","#Blockbuster,#Cinema,#MovieRelease",2681,518,189,97478,"Tickets for #Cinema were expensive, hope it's worth it.",0.5859,positive,3388,3.475620390032725
POST_01765,user_1845,2026-07-28 14:03:11.189091,Instagram,Comparing the #TechLaunch with other models.,"#Smartphone2024,#GadgetReview",2634,1028,725,82296,Comparing the #TechLaunch with other models.,0.0,neutral,4387,5.330692491828377
POST_01766,user_2336,2026-07-27 03:42:11.189091,Instagram,I fell asleep halfway through #MovieRelease.,"#Blockbuster,#Cinema,#MovieRelease",1491,420,188,56444,I fell asleep halfway through #MovieRelease.,0.0,neutral,2099,3.718664186376118
POST_01767,user_1788,2026-07-18 01:34:11.189091,Twitter,Getting snacks ready for the #Finals. @user_1788  https://example.com/link,#SportsEvent,1397,424,404,66899,Getting snacks ready for the #Finals.,0.3612,positive,2225,3.3258594917787745
POST_01768,user_1215,2026-07-30 03:15:11.189091,Reddit,Watching #MovieRelease with my friends this weekend.,"#MovieRelease,#Blockbuster,#Cinema",2240,628,637,80343,Watching #MovieRelease with my friends this weekend.,0.4767,positive,3505,4.3624912874639055
POST_01769,user_2199,2026-08-05 18:04:11.189091,Instagram,Anyone getting the new #TechLaunch? I can't decide. @user_2199 ,"#Smartphone2024,#TechLaunch,#GadgetReview",1650,422,109,46451,Anyone getting the new #TechLaunch? I can't decide.,0.0,neutral,2181,4.695169206923276
POST_01770,user_1357,2026-07-25 08:53:11.189091,Reddit,Getting snacks ready for the #ChampionshipGame.,#Finals,2163,665,433,52998,Getting snacks ready for the #ChampionshipGame.,0.3612,positive,3261,6.1529462820053205
POST_01771,user_2999,2026-07-23 22:58:11.189091,Reddit,The plot in #MovieRelease made no sense. Avoid at all costs.,"#MovieRelease,#Blockbuster",841,168,228,72947,The plot in #MovieRelease made no sense. Avoid at all costs.,-0.0803,negative,1237,1.6957284641114216
POST_01772,user_4914,2026-07-27 19:33:11.189091,Instagram,Just watched the new #Cinema. Best movie of the year! 🍿🎬,"#Cinema,#MovieRelease",353,38,74,45375,Just watched the new #Cinema. Best movie of the year!,0.6696,positive,465,1.0247708039492243
POST_01773,user_354,2026-08-05 10:22:11.189091,Instagram,What a waste of time. #Blockbuster was completely boring. 🥱,"#Blockbuster,#Cinema",1849,314,210,37487,What a waste of time. #Blockbuster was completely boring.,-0.1263,negative,2373,6.330025608194623
POST_01774,user_519,2026-07-22 10:48:11.189091,Reddit,What a waste of time. #Blockbuster was completely boring. 🥱 @user_519 ,#Blockbuster,2750,964,243,63887,What a waste of time. #Blockbuster was completely boring.,-0.1263,negative,3957,6.1936513899323815
POST_01775,user_229,2026-07-27 21:48:11.189091,Twitter,The new #TechLaunch phone is absolutely amazing! The camera is unreal! 📱✨,#GadgetReview,111,33,32,36251,The new #TechLaunch phone is absolutely amazing! The camera is unreal!,0.6885,positive,176,0.48549045569899596
POST_01776,user_3451,2026-08-06 17:18:11.189091,Reddit,"Wow, the screen on the #TechLaunch is stunning. https://example.com/link","#TechLaunch,#Smartphone2024",2760,494,179,48085,"Wow, the screen on the #TechLaunch is stunning.",0.7506,positive,3433,7.1392921016512085
POST_01777,user_4420,2026-07-18 08:56:11.189091,Twitter,Can't believe we lost the #ChampionshipGame. So heartbroken right now. https://example.com/link,#ChampionshipGame,1931,474,393,95186,Can't believe we lost the #ChampionshipGame. So heartbroken right now.,-0.6735,negative,2798,2.9394770294262873
POST_01778,user_4136,2026-08-02 04:15:11.189091,Instagram,The #SportsEvent is pretty competitive this year.,"#SportsEvent,#Finals,#ChampionshipGame",1706,272,396,78932,The #SportsEvent is pretty competitive this year.,0.5994,positive,2374,3.007614052424208
POST_01779,user_4690,2026-08-06 22:54:11.189091,Reddit,Comparing the #GadgetReview with other models. https://example.com/link,"#TechLaunch,#Smartphone2024",1200,264,352,27903,Comparing the #GadgetReview with other models.,0.0,neutral,1816,6.50802752293578
POST_01780,user_4085,2026-08-07 12:20:11.189091,Twitter,Terrible customer service when I tried to return my #GadgetReview. Never again.,"#Smartphone2024,#TechLaunch",1022,152,157,18174,Terrible customer service when I tried to return my #GadgetReview. Never again.,-0.4767,negative,1331,7.3232462173315
POST_01781,user_4181,2026-07-25 22:24:11.189091,Twitter,"Wow, the screen on the #TechLaunch is stunning.","#GadgetReview,#TechLaunch",638,241,36,12326,"Wow, the screen on the #TechLaunch is stunning.",0.7506,positive,915,7.422730591384766
POST_01782,user_3385,2026-07-21 01:52:11.189091,Instagram,Who do you think will win the #Finals?,"#Finals,#SportsEvent",473,97,25,28429,Who do you think will win the #Finals?,0.5859,positive,595,2.0928596552937035
POST_01783,user_3423,2026-07-28 01:41:11.189091,Twitter,I was on the edge of my seat during #Cinema!,"#MovieRelease,#Cinema,#Blockbuster",2753,884,203,85464,I was on the edge of my seat during #Cinema!,0.0,neutral,3840,4.493067337506582
POST_01784,user_2952,2026-07-20 02:59:11.189091,Twitter,Terrible customer service when I tried to return my #Smartphone2024. Never again.,#Smartphone2024,7318,2215,733,99834,Terrible customer service when I tried to return my #Smartphone2024. Never again.,-0.4767,negative,10266,10.282966895377372
POST_01785,user_1440,2026-08-06 00:01:11.189091,Instagram,The visual effects in #MovieRelease blew my mind. 10/10. @user_1440 ,#MovieRelease,2213,587,173,87266,The visual effects in #MovieRelease blew my mind. 10/10.,0.0,neutral,2973,3.4067860703358654
POST_01786,user_1803,2026-07-23 04:08:11.189091,Instagram,What a thrilling finish to the #SportsEvent! Unbelievable! 🏆🔥,#Finals,1775,381,92,23277,What a thrilling finish to the #SportsEvent! Unbelievable!,0.6688,positive,2248,9.657187043560443
POST_01787,user_1353,2026-07-21 09:50:11.189091,Twitter,My team finally won the #ChampionshipGame! Best day ever! https://example.com/link,#ChampionshipGame,239,26,34,5386,My team finally won the #ChampionshipGame! Best day ever!,0.8585,positive,299,5.55039910896603
POST_01788,user_3044,2026-08-02 09:53:11.189091,Twitter,Can't stop thinking about that game winning play at the #SportsEvent!,#ChampionshipGame,6174,2353,470,94963,Can't stop thinking about that game winning play at the #SportsEvent!,0.7894,positive,8997,9.474116507308032
POST_01789,user_2209,2026-08-02 11:25:11.189091,Instagram,I was on the edge of my seat during #Blockbuster! @user_2209  https://example.com/link,"#Blockbuster,#MovieRelease",576,65,75,20945,I was on the edge of my seat during #Blockbuster!,0.636,positive,716,3.4183137591902986
POST_01790,user_2331,2026-07-22 00:17:11.189091,Twitter,Going to see #Cinema tonight. Hope it's good.,"#Blockbuster,#MovieRelease,#Cinema",3444,1088,937,69525,Going to see #Cinema tonight. Hope it's good.,0.7003,positive,5469,7.866122026292323
POST_01791,user_4162,2026-07-13 22:34:11.189091,Instagram,What a waste of time. #MovieRelease was completely boring. 🥱,#MovieRelease,3435,1187,632,75894,What a waste of time. #MovieRelease was completely boring.,-0.659,negative,5254,6.922722181961921
POST_01792,user_2555,2026-08-11 15:02:11.189091,Reddit,Incredible display of skill at the #SportsEvent today.,"#Finals,#ChampionshipGame",117,15,24,3022,Incredible display of skill at the #SportsEvent today.,0.0,neutral,156,5.160436652332121
POST_01793,user_335,2026-07-25 11:09:11.189091,Reddit,Watching the #Finals with friends. Game is tied. @user_335 ,#SportsEvent,52,9,12,13187,Watching the #Finals with friends. Game is tied.,0.4767,positive,73,0.5535335153169548
POST_01794,user_3559,2026-07-26 16:25:11.189091,Twitter,Getting snacks ready for the #ChampionshipGame. @user_3559 ,#Finals,2584,891,200,58017,Getting snacks ready for the #ChampionshipGame.,0.3612,positive,3675,6.334241097590403
POST_01795,user_3157,2026-07-31 07:04:11.189091,Twitter,Will wait for the reviews before buying the #TechLaunch device.,#GadgetReview,452,91,66,34586,Will wait for the reviews before buying the #TechLaunch device.,0.0,neutral,609,1.7607771706132362
POST_01796,user_1164,2026-07-13 14:31:11.189091,Twitter,Getting snacks ready for the #Finals. @user_1164 ,"#ChampionshipGame,#Finals",3314,612,796,90981,Getting snacks ready for the #Finals.,0.3612,positive,4722,5.190037589852938
POST_01797,user_1964,2026-07-30 19:32:11.189091,Twitter,The plot in #Blockbuster made no sense. Avoid at all costs. @user_1964 ,"#Blockbuster,#Cinema",837,106,83,11779,The plot in #Blockbuster made no sense. Avoid at all costs.,0.5556,positive,1026,8.709677419354838
POST_01798,user_2637,2026-07-15 08:26:11.189091,Twitter,Watching the #SportsEvent with friends. Game is tied.,"#ChampionshipGame,#Finals",1687,302,277,57118,Watching the #SportsEvent with friends. Game is tied.,0.4767,positive,2266,3.967156287750136
POST_01799,user_4934,2026-07-24 07:42:11.189091,Twitter,Watching #MovieRelease with my friends this weekend.,"#Cinema,#Blockbuster",2173,359,165,72929,Watching #MovieRelease with my friends this weekend.,0.4767,positive,2697,3.69806663924311
POST_01800,user_3805,2026-07-29 08:12:11.189091,Twitter,Best #TechLaunch I have ever used. Highly recommend! @user_3805 ,#GadgetReview,1172,373,341,64105,Best #TechLaunch I have ever used. Highly recommend!,0.8066,positive,1886,2.942002308676255
POST_01801,user_1315,2026-07-14 17:26:11.189091,Instagram,Worst performance by my team in the #Finals. Embarrassing.,"#SportsEvent,#Finals,#ChampionshipGame",607,157,44,10231,Worst performance by my team in the #Finals. Embarrassing.,-0.7717,negative,808,7.8967943706020325
POST_01802,user_1766,2026-07-25 10:48:11.189091,Instagram,Just saw the specs for the #GadgetReview phone. They seem okay. https://example.com/link,#Smartphone2024,429,136,72,39837,Just saw the specs for the #GadgetReview phone. They seem okay.,0.2263,positive,637,1.5989758522014157
POST_01803,user_1603,2026-07-13 17:20:11.189091,Instagram,The battery life on this #TechLaunch is a joke. 🗑️ @user_1603 ,"#Smartphone2024,#GadgetReview,#TechLaunch",937,287,203,50359,The battery life on this #TechLaunch is a joke.,0.296,positive,1427,2.8335980937251786
POST_01804,user_3704,2026-07-22 19:30:11.189091,Instagram,"Wow, the screen on the #GadgetReview is stunning.","#Smartphone2024,#GadgetReview,#TechLaunch",2744,968,728,82830,"Wow, the screen on the #GadgetReview is stunning.",0.7506,positive,4440,5.3603119604978815
POST_01805,user_290,2026-07-29 04:47:11.189091,Reddit,Just saw the specs for the #GadgetReview phone. They seem okay.,"#TechLaunch,#GadgetReview,#Smartphone2024",778,113,94,17379,Just saw the specs for the #GadgetReview phone. They seem okay.,0.2263,positive,985,5.6674338319907935
POST_01806,user_2238,2026-07-13 22:33:11.189091,Reddit,Comparing the #Smartphone2024 with other models.,#GadgetReview,88,34,6,47838,Comparing the #Smartphone2024 with other models.,0.0,neutral,128,0.2675641213236063
POST_01807,user_1036,2026-07-20 06:04:11.189091,Twitter,Anyone getting the new #GadgetReview? I can't decide. https://example.com/link,"#TechLaunch,#GadgetReview,#Smartphone2024",2981,417,251,73745,Anyone getting the new #GadgetReview? I can't decide.,0.0,neutral,3649,4.9480649797955145
POST_01808,user_955,2026-07-21 05:30:11.189091,Twitter,Not worth the upgrade. #Smartphone2024 is just a rehash of last year's model.,#GadgetReview,1433,281,228,75878,Not worth the upgrade. #Smartphone2024 is just a rehash of last year's model.,-0.1695,negative,1942,2.5593378932247393
POST_01809,user_2968,2026-08-08 14:37:11.189091,Twitter,"Tickets for #Blockbuster were expensive, hope it's worth it. @user_2968 ","#MovieRelease,#Blockbuster,#Cinema",392,65,105,31013,"Tickets for #Blockbuster were expensive, hope it's worth it.",0.8271,positive,562,1.8120848648997225
POST_01810,user_3661,2026-07-12 11:17:11.189091,Twitter,Best #GadgetReview I have ever used. Highly recommend! @user_3661  https://example.com/link,"#GadgetReview,#Smartphone2024",1381,516,171,27631,Best #GadgetReview I have ever used. Highly recommend!,0.8066,positive,2068,7.484076433121019
POST_01811,user_2466,2026-07-12 21:16:11.189091,Twitter,Terrible customer service when I tried to return my #Smartphone2024. Never again.,"#Smartphone2024,#TechLaunch,#GadgetReview",5684,613,1253,73886,Terrible customer service when I tried to return my #Smartphone2024. Never again.,-0.4767,negative,7550,10.21830633264309
POST_01812,user_751,2026-07-15 21:19:11.189091,Twitter,Getting snacks ready for the #ChampionshipGame.,#ChampionshipGame,1984,258,400,88548,Getting snacks ready for the #ChampionshipGame.,0.3612,positive,2642,2.9836587652034465
POST_01813,user_2410,2026-07-30 18:42:11.189091,Reddit,Getting snacks ready for the #Finals. @user_2410 ,"#SportsEvent,#Finals,#ChampionshipGame",1151,229,104,39824,Getting snacks ready for the #Finals.,0.3612,positive,1484,3.7263025737602007
POST_01814,user_4840,2026-08-11 09:08:11.189091,Reddit,Incredible display of skill at the #ChampionshipGame today.,#SportsEvent,4506,519,1286,91122,Incredible display of skill at the #ChampionshipGame today.,0.0,neutral,6311,6.925803584166457
POST_01815,user_3780,2026-07-26 07:04:11.189091,Instagram,Getting snacks ready for the #Finals. @user_3780 ,"#SportsEvent,#Finals,#ChampionshipGame",1228,342,217,43858,Getting snacks ready for the #Finals.,0.3612,positive,1787,4.074420301420461
POST_01816,user_1176,2026-07-16 18:26:11.189091,Twitter,I was on the edge of my seat during #Blockbuster!,"#MovieRelease,#Cinema,#Blockbuster",3788,434,966,98240,I was on the edge of my seat during #Blockbuster!,0.636,positive,5188,5.280890870410522
POST_01817,user_4080,2026-07-15 09:37:11.189091,Twitter,Watching #Blockbuster with my friends this weekend.,#MovieRelease,284,64,53,8844,Watching #Blockbuster with my friends this weekend.,0.7906,positive,401,4.533634821933295
POST_01818,user_2270,2026-08-08 10:05:11.189091,Instagram,Going to see #MovieRelease tonight. Hope it's good. https://example.com/link,"#Blockbuster,#MovieRelease",1144,400,120,32890,Going to see #MovieRelease tonight. Hope it's good.,0.7003,positive,1664,5.059134717703931
POST_01819,user_2042,2026-08-10 20:00:11.189091,Twitter,Worst performance by my team in the #Finals. Embarrassing.,"#SportsEvent,#ChampionshipGame",1891,619,466,63093,Worst performance by my team in the #Finals. Embarrassing.,-0.7717,negative,2976,4.716771800805148
POST_01820,user_1544,2026-07-25 03:59:11.189091,Reddit,Just watched the new #Blockbuster. Best movie of the year! 🍿🎬,"#Blockbuster,#Cinema",131,20,15,37689,Just watched the new #Blockbuster. Best movie of the year!,0.8553,positive,166,0.4404351286813478
POST_01821,user_713,2026-07-27 22:37:11.189091,Twitter,Just saw the specs for the #TechLaunch phone. They seem okay.,#GadgetReview,3,0,0,453,Just saw the specs for the #TechLaunch phone. They seem okay.,0.2263,positive,3,0.6607929515418502
POST_01822,user_1659,2026-08-10 16:48:11.189091,Reddit,Terrible customer service when I tried to return my #GadgetReview. Never again.,#Smartphone2024,1497,461,223,38455,Terrible customer service when I tried to return my #GadgetReview. Never again.,-0.4767,negative,2181,5.671416684002496
POST_01823,user_854,2026-08-07 21:01:11.189091,Twitter,Terrible customer service when I tried to return my #TechLaunch. Never again.,"#TechLaunch,#Smartphone2024,#GadgetReview",885,148,225,97735,Terrible customer service when I tried to return my #TechLaunch. Never again.,-0.4767,negative,1258,1.2871408692805109
POST_01824,user_2452,2026-07-23 05:18:11.189091,Twitter,Worst ending ever. #MovieRelease completely ruined the franchise.,#Cinema,167,21,17,7006,Worst ending ever. #MovieRelease completely ruined the franchise.,-0.8173,negative,205,2.92564578278864
POST_01825,user_3076,2026-08-10 03:58:11.189091,Instagram,Finally got my hands on the #GadgetReview device. Loving the battery life. 😍 @user_3076 ,#TechLaunch,39,13,9,18194,Finally got my hands on the #GadgetReview device. Loving the battery life.,0.5994,positive,61,0.3352569387194284
POST_01826,user_2670,2026-07-16 17:08:11.189091,Reddit,Can't stop thinking about that game winning play at the #ChampionshipGame!,#SportsEvent,90,14,5,69626,Can't stop thinking about that game winning play at the #ChampionshipGame!,0.7894,positive,109,0.1565484653941718
POST_01827,user_1485,2026-08-08 22:11:11.189091,Reddit,Terrible customer service when I tried to return my #TechLaunch. Never again.,#TechLaunch,213,71,61,37581,Terrible customer service when I tried to return my #TechLaunch. Never again.,-0.4767,negative,345,0.9179926560587516
POST_01828,user_3018,2026-07-22 22:50:11.189091,Twitter,Best #GadgetReview I have ever used. Highly recommend!,#GadgetReview,3094,857,323,57248,Best #GadgetReview I have ever used. Highly recommend!,0.8066,positive,4274,7.465632587468776
POST_01829,user_3493,2026-07-21 08:29:11.189091,Instagram,Worst performance by my team in the #SportsEvent. Embarrassing.,#Finals,6013,2382,1546,65831,Worst performance by my team in the #SportsEvent. Embarrassing.,-0.7717,negative,9941,15.100558998663264
POST_01830,user_4075,2026-07-25 19:25:11.189091,Twitter,Terrible customer service when I tried to return my #GadgetReview. Never again.,"#TechLaunch,#Smartphone2024,#GadgetReview",1527,259,328,29060,Terrible customer service when I tried to return my #GadgetReview. Never again.,-0.4767,negative,2114,7.274353945149857
POST_01831,user_1078,2026-07-23 08:13:11.189091,Instagram,Finally got my hands on the #TechLaunch device. Loving the battery life. 😍,"#GadgetReview,#Smartphone2024",2705,662,776,98504,Finally got my hands on the #TechLaunch device. Loving the battery life.,0.5994,positive,4143,4.205877874219583
POST_01832,user_3536,2026-08-02 04:40:11.189091,Reddit,Watching the #ChampionshipGame with friends. Game is tied.,"#Finals,#ChampionshipGame,#SportsEvent",983,120,264,20273,Watching the #ChampionshipGame with friends. Game is tied.,0.4767,positive,1367,6.742626023478347
POST_01833,user_2598,2026-07-16 06:07:11.189091,Reddit,Incredible display of skill at the #Finals today.,"#SportsEvent,#Finals",614,221,109,27539,Incredible display of skill at the #Finals today.,0.0,neutral,944,3.427741466957153
POST_01834,user_2128,2026-07-21 12:18:11.189091,Reddit,Can't believe we lost the #SportsEvent. So heartbroken right now.,"#SportsEvent,#Finals,#ChampionshipGame",266,69,76,8832,Can't believe we lost the #SportsEvent. So heartbroken right now.,-0.6735,negative,411,4.653005773802785
POST_01835,user_3085,2026-07-31 00:12:11.189091,Instagram,Just saw the specs for the #GadgetReview phone. They seem okay. @user_3085 ,"#Smartphone2024,#TechLaunch",140,31,27,36142,Just saw the specs for the #GadgetReview phone. They seem okay.,0.2263,positive,198,0.5478239216445785
POST_01836,user_1838,2026-07-12 06:50:11.189091,Instagram,Can't stop thinking about that game winning play at the #Finals! @user_1838 ,"#SportsEvent,#Finals,#ChampionshipGame",3440,1008,818,40409,Can't stop thinking about that game winning play at the #Finals!,0.7894,positive,5266,13.031427864390002
POST_01837,user_859,2026-07-12 17:15:11.189091,Instagram,Watching #Cinema with my friends this weekend.,#MovieRelease,294,47,43,6221,Watching #Cinema with my friends this weekend.,0.4767,positive,384,6.171648987463838
POST_01838,user_4260,2026-08-11 09:28:11.189091,Twitter,Incredible performance by the lead actor in #Blockbuster! A must watch! @user_4260 ,#MovieRelease,1622,616,231,23262,Incredible performance by the lead actor in #Blockbuster! A must watch!,0.6688,positive,2469,10.613420453079998
POST_01839,user_554,2026-07-21 19:20:11.189091,Reddit,Best #Smartphone2024 I have ever used. Highly recommend!,"#GadgetReview,#TechLaunch",3566,807,1011,78605,Best #Smartphone2024 I have ever used. Highly recommend!,0.8066,positive,5384,6.8493499223977805
POST_01840,user_883,2026-07-22 07:46:11.189091,Instagram,The #ChampionshipGame is pretty competitive this year.,"#ChampionshipGame,#Finals,#SportsEvent",2902,880,201,91825,The #ChampionshipGame is pretty competitive this year.,0.5994,positive,3983,4.337551456014636
POST_01841,user_197,2026-07-29 12:15:11.189091,Reddit,I fell asleep halfway through #Cinema.,#MovieRelease,565,194,49,32160,I fell asleep halfway through #Cinema.,0.0,neutral,808,2.5123596903081373
POST_01842,user_1047,2026-07-20 14:54:11.189091,Twitter,"#Cinema had some decent moments, but overall average.","#Cinema,#MovieRelease",572,72,66,74218,"#Cinema had some decent moments, but overall average.",0.0,neutral,710,0.9566283566202723
POST_01843,user_1695,2026-08-02 11:13:11.189091,Instagram,Comparing the #Smartphone2024 with other models.,"#TechLaunch,#GadgetReview",711,221,207,80016,Comparing the #Smartphone2024 with other models.,0.0,neutral,1139,1.423447517402552
POST_01844,user_2944,2026-07-19 05:06:11.189091,Reddit,Just watched the new #MovieRelease. Best movie of the year! 🍿🎬 @user_2944 ,#Blockbuster,753,218,202,24073,Just watched the new #MovieRelease. Best movie of the year!,0.6696,positive,1173,4.872476530697018
POST_01845,user_1467,2026-07-12 10:06:11.189091,Instagram,"#Cinema had some decent moments, but overall average.",#Cinema,1818,672,222,77672,"#Cinema had some decent moments, but overall average.",0.0,neutral,2712,3.491560774014136
POST_01846,user_2360,2026-08-08 00:19:11.189091,Reddit,Worst ending ever. #Cinema completely ruined the franchise.,"#Cinema,#Blockbuster",3539,1037,368,77827,Worst ending ever. #Cinema completely ruined the franchise.,-0.8173,negative,4944,6.352469548234568
POST_01847,user_2311,2026-08-07 09:07:11.189091,Twitter,What a thrilling finish to the #SportsEvent! Unbelievable! 🏆🔥,"#SportsEvent,#Finals",7042,1251,1580,76422,What a thrilling finish to the #SportsEvent! Unbelievable!,0.6688,positive,9873,12.918885675778235
POST_01848,user_3868,2026-08-10 01:47:11.189091,Twitter,Incredible display of skill at the #SportsEvent today. https://example.com/link,#SportsEvent,2226,625,120,27227,Incredible display of skill at the #SportsEvent today.,0.0,neutral,2971,10.911561627736154
POST_01849,user_4177,2026-07-23 20:56:11.189091,Reddit,The plot in #Blockbuster made no sense. Avoid at all costs. https://example.com/link,"#Blockbuster,#Cinema",1412,346,177,16469,The plot in #Blockbuster made no sense. Avoid at all costs.,0.5556,positive,1935,11.748633879781421
POST_01850,user_717,2026-08-04 18:43:11.189091,Twitter,Extremely disappointed with the #Smartphone2024 phone. Overheating issues are terrible. 😡 @user_717  https://example.com/link,#GadgetReview,8162,1906,566,96561,Extremely disappointed with the #Smartphone2024 phone. Overheating issues are terrible.,-0.7574,negative,10634,11.012613657546447
POST_01851,user_978,2026-08-10 02:40:11.189091,Reddit,Can't believe we lost the #SportsEvent. So heartbroken right now. https://example.com/link,#Finals,5511,1394,324,84101,Can't believe we lost the #SportsEvent. So heartbroken right now.,-0.6735,negative,7229,8.595514969917481
POST_01852,user_1958,2026-08-10 10:57:11.189091,Reddit,I was on the edge of my seat during #MovieRelease!,#Cinema,988,354,140,11014,I was on the edge of my seat during #MovieRelease!,0.0,neutral,1482,13.454380390376757
POST_01853,user_3462,2026-08-09 18:11:11.189091,Instagram,Who do you think will win the #Finals?,"#SportsEvent,#Finals",2036,479,271,46978,Who do you think will win the #Finals?,0.5859,positive,2786,5.930309287128291
POST_01854,user_3224,2026-08-07 10:56:11.189091,Instagram,Anyone getting the new #GadgetReview? I can't decide.,"#Smartphone2024,#GadgetReview",699,122,136,53991,Anyone getting the new #GadgetReview? I can't decide.,0.0,neutral,957,1.7724848125648243
POST_01855,user_1976,2026-08-02 05:48:11.189091,Reddit,Will wait for the reviews before buying the #TechLaunch device. https://example.com/link,#TechLaunch,3519,937,651,72979,Will wait for the reviews before buying the #TechLaunch device.,0.0,neutral,5107,6.997807618525624
POST_01856,user_1895,2026-07-27 22:07:11.189091,Twitter,"Tickets for #Blockbuster were expensive, hope it's worth it.",#Cinema,2204,848,619,59026,"Tickets for #Blockbuster were expensive, hope it's worth it.",0.8271,positive,3671,6.219187829298456
POST_01857,user_3003,2026-07-12 00:51:11.189091,Instagram,Getting snacks ready for the #Finals.,"#Finals,#SportsEvent,#ChampionshipGame",3530,418,641,90351,Getting snacks ready for the #Finals.,0.3612,positive,4589,5.079024260669382
POST_01858,user_2226,2026-07-18 23:04:11.189091,Instagram,"Wow, the screen on the #Smartphone2024 is stunning.","#TechLaunch,#Smartphone2024",2196,279,162,45611,"Wow, the screen on the #Smartphone2024 is stunning.",0.7506,positive,2637,5.781373322809786
POST_01859,user_3710,2026-08-08 10:03:11.189091,Twitter,Watching #Cinema with my friends this weekend. https://example.com/link,#Blockbuster,706,215,137,17497,Watching #Cinema with my friends this weekend.,0.4767,positive,1058,6.046405303463253
POST_01860,user_182,2026-08-03 20:57:11.189091,Instagram,I was on the edge of my seat during #Blockbuster!,"#MovieRelease,#Blockbuster,#Cinema",4518,1152,440,60779,I was on the edge of my seat during #Blockbuster!,0.636,positive,6110,10.052648897663705
POST_01861,user_661,2026-07-14 02:18:11.189091,Reddit,Getting snacks ready for the #ChampionshipGame.,#ChampionshipGame,2022,474,342,78058,Getting snacks ready for the #ChampionshipGame.,0.3612,positive,2838,3.6357114490321427
POST_01862,user_1307,2026-07-30 04:13:11.189091,Twitter,Incredible display of skill at the #SportsEvent today.,"#Finals,#ChampionshipGame,#SportsEvent",1011,205,218,14429,Incredible display of skill at the #SportsEvent today.,0.0,neutral,1434,9.937629937629938
POST_01863,user_3282,2026-07-13 13:19:11.189091,Instagram,Terrible refereeing ruined the #SportsEvent. Absolutely rigged. 🗑️ https://example.com/link,"#SportsEvent,#ChampionshipGame",5061,1238,665,75630,Terrible refereeing ruined the #SportsEvent. Absolutely rigged.,-0.8399,negative,6964,9.207864500006611
POST_01864,user_958,2026-07-19 12:59:11.189091,Twitter,Watching #Blockbuster with my friends this weekend.,"#Cinema,#MovieRelease,#Blockbuster",607,193,107,61262,Watching #Blockbuster with my friends this weekend.,0.7906,positive,907,1.480502097513997
POST_01865,user_804,2026-07-29 16:34:11.189091,Instagram,Terrible refereeing ruined the #ChampionshipGame. Absolutely rigged. 🗑️,"#ChampionshipGame,#Finals,#SportsEvent",1623,522,160,46807,Terrible refereeing ruined the #ChampionshipGame. Absolutely rigged.,-0.8399,negative,2305,4.924371902238933
POST_01866,user_4361,2026-07-26 06:21:11.189091,Instagram,I fell asleep halfway through #Blockbuster.,"#MovieRelease,#Cinema",1217,159,208,60074,I fell asleep halfway through #Blockbuster.,0.5994,positive,1584,2.636704119850187
POST_01867,user_1980,2026-07-20 17:36:11.189091,Twitter,"Tickets for #Blockbuster were expensive, hope it's worth it.",#Cinema,3269,1162,674,69263,"Tickets for #Blockbuster were expensive, hope it's worth it.",0.8271,positive,5105,7.3703511203511205
POST_01868,user_4302,2026-08-09 16:17:11.189091,Reddit,Terrible refereeing ruined the #SportsEvent. Absolutely rigged. 🗑️ @user_4302 ,"#ChampionshipGame,#SportsEvent",578,214,155,10857,Terrible refereeing ruined the #SportsEvent. Absolutely rigged.,-0.8399,negative,947,8.72167986737889
POST_01869,user_1120,2026-08-08 07:41:11.189091,Reddit,Not worth the upgrade. #Smartphone2024 is just a rehash of last year's model. https://example.com/link,#TechLaunch,1122,195,185,66667,Not worth the upgrade. #Smartphone2024 is just a rehash of last year's model.,-0.1695,negative,1502,2.252954940901182
POST_01870,user_3671,2026-07-12 02:59:11.189091,Instagram,The plot in #Cinema made no sense. Avoid at all costs. @user_3671 ,#Cinema,1706,558,215,79862,The plot in #Cinema made no sense. Avoid at all costs.,-0.0803,negative,2479,3.1040657125327122
POST_01871,user_4802,2026-07-11 19:14:11.189091,Instagram,The plot in #Cinema made no sense. Avoid at all costs.,#MovieRelease,2415,669,693,82805,The plot in #Cinema made no sense. Avoid at all costs.,-0.0803,negative,3777,4.5612636765451775
POST_01872,user_3232,2026-08-10 06:15:11.189091,Instagram,I fell asleep halfway through #Blockbuster.,#Cinema,1692,437,409,28214,I fell asleep halfway through #Blockbuster.,0.5994,positive,2538,8.995215311004785
POST_01873,user_4048,2026-07-18 02:05:11.189091,Reddit,The #ChampionshipGame is pretty competitive this year.,"#ChampionshipGame,#Finals,#SportsEvent",1172,428,143,31604,The #ChampionshipGame is pretty competitive this year.,0.5994,positive,1743,5.514950166112957
POST_01874,user_1092,2026-08-04 18:56:11.189091,Reddit,Can't believe we lost the #SportsEvent. So heartbroken right now.,"#Finals,#SportsEvent,#ChampionshipGame",2253,513,236,81002,Can't believe we lost the #SportsEvent. So heartbroken right now.,-0.6735,negative,3002,3.7060355789291752
POST_01875,user_4089,2026-07-31 23:08:11.189091,Instagram,Watching the #Finals with friends. Game is tied.,#ChampionshipGame,77,8,14,50204,Watching the #Finals with friends. Game is tied.,0.4767,positive,99,0.1971915147893636
POST_01876,user_4114,2026-07-14 21:13:11.189091,Twitter,Finally got my hands on the #TechLaunch device. Loving the battery life. 😍 https://example.com/link,#Smartphone2024,6380,2142,362,81862,Finally got my hands on the #TechLaunch device. Loving the battery life.,0.5994,positive,8884,10.852277585722488
POST_01877,user_4883,2026-07-29 09:44:11.189091,Twitter,The new #Smartphone2024 phone is absolutely amazing! The camera is unreal! 📱✨,#TechLaunch,4305,1187,245,95442,The new #Smartphone2024 phone is absolutely amazing! The camera is unreal!,0.6885,positive,5737,6.010917510975137
POST_01878,user_4472,2026-07-20 08:07:11.189091,Instagram,Incredible performance by the lead actor in #Cinema! A must watch! @user_4472 ,"#Blockbuster,#Cinema,#MovieRelease",156,59,26,70274,Incredible performance by the lead actor in #Cinema! A must watch!,0.0,neutral,241,0.3429384560654571
POST_01879,user_3398,2026-07-20 20:26:11.189091,Reddit,Extremely disappointed with the #Smartphone2024 phone. Overheating issues are terrible. 😡 https://example.com/link,"#GadgetReview,#TechLaunch,#Smartphone2024",2238,297,538,84122,Extremely disappointed with the #Smartphone2024 phone. Overheating issues are terrible.,-0.7574,negative,3073,3.652984320578201
POST_01880,user_2350,2026-07-30 07:27:11.189091,Twitter,The broadcast quality for the #ChampionshipGame is awful. 😡,"#ChampionshipGame,#SportsEvent",465,51,103,13657,The broadcast quality for the #ChampionshipGame is awful.,-0.4588,negative,619,4.532142334163128
POST_01881,user_4012,2026-07-21 16:36:11.189091,Instagram,Not worth the upgrade. #TechLaunch is just a rehash of last year's model.,#Smartphone2024,6237,1836,815,74764,Not worth the upgrade. #TechLaunch is just a rehash of last year's model.,-0.1695,negative,8888,11.887915468467867
POST_01882,user_4536,2026-08-06 20:37:11.189091,Instagram,Comparing the #GadgetReview with other models. @user_4536 ,"#TechLaunch,#Smartphone2024,#GadgetReview",441,44,48,33353,Comparing the #GadgetReview with other models.,0.0,neutral,533,1.5980092342747494
POST_01883,user_3470,2026-07-19 19:08:11.189091,Twitter,I was on the edge of my seat during #MovieRelease!,#MovieRelease,9612,3585,2152,86095,I was on the edge of my seat during #MovieRelease!,0.0,neutral,15349,17.827773648020813
POST_01884,user_3046,2026-08-03 01:06:11.189091,Reddit,I was on the edge of my seat during #Cinema!,"#Cinema,#MovieRelease,#Blockbuster",1683,249,247,17373,I was on the edge of my seat during #Cinema!,0.0,neutral,2179,12.541729020375273
POST_01885,user_1406,2026-07-30 01:40:11.189091,Twitter,Incredible display of skill at the #ChampionshipGame today. @user_1406 ,"#ChampionshipGame,#SportsEvent,#Finals",224,45,40,7285,Incredible display of skill at the #ChampionshipGame today.,0.0,neutral,309,4.241010156464452
POST_01886,user_10,2026-07-23 08:07:11.189091,Instagram,"Tickets for #Cinema were expensive, hope it's worth it.","#MovieRelease,#Blockbuster",3092,373,846,63283,"Tickets for #Cinema were expensive, hope it's worth it.",0.5859,positive,4311,6.812148410340686
POST_01887,user_355,2026-07-23 10:22:11.189091,Reddit,The #ChampionshipGame is pretty competitive this year. https://example.com/link,#SportsEvent,139,24,21,5648,The #ChampionshipGame is pretty competitive this year.,0.5994,positive,184,3.2572136661355993
POST_01888,user_1652,2026-07-31 03:06:11.189091,Instagram,Best #TechLaunch I have ever used. Highly recommend!,#TechLaunch,4232,649,418,55551,Best #TechLaunch I have ever used. Highly recommend!,0.8066,positive,5299,9.538810483870968
POST_01889,user_4273,2026-07-15 14:01:11.189091,Instagram,"Tickets for #Cinema were expensive, hope it's worth it. @user_4273  https://example.com/link",#Cinema,721,121,149,62193,"Tickets for #Cinema were expensive, hope it's worth it.",0.5859,positive,991,1.5934012927292023
POST_01890,user_1311,2026-07-29 07:28:11.189091,Twitter,Worst ending ever. #Blockbuster completely ruined the franchise.,#Cinema,6354,1816,481,96182,Worst ending ever. #Blockbuster completely ruined the franchise.,-0.5563,negative,8651,8.994312924321346
POST_01891,user_2740,2026-07-23 17:49:11.189091,Reddit,The broadcast quality for the #ChampionshipGame is awful. 😡,#ChampionshipGame,58,20,13,949,The broadcast quality for the #ChampionshipGame is awful.,-0.4588,negative,91,9.578947368421051
POST_01892,user_2627,2026-08-08 04:27:11.189091,Reddit,The battery life on this #Smartphone2024 is a joke. 🗑️,"#Smartphone2024,#TechLaunch",5058,1539,1258,87059,The battery life on this #Smartphone2024 is a joke.,0.296,positive,7855,9.022513209280955
POST_01893,user_2122,2026-07-21 08:41:11.189091,Reddit,What a thrilling finish to the #SportsEvent! Unbelievable! 🏆🔥 https://example.com/link,"#Finals,#ChampionshipGame",866,260,258,71648,What a thrilling finish to the #SportsEvent! Unbelievable!,0.6688,positive,1384,1.9316389621627654
POST_01894,user_3426,2026-07-28 08:26:11.189091,Twitter,Will wait for the reviews before buying the #TechLaunch device.,#Smartphone2024,7,2,1,3086,Will wait for the reviews before buying the #TechLaunch device.,0.0,neutral,10,0.32393909944930355
POST_01895,user_4924,2026-07-29 00:06:11.189091,Twitter,Worst ending ever. #MovieRelease completely ruined the franchise.,"#Blockbuster,#MovieRelease",168,40,47,22184,Worst ending ever. #MovieRelease completely ruined the franchise.,-0.8173,negative,255,1.1494252873563218
POST_01896,user_1999,2026-08-04 14:47:11.189091,Instagram,Watching the #Finals with friends. Game is tied.,"#SportsEvent,#Finals",104,36,7,2405,Watching the #Finals with friends. Game is tied.,0.4767,positive,147,6.109725685785536
POST_01897,user_483,2026-07-13 00:53:11.189091,Twitter,The new #Smartphone2024 phone is absolutely amazing! The camera is unreal! 📱✨,"#TechLaunch,#GadgetReview,#Smartphone2024",1561,257,394,32502,The new #Smartphone2024 phone is absolutely amazing! The camera is unreal!,0.6885,positive,2212,6.805525643786728
POST_01898,user_1831,2026-07-29 05:02:11.189091,Twitter,The visual effects in #Cinema blew my mind. 10/10.,"#MovieRelease,#Cinema",1831,569,392,90305,The visual effects in #Cinema blew my mind. 10/10.,0.0,neutral,2792,3.0917104068389696
POST_01899,user_3710,2026-08-05 00:25:11.189091,Reddit,What a thrilling finish to the #Finals! Unbelievable! 🏆🔥,#ChampionshipGame,816,300,138,63267,What a thrilling finish to the #Finals! Unbelievable!,0.6688,positive,1254,1.9820446355187458
POST_01900,user_2108,2026-08-04 22:13:11.189091,Instagram,Incredible display of skill at the #Finals today. @user_2108 ,"#ChampionshipGame,#Finals",52,13,15,12807,Incredible display of skill at the #Finals today.,0.0,neutral,80,0.6246096189881324
POST_01901,user_428,2026-07-26 15:00:11.189091,Twitter,What a thrilling finish to the #SportsEvent! Unbelievable! 🏆🔥,"#SportsEvent,#Finals",4091,1407,830,75273,What a thrilling finish to the #SportsEvent! Unbelievable!,0.6688,positive,6328,8.406621144086936
POST_01902,user_4194,2026-08-04 23:08:11.189091,Twitter,The visual effects in #Cinema blew my mind. 10/10. @user_4194 ,"#Cinema,#Blockbuster",2235,730,150,74211,The visual effects in #Cinema blew my mind. 10/10.,0.0,neutral,3115,4.197434377189673
POST_01903,user_1842,2026-08-05 10:12:11.189091,Twitter,Can't believe we lost the #Finals. So heartbroken right now. @user_1842 ,"#Finals,#ChampionshipGame,#SportsEvent",206,50,11,4312,Can't believe we lost the #Finals. So heartbroken right now.,-0.6735,negative,267,6.190586598655228
POST_01904,user_2928,2026-08-04 04:06:11.189091,Instagram,I was on the edge of my seat during #Cinema! @user_2928 ,#Blockbuster,5573,896,681,85420,I was on the edge of my seat during #Cinema!,0.0,neutral,7150,8.370307067348778
POST_01905,user_2098,2026-08-03 01:14:11.189091,Reddit,Watching #Cinema with my friends this weekend.,"#MovieRelease,#Cinema",298,99,37,11803,Watching #Cinema with my friends this weekend.,0.4767,positive,434,3.67671975601491
POST_01906,user_1516,2026-08-06 23:52:11.189091,Reddit,Watching #Blockbuster with my friends this weekend. @user_1516 ,#MovieRelease,4,0,1,2477,Watching #Blockbuster with my friends this weekend.,0.7906,positive,5,0.20177562550443903
POST_01907,user_2298,2026-07-17 18:06:11.189091,Twitter,Can't stop thinking about that game winning play at the #Finals!,#Finals,444,141,93,20663,Can't stop thinking about that game winning play at the #Finals!,0.7894,positive,678,3.281068524970964
POST_01908,user_3287,2026-08-03 02:11:11.189091,Reddit,Can't believe we lost the #Finals. So heartbroken right now.,"#ChampionshipGame,#SportsEvent,#Finals",58,16,12,992,Can't believe we lost the #Finals. So heartbroken right now.,-0.6735,negative,86,8.66062437059416
POST_01909,user_4055,2026-08-02 18:38:11.189091,Instagram,"Tickets for #MovieRelease were expensive, hope it's worth it.","#Cinema,#Blockbuster",1576,546,196,32287,"Tickets for #MovieRelease were expensive, hope it's worth it.",0.5859,positive,2318,7.179137760158573
POST_01910,user_4279,2026-07-28 01:44:11.189091,Twitter,Who do you think will win the #Finals? https://example.com/link,"#ChampionshipGame,#SportsEvent,#Finals",95,25,14,5538,Who do you think will win the #Finals?,0.5859,positive,134,2.4192092435457666
POST_01911,user_2048,2026-07-21 14:49:11.189091,Twitter,Will wait for the reviews before buying the #TechLaunch device.,#GadgetReview,1208,276,355,74814,Will wait for the reviews before buying the #TechLaunch device.,0.0,neutral,1839,2.4580632226157855
POST_01912,user_1497,2026-08-10 05:37:11.189091,Instagram,"#Cinema had some decent moments, but overall average.",#Cinema,797,124,184,85089,"#Cinema had some decent moments, but overall average.",0.0,neutral,1105,1.298624985309672
POST_01913,user_306,2026-07-25 15:22:11.189091,Reddit,Watching #Cinema with my friends this weekend. https://example.com/link,#MovieRelease,1191,283,62,46469,Watching #Cinema with my friends this weekend.,0.4767,positive,1536,3.3053582956746292
POST_01914,user_2099,2026-07-22 02:08:11.189091,Instagram,Terrible customer service when I tried to return my #Smartphone2024. Never again. https://example.com/link,#TechLaunch,1808,605,244,98292,Terrible customer service when I tried to return my #Smartphone2024. Never again.,-0.4767,negative,2657,2.7031426449492844
POST_01915,user_2299,2026-08-08 21:18:11.189091,Instagram,Just saw the specs for the #GadgetReview phone. They seem okay.,"#TechLaunch,#GadgetReview",1275,269,253,55666,Just saw the specs for the #GadgetReview phone. They seem okay.,0.2263,positive,1797,3.2281243824887276
POST_01916,user_381,2026-08-02 14:31:11.189091,Twitter,Terrible refereeing ruined the #ChampionshipGame. Absolutely rigged. 🗑️,"#SportsEvent,#Finals",525,157,41,10409,Terrible refereeing ruined the #ChampionshipGame. Absolutely rigged.,-0.8399,negative,723,6.945244956772334
POST_01917,user_3007,2026-08-03 01:44:11.189091,Twitter,"#Blockbuster had some decent moments, but overall average. @user_3007 ",#Cinema,2363,382,413,67812,"#Blockbuster had some decent moments, but overall average.",0.3506,positive,3158,4.6569241885774115
POST_01918,user_235,2026-07-15 16:52:11.189091,Twitter,Not worth the upgrade. #GadgetReview is just a rehash of last year's model. https://example.com/link,#TechLaunch,858,187,148,17455,Not worth the upgrade. #GadgetReview is just a rehash of last year's model.,-0.1695,negative,1193,6.834326306141154
POST_01919,user_2166,2026-07-31 17:27:11.189091,Instagram,Not worth the upgrade. #GadgetReview is just a rehash of last year's model.,#TechLaunch,2048,518,191,24493,Not worth the upgrade. #GadgetReview is just a rehash of last year's model.,-0.1695,negative,2757,11.25581775128603
POST_01920,user_4387,2026-07-12 09:42:11.189091,Instagram,The visual effects in #Cinema blew my mind. 10/10. @user_4387  https://example.com/link,"#Cinema,#Blockbuster",3,0,0,646,The visual effects in #Cinema blew my mind. 10/10.,0.0,neutral,3,0.46367851622874806
POST_01921,user_1351,2026-07-25 00:39:11.189091,Instagram,Terrible refereeing ruined the #Finals. Absolutely rigged. 🗑️ @user_1351 ,"#Finals,#SportsEvent",1038,157,69,54301,Terrible refereeing ruined the #Finals. Absolutely rigged.,-0.8399,negative,1264,2.3277227358108354
POST_01922,user_1280,2026-07-17 23:39:11.189091,Reddit,Best #TechLaunch I have ever used. Highly recommend! @user_1280  https://example.com/link,#GadgetReview,5382,1806,1026,77552,Best #TechLaunch I have ever used. Highly recommend!,0.8066,positive,8214,10.591466480987195
POST_01923,user_546,2026-08-10 06:58:11.189091,Instagram,"Tickets for #MovieRelease were expensive, hope it's worth it.",#MovieRelease,2649,292,717,64876,"Tickets for #MovieRelease were expensive, hope it's worth it.",0.5859,positive,3658,5.638361823142254
POST_01924,user_4735,2026-07-24 19:20:11.189091,Reddit,My team finally won the #SportsEvent! Best day ever!,"#ChampionshipGame,#Finals,#SportsEvent",2063,611,473,32913,My team finally won the #SportsEvent! Best day ever!,0.8585,positive,3147,9.561280913896821
POST_01925,user_2920,2026-07-20 03:33:11.189091,Reddit,I fell asleep halfway through #MovieRelease. https://example.com/link,"#Blockbuster,#MovieRelease,#Cinema",1896,309,197,27840,I fell asleep halfway through #MovieRelease.,0.0,neutral,2402,8.627563665098236
POST_01926,user_4335,2026-07-20 11:29:11.189091,Twitter,The battery life on this #Smartphone2024 is a joke. 🗑️,"#Smartphone2024,#TechLaunch,#GadgetReview",3958,613,551,71005,The battery life on this #Smartphone2024 is a joke.,0.296,positive,5122,7.213474917612596
POST_01927,user_1981,2026-07-29 06:01:11.189091,Instagram,Worst ending ever. #MovieRelease completely ruined the franchise.,"#MovieRelease,#Cinema,#Blockbuster",3652,1030,355,88729,Worst ending ever. #MovieRelease completely ruined the franchise.,-0.8173,negative,5037,5.676772230361771
POST_01928,user_402,2026-07-25 12:25:11.189091,Reddit,The broadcast quality for the #ChampionshipGame is awful. 😡,"#SportsEvent,#Finals,#ChampionshipGame",26,3,2,1392,The broadcast quality for the #ChampionshipGame is awful.,-0.4588,negative,31,2.2254127781765973
POST_01929,user_3330,2026-08-03 00:13:11.189091,Twitter,Getting snacks ready for the #ChampionshipGame. https://example.com/link,#ChampionshipGame,903,339,256,29705,Getting snacks ready for the #ChampionshipGame.,0.3612,positive,1498,5.042752305931462
POST_01930,user_1421,2026-08-07 00:46:11.189091,Instagram,What a thrilling finish to the #SportsEvent! Unbelievable! 🏆🔥,"#ChampionshipGame,#Finals",734,106,126,17063,What a thrilling finish to the #SportsEvent! Unbelievable!,0.6688,positive,966,5.661040787623066
POST_01931,user_1964,2026-08-08 18:55:11.189091,Reddit,Worst performance by my team in the #ChampionshipGame. Embarrassing.,"#ChampionshipGame,#Finals,#SportsEvent",1054,196,121,76083,Worst performance by my team in the #ChampionshipGame. Embarrassing.,-0.7717,negative,1371,1.801955733137059
POST_01932,user_2801,2026-07-22 16:17:11.189091,Twitter,Comparing the #TechLaunch with other models.,"#GadgetReview,#TechLaunch",4042,1427,904,81199,Comparing the #TechLaunch with other models.,0.0,neutral,6373,7.848522167487684
POST_01933,user_3816,2026-08-11 09:21:11.189091,Reddit,Anyone getting the new #Smartphone2024? I can't decide.,"#GadgetReview,#TechLaunch,#Smartphone2024",1113,352,181,47305,Anyone getting the new #Smartphone2024? I can't decide.,0.0,neutral,1646,3.4794740624867884
POST_01934,user_900,2026-07-22 08:02:11.189091,Twitter,Can't stop thinking about that game winning play at the #SportsEvent!,"#ChampionshipGame,#SportsEvent,#Finals",2206,571,424,34060,Can't stop thinking about that game winning play at the #SportsEvent!,0.7894,positive,3201,9.397845042717478
POST_01935,user_3109,2026-08-03 06:03:11.189091,Instagram,Incredible display of skill at the #Finals today.,#SportsEvent,553,144,56,22267,Incredible display of skill at the #Finals today.,0.0,neutral,753,3.3815340398778515
POST_01936,user_1188,2026-07-25 17:01:11.189091,Twitter,The #SportsEvent is pretty competitive this year.,#ChampionshipGame,363,143,96,28977,The #SportsEvent is pretty competitive this year.,0.5994,positive,602,2.0774380564566224
POST_01937,user_610,2026-07-12 13:21:11.189091,Twitter,Anyone getting the new #TechLaunch? I can't decide.,"#GadgetReview,#TechLaunch",2889,623,634,97089,Anyone getting the new #TechLaunch? I can't decide.,0.0,neutral,4146,4.270264702853023
POST_01938,user_1845,2026-07-17 22:42:11.189091,Reddit,Can't stop thinking about that game winning play at the #ChampionshipGame!,"#ChampionshipGame,#SportsEvent,#Finals",2247,665,296,52132,Can't stop thinking about that game winning play at the #ChampionshipGame!,0.7894,positive,3208,6.153492030000192
POST_01939,user_4527,2026-07-25 21:46:11.189091,Instagram,Comparing the #Smartphone2024 with other models.,#GadgetReview,694,168,203,33292,Comparing the #Smartphone2024 with other models.,0.0,neutral,1065,3.1988706334664947
POST_01940,user_1417,2026-07-19 15:47:11.189091,Reddit,Going to see #Cinema tonight. Hope it's good.,"#Blockbuster,#MovieRelease,#Cinema",1023,333,213,81107,Going to see #Cinema tonight. Hope it's good.,0.7003,positive,1569,1.9344577600236723
POST_01941,user_3822,2026-07-23 19:49:11.189091,Instagram,Just watched the new #Blockbuster. Best movie of the year! 🍿🎬,#Blockbuster,1092,220,233,38002,Just watched the new #Blockbuster. Best movie of the year!,0.8553,positive,1545,4.065468515643502
POST_01942,user_1003,2026-07-28 14:52:11.189091,Instagram,Will wait for the reviews before buying the #Smartphone2024 device. https://example.com/link,"#TechLaunch,#Smartphone2024,#GadgetReview",416,165,76,70940,Will wait for the reviews before buying the #Smartphone2024 device.,0.0,neutral,657,0.9261217067704148
POST_01943,user_3035,2026-08-11 15:02:11.189091,Reddit,The visual effects in #Cinema blew my mind. 10/10.,"#Cinema,#Blockbuster,#MovieRelease",1691,626,319,72387,The visual effects in #Cinema blew my mind. 10/10.,0.0,neutral,2636,3.6414875393711665
POST_01944,user_4338,2026-07-20 23:33:11.189091,Twitter,Terrible refereeing ruined the #SportsEvent. Absolutely rigged. 🗑️ @user_4338 ,"#ChampionshipGame,#SportsEvent,#Finals",524,200,141,31503,Terrible refereeing ruined the #SportsEvent. Absolutely rigged.,-0.8399,negative,865,2.7456830878618588
POST_01945,user_2210,2026-08-06 07:36:11.189091,Twitter,Incredible display of skill at the #Finals today.,#Finals,49,12,7,32790,Incredible display of skill at the #Finals today.,0.0,neutral,68,0.20737397456619197
POST_01946,user_3593,2026-08-02 21:31:11.189091,Instagram,I was on the edge of my seat during #Cinema!,"#MovieRelease,#Cinema,#Blockbuster",95,11,16,15762,I was on the edge of my seat during #Cinema!,0.0,neutral,122,0.7739643468882826
POST_01947,user_1928,2026-07-26 20:24:11.189091,Twitter,Best #GadgetReview I have ever used. Highly recommend!,"#Smartphone2024,#GadgetReview",7032,2437,524,89011,Best #GadgetReview I have ever used. Highly recommend!,0.8066,positive,9993,11.226576191974116
POST_01948,user_4522,2026-07-28 20:08:11.189091,Instagram,Anyone getting the new #GadgetReview? I can't decide.,"#Smartphone2024,#GadgetReview",1853,289,533,78215,Anyone getting the new #GadgetReview? I can't decide.,0.0,neutral,2675,3.42001636493812
POST_01949,user_4173,2026-08-06 00:51:11.189091,Reddit,Extremely disappointed with the #GadgetReview phone. Overheating issues are terrible. 😡,"#GadgetReview,#Smartphone2024,#TechLaunch",3268,1006,759,85129,Extremely disappointed with the #GadgetReview phone. Overheating issues are terrible.,-0.7574,negative,5033,5.912134382708798
POST_01950,user_4232,2026-08-04 07:25:11.189091,Reddit,Will wait for the reviews before buying the #Smartphone2024 device.,#Smartphone2024,687,224,93,58499,Will wait for the reviews before buying the #Smartphone2024 device.,0.0,neutral,1004,1.7162393162393164
POST_01951,user_344,2026-07-30 07:22:11.189091,Reddit,Best #TechLaunch I have ever used. Highly recommend!,"#Smartphone2024,#TechLaunch",9547,1538,1504,80472,Best #TechLaunch I have ever used. Highly recommend!,0.8066,positive,12589,15.643756290929877
POST_01952,user_1665,2026-07-24 17:11:11.189091,Twitter,Worst performance by my team in the #ChampionshipGame. Embarrassing.,#ChampionshipGame,1524,484,359,70255,Worst performance by my team in the #ChampionshipGame. Embarrassing.,-0.7717,negative,2367,3.3691072648599407
POST_01953,user_76,2026-07-29 10:12:11.189091,Reddit,Best #Smartphone2024 I have ever used. Highly recommend! @user_76 ,#Smartphone2024,4378,1749,916,93874,Best #Smartphone2024 I have ever used. Highly recommend!,0.8066,positive,7043,7.502529960053263
POST_01954,user_2370,2026-07-26 03:57:11.189091,Instagram,"Wow, the screen on the #GadgetReview is stunning. @user_2370 ",#Smartphone2024,1786,560,116,45366,"Wow, the screen on the #GadgetReview is stunning.",0.7506,positive,2462,5.426852117177685
POST_01955,user_1380,2026-07-14 09:04:11.189091,Reddit,Not worth the upgrade. #TechLaunch is just a rehash of last year's model.,"#Smartphone2024,#TechLaunch",2325,368,624,32969,Not worth the upgrade. #TechLaunch is just a rehash of last year's model.,-0.1695,negative,3317,10.060661207158022
POST_01956,user_568,2026-08-09 01:18:11.189091,Reddit,The battery life on this #Smartphone2024 is a joke. 🗑️,#Smartphone2024,580,123,110,62887,The battery life on this #Smartphone2024 is a joke.,0.296,positive,813,1.292774456176059
POST_01957,user_1742,2026-07-31 04:56:11.189091,Reddit,Can't believe we lost the #ChampionshipGame. So heartbroken right now.,#ChampionshipGame,513,85,112,22054,Can't believe we lost the #ChampionshipGame. So heartbroken right now.,-0.6735,negative,710,3.2192246656087056
POST_01958,user_2875,2026-08-07 00:41:11.189091,Instagram,I was on the edge of my seat during #Cinema! @user_2875 ,"#Blockbuster,#Cinema",470,66,45,11984,I was on the edge of my seat during #Cinema!,0.0,neutral,581,4.847726324572382
POST_01959,user_4440,2026-08-10 23:48:11.189091,Instagram,Can't stop thinking about that game winning play at the #SportsEvent!,#SportsEvent,2636,828,728,41283,Can't stop thinking about that game winning play at the #SportsEvent!,0.7894,positive,4192,10.154054839647321
POST_01960,user_3939,2026-07-31 03:58:11.189091,Reddit,The #SportsEvent is pretty competitive this year.,"#ChampionshipGame,#SportsEvent",487,190,77,10012,The #SportsEvent is pretty competitive this year.,0.5994,positive,754,7.5302107260561275
POST_01961,user_2294,2026-08-04 08:26:11.189091,Twitter,Extremely disappointed with the #GadgetReview phone. Overheating issues are terrible. 😡 @user_2294  https://example.com/link,"#TechLaunch,#GadgetReview",2540,713,505,74963,Extremely disappointed with the #GadgetReview phone. Overheating issues are terrible.,-0.7574,negative,3758,5.013072941678672
POST_01962,user_2640,2026-07-16 03:31:11.189091,Reddit,Watching #Blockbuster with my friends this weekend.,#Blockbuster,126,18,33,5307,Watching #Blockbuster with my friends this weekend.,0.7906,positive,177,3.3345892991710624
POST_01963,user_2416,2026-08-04 14:54:11.189091,Twitter,Watching the #Finals with friends. Game is tied. @user_2416 ,"#Finals,#SportsEvent",629,126,113,16216,Watching the #Finals with friends. Game is tied.,0.4767,positive,868,5.352407966948265
POST_01964,user_998,2026-07-24 04:09:11.189091,Reddit,Will wait for the reviews before buying the #Smartphone2024 device.,"#TechLaunch,#GadgetReview,#Smartphone2024",1465,157,267,30020,Will wait for the reviews before buying the #Smartphone2024 device.,0.0,neutral,1889,6.292262083208421
POST_01965,user_3573,2026-07-20 11:27:11.189091,Twitter,Can't believe we lost the #SportsEvent. So heartbroken right now.,"#Finals,#ChampionshipGame",829,281,167,99816,Can't believe we lost the #SportsEvent. So heartbroken right now.,-0.6735,negative,1277,1.2793411943857258
POST_01966,user_2654,2026-08-08 23:28:11.189091,Twitter,My team finally won the #ChampionshipGame! Best day ever!,"#ChampionshipGame,#Finals,#SportsEvent",996,273,57,41190,My team finally won the #ChampionshipGame! Best day ever!,0.8585,positive,1326,3.219149814279818
POST_01967,user_3655,2026-07-31 03:34:11.189091,Instagram,The plot in #Cinema made no sense. Avoid at all costs.,"#MovieRelease,#Cinema",484,181,91,60751,The plot in #Cinema made no sense. Avoid at all costs.,-0.0803,negative,756,1.2444034764287595
POST_01968,user_726,2026-07-17 19:22:11.189091,Twitter,Will wait for the reviews before buying the #Smartphone2024 device.,#Smartphone2024,548,154,36,18600,Will wait for the reviews before buying the #Smartphone2024 device.,0.0,neutral,738,3.9675286274931456
POST_01969,user_537,2026-08-02 04:13:11.189091,Instagram,Just watched the new #Blockbuster. Best movie of the year! 🍿🎬,#Cinema,635,230,123,88258,Just watched the new #Blockbuster. Best movie of the year!,0.8553,positive,988,1.1194325791137447
POST_01970,user_1971,2026-08-10 11:38:11.189091,Instagram,"#Blockbuster had some decent moments, but overall average.",#Blockbuster,1040,117,309,59414,"#Blockbuster had some decent moments, but overall average.",0.3506,positive,1466,2.4673903896322478
POST_01971,user_1409,2026-08-03 02:42:11.189091,Instagram,The new #GadgetReview phone is absolutely amazing! The camera is unreal! 📱✨,"#TechLaunch,#GadgetReview,#Smartphone2024",1006,153,211,10697,The new #GadgetReview phone is absolutely amazing! The camera is unreal!,0.6885,positive,1370,12.806131987287344
POST_01972,user_4753,2026-07-15 03:40:11.189091,Reddit,"Wow, the screen on the #Smartphone2024 is stunning.","#GadgetReview,#TechLaunch,#Smartphone2024",1155,199,61,53855,"Wow, the screen on the #Smartphone2024 is stunning.",0.7506,positive,1415,2.627376708259061
POST_01973,user_4380,2026-08-09 19:34:11.189091,Reddit,Going to see #MovieRelease tonight. Hope it's good.,"#Blockbuster,#MovieRelease",646,93,85,76272,Going to see #MovieRelease tonight. Hope it's good.,0.7003,positive,824,1.0803298677120343
POST_01974,user_251,2026-08-01 14:56:11.189091,Twitter,I was on the edge of my seat during #Cinema!,"#Blockbuster,#Cinema",4407,887,256,59550,I was on the edge of my seat during #Cinema!,0.0,neutral,5550,9.319742741515675
POST_01975,user_4833,2026-08-01 10:01:11.189091,Instagram,What a thrilling finish to the #Finals! Unbelievable! 🏆🔥 https://example.com/link,#ChampionshipGame,1772,543,145,46762,What a thrilling finish to the #Finals! Unbelievable!,0.6688,positive,2460,5.260569253469623
POST_01976,user_2202,2026-07-24 00:27:11.189091,Instagram,The visual effects in #MovieRelease blew my mind. 10/10.,"#MovieRelease,#Cinema,#Blockbuster",5868,1600,1243,93746,The visual effects in #MovieRelease blew my mind. 10/10.,0.0,neutral,8711,9.29203067831504
POST_01977,user_3568,2026-07-19 14:05:11.189091,Twitter,The visual effects in #Blockbuster blew my mind. 10/10.,"#MovieRelease,#Cinema",421,77,124,3786,The visual effects in #Blockbuster blew my mind. 10/10.,0.5994,positive,622,16.424610509638235
POST_01978,user_351,2026-07-14 18:38:11.189091,Instagram,Terrible refereeing ruined the #ChampionshipGame. Absolutely rigged. 🗑️,"#SportsEvent,#ChampionshipGame",1067,384,84,29922,Terrible refereeing ruined the #ChampionshipGame. Absolutely rigged.,-0.8399,negative,1535,5.129833238645857
POST_01979,user_2583,2026-08-06 21:30:11.189091,Reddit,Extremely disappointed with the #GadgetReview phone. Overheating issues are terrible. 😡,"#Smartphone2024,#GadgetReview",3736,977,958,77806,Extremely disappointed with the #GadgetReview phone. Overheating issues are terrible.,-0.7574,negative,5671,7.288547302941895
POST_01980,user_3986,2026-07-14 02:48:11.189091,Instagram,What a waste of time. #Cinema was completely boring. 🥱,"#MovieRelease,#Cinema",1342,418,360,69875,What a waste of time. #Cinema was completely boring.,-0.659,negative,2120,3.0339458469288454
POST_01981,user_1763,2026-07-25 01:01:11.189091,Instagram,Worst performance by my team in the #SportsEvent. Embarrassing.,#ChampionshipGame,710,246,114,10546,Worst performance by my team in the #SportsEvent. Embarrassing.,-0.7717,negative,1070,10.145064947378401
POST_01982,user_4894,2026-08-07 13:03:11.189091,Reddit,Can't believe we lost the #Finals. So heartbroken right now.,"#ChampionshipGame,#SportsEvent",6023,1769,1420,78133,Can't believe we lost the #Finals. So heartbroken right now.,-0.6735,negative,9212,11.790001791793586
POST_01983,user_3994,2026-08-10 00:22:11.189091,Twitter,Can't believe we lost the #ChampionshipGame. So heartbroken right now. @user_3994 ,"#ChampionshipGame,#SportsEvent",6849,1863,1349,91989,Can't believe we lost the #ChampionshipGame. So heartbroken right now.,-0.6735,negative,10061,10.937058375910425
POST_01984,user_600,2026-08-02 10:00:11.189091,Reddit,"Tickets for #Blockbuster were expensive, hope it's worth it.",#MovieRelease,1849,421,446,63258,"Tickets for #Blockbuster were expensive, hope it's worth it.",0.8271,positive,2716,4.293460219099258
POST_01985,user_743,2026-08-06 10:42:11.189091,Reddit,"Wow, the screen on the #GadgetReview is stunning.","#TechLaunch,#GadgetReview,#Smartphone2024",443,157,87,10728,"Wow, the screen on the #GadgetReview is stunning.",0.7506,positive,687,6.403206263398266
POST_01986,user_4606,2026-07-26 02:04:11.189091,Reddit,Anyone getting the new #Smartphone2024? I can't decide. @user_4606 ,"#TechLaunch,#GadgetReview,#Smartphone2024",4593,1124,514,97599,Anyone getting the new #Smartphone2024? I can't decide.,0.0,neutral,6231,6.38422131147541
POST_01987,user_3658,2026-07-21 23:50:11.189091,Instagram,Will wait for the reviews before buying the #TechLaunch device. https://example.com/link,#GadgetReview,642,247,164,20216,Will wait for the reviews before buying the #TechLaunch device.,0.0,neutral,1053,5.20848790621754
POST_01988,user_3506,2026-08-08 04:08:11.189091,Instagram,Just saw the specs for the #Smartphone2024 phone. They seem okay.,"#GadgetReview,#TechLaunch",355,82,80,25413,Just saw the specs for the #Smartphone2024 phone. They seem okay.,0.2263,positive,517,2.034311796647517
POST_01989,user_185,2026-07-27 09:45:11.189091,Instagram,The plot in #Cinema made no sense. Avoid at all costs.,"#Cinema,#Blockbuster",3601,697,973,52668,The plot in #Cinema made no sense. Avoid at all costs.,-0.0803,negative,5271,10.00778446524521
POST_01990,user_927,2026-07-17 16:22:11.189091,Twitter,Worst ending ever. #MovieRelease completely ruined the franchise.,"#MovieRelease,#Cinema",117,40,30,23079,Worst ending ever. #MovieRelease completely ruined the franchise.,-0.8173,negative,187,0.8102253032928943
POST_01991,user_747,2026-07-22 23:08:11.189091,Twitter,Going to see #MovieRelease tonight. Hope it's good. https://example.com/link,"#MovieRelease,#Cinema",389,110,43,67886,Going to see #MovieRelease tonight. Hope it's good.,0.7003,positive,542,0.7983855524621797
POST_01992,user_871,2026-07-27 13:26:11.189091,Twitter,Can't stop thinking about that game winning play at the #ChampionshipGame!,#SportsEvent,2440,713,649,25447,Can't stop thinking about that game winning play at the #ChampionshipGame!,0.7894,positive,3802,14.940270355234203
POST_01993,user_1059,2026-07-26 00:24:11.189091,Twitter,Worst ending ever. #MovieRelease completely ruined the franchise.,"#MovieRelease,#Cinema",1993,340,313,42450,Worst ending ever. #MovieRelease completely ruined the franchise.,-0.8173,negative,2646,6.233068714517915
POST_01994,user_4918,2026-08-09 11:05:11.189091,Reddit,What a thrilling finish to the #Finals! Unbelievable! 🏆🔥,#SportsEvent,1826,676,439,62752,What a thrilling finish to the #Finals! Unbelievable!,0.6688,positive,2941,4.68662852771979
POST_01995,user_837,2026-08-10 19:41:11.189091,Twitter,Getting snacks ready for the #SportsEvent.,#ChampionshipGame,571,204,153,15447,Getting snacks ready for the #SportsEvent.,0.3612,positive,928,6.007250129466598
POST_01996,user_1560,2026-07-13 22:30:11.189091,Reddit,Terrible refereeing ruined the #ChampionshipGame. Absolutely rigged. 🗑️,"#SportsEvent,#ChampionshipGame,#Finals",1174,162,225,22387,Terrible refereeing ruined the #ChampionshipGame. Absolutely rigged.,-0.8399,negative,1561,6.972485259960694
POST_01997,user_4904,2026-07-11 18:39:11.189091,Twitter,Going to see #Blockbuster tonight. Hope it's good.,"#Blockbuster,#MovieRelease",1124,209,242,86004,Going to see #Blockbuster tonight. Hope it's good.,0.8658,positive,1575,1.8312888785535726
POST_01998,user_4925,2026-07-26 02:34:11.189091,Instagram,Anyone getting the new #Smartphone2024? I can't decide.,#GadgetReview,2326,492,429,63394,Anyone getting the new #Smartphone2024? I can't decide.,0.0,neutral,3247,5.121855035886111
POST_01999,user_4412,2026-07-27 22:16:11.189091,Twitter,Comparing the #TechLaunch with other models.,#Smartphone2024,128,16,30,2620,Comparing the #TechLaunch with other models.,0.0,neutral,174,6.63868752384586
